
  .   ____          _            __ _ _
 /\\ / ___'_ __ _ _(_)_ __  __ _ \ \ \ \
( ( )\___ | '_ | '_| | '_ \/ _` | \ \ \ \
 \\/  ___)| |_)| | | | | || (_| |  ) ) ) )
  '  |____| .__|_| |_|_| |_\__, | / / / /
 =========|_|==============|___/=/_/_/_/
 :: Spring Boot ::                (v3.2.5)

2026-09-04T20:16:40.769+06:30  INFO 6668 --- [           main] com.unicconnect.UniConnectApplication    : Starting UniConnectApplication using Java 21.0.11 with PID 6668 (D:\UniConnect\UniConnectServer-V2\UniConnectServer\target\classes started by Khaing Zin Phyo in D:\UniConnect\UniConnectServer-V2\UniConnectServer)
2026-09-04T20:16:40.769+06:30 DEBUG 6668 --- [           main] com.unicconnect.UniConnectApplication    : Running with Spring Boot v3.2.5, Spring v6.1.6
2026-09-04T20:16:40.769+06:30  INFO 6668 --- [           main] com.unicconnect.UniConnectApplication    : The following 1 profile is active: "dev"
2026-09-04T20:16:42.119+06:30  INFO 6668 --- [           main] .s.d.r.c.RepositoryConfigurationDelegate : Bootstrapping Spring Data JPA repositories in DEFAULT mode.
2026-09-04T20:16:42.322+06:30  INFO 6668 --- [           main] .s.d.r.c.RepositoryConfigurationDelegate : Finished Spring Data repository scanning in 195 ms. Found 27 JPA repository interfaces.
2026-09-04T20:16:43.151+06:30  INFO 6668 --- [           main] o.s.b.w.embedded.tomcat.TomcatWebServer  : Tomcat initialized with port 8080 (http)
2026-09-04T20:16:43.172+06:30  INFO 6668 --- [           main] o.apache.catalina.core.StandardService   : Starting service [Tomcat]
2026-09-04T20:16:43.172+06:30  INFO 6668 --- [           main] o.apache.catalina.core.StandardEngine    : Starting Servlet engine: [Apache Tomcat/10.1.20]
2026-09-04T20:16:43.269+06:30  INFO 6668 --- [           main] o.a.c.c.C.[Tomcat].[localhost].[/]       : Initializing Spring embedded WebApplicationContext
2026-09-04T20:16:43.269+06:30  INFO 6668 --- [           main] w.s.c.ServletWebServerApplicationContext : Root WebApplicationContext: initialization completed in 2437 ms
2026-09-04T20:16:43.369+06:30 DEBUG 6668 --- [           main] c.u.security.JwtAuthenticationFilter     : Filter 'jwtAuthenticationFilter' configured for use
2026-09-04T20:16:43.525+06:30  INFO 6668 --- [           main] o.hibernate.jpa.internal.util.LogHelper  : HHH000204: Processing PersistenceUnitInfo [name: default]
2026-09-04T20:16:43.619+06:30  INFO 6668 --- [           main] org.hibernate.Version                    : HHH000412: Hibernate ORM core version 6.4.4.Final
2026-09-04T20:16:43.662+06:30  INFO 6668 --- [           main] o.h.c.internal.RegionFactoryInitiator    : HHH000026: Second-level cache disabled
2026-09-04T20:16:43.980+06:30  INFO 6668 --- [           main] o.s.o.j.p.SpringPersistenceUnitInfo      : No LoadTimeWeaver setup: ignoring JPA class transformer
2026-09-04T20:16:44.029+06:30  INFO 6668 --- [           main] com.zaxxer.hikari.HikariDataSource       : HikariPool-1 - Starting...
2026-09-04T20:16:44.051+06:30  INFO 6668 --- [           main] com.zaxxer.hikari.HikariDataSource       : HikariPool-1 - Start completed.
2026-09-04T20:16:46.109+06:30  WARN 6668 --- [           main] org.hibernate.orm.deprecation            : HHH90000025: PostgreSQLDialect does not need to be specified explicitly using 'hibernate.dialect' (remove the property setting and it will be selected by default)
2026-09-04T20:16:48.064+06:30  INFO 6668 --- [           main] o.h.e.t.j.p.i.JtaPlatformInitiator       : HHH000489: No JTA platform available (set 'hibernate.transaction.jta.platform' to enable JTA platform integration)
2026-09-04T20:16:48.989+06:30  INFO 6668 --- [           main] j.LocalContainerEntityManagerFactoryBean : Initialized JPA EntityManagerFactory for persistence unit 'default'
2026-09-04T20:16:49.633+06:30  INFO 6668 --- [           main] o.s.d.j.r.query.QueryEnhancerFactory     : Hibernate is in classpath; If applicable, HQL parser will be used.
2026-09-04T20:16:51.821+06:30  INFO 6668 --- [           main] com.unicconnect.service.StorageService   : StorageService active mode: local
2026-09-04T20:16:52.732+06:30  INFO 6668 --- [           main] o.s.s.web.DefaultSecurityFilterChain     : Will secure any request with [org.springframework.security.web.session.DisableEncodeUrlFilter@5680639f, org.springframework.security.web.context.request.async.WebAsyncManagerIntegrationFilter@1e35c3ff, org.springframework.security.web.context.SecurityContextHolderFilter@5ac4f417, org.springframework.security.web.header.HeaderWriterFilter@6e526c5c, org.springframework.web.filter.CorsFilter@3f7665c5, org.springframework.security.web.authentication.logout.LogoutFilter@135a2de7, com.unicconnect.security.JwtAuthenticationFilter@f238e4f, org.springframework.security.web.savedrequest.RequestCacheAwareFilter@26b6c4de, org.springframework.security.web.servletapi.SecurityContextHolderAwareRequestFilter@57cd757a, org.springframework.security.web.authentication.AnonymousAuthenticationFilter@193c3354, org.springframework.security.web.session.SessionManagementFilter@1dde2d1, org.springframework.security.web.access.ExceptionTranslationFilter@5281b134, org.springframework.security.web.access.intercept.AuthorizationFilter@7f06ef67]
2026-09-04T20:16:53.166+06:30  INFO 6668 --- [           main] o.s.b.w.embedded.tomcat.TomcatWebServer  : Tomcat started on port 8080 (http) with context path ''
2026-09-04T20:16:53.172+06:30  INFO 6668 --- [           main] com.unicconnect.UniConnectApplication    : Started UniConnectApplication in 13.063 seconds (process running for 13.621)
2026-09-04T20:16:53.185+06:30  INFO 6668 --- [           main] c.unicconnect.config.DevDataInitializer  : === Dev profile active: seeding development data ===
2026-09-04T20:16:54.153+06:30  INFO 6668 --- [           main] c.unicconnect.config.DevDataInitializer  : Organizational units seeded
2026-09-04T20:16:54.388+06:30  INFO 6668 --- [           main] c.unicconnect.config.DevDataInitializer  : Semesters seeded (1-8)
2026-09-04T20:16:55.145+06:30  INFO 6668 --- [           main] c.unicconnect.config.DevDataInitializer  : Sections seeded (A, B, C, CT)
2026-09-04T20:16:55.874+06:30  INFO 6668 --- [           main] c.unicconnect.config.DevDataInitializer  : Majors seeded (CS, CT, CST)
2026-09-04T20:16:56.026+06:30  INFO 6668 --- [           main] c.unicconnect.config.DevDataInitializer  : Active academic term already exists
2026-09-04T20:16:57.413+06:30  INFO 6668 --- [           main] c.unicconnect.config.DevDataInitializer  : Positions seeded
2026-09-04T20:16:57.829+06:30  INFO 6668 --- [           main] c.unicconnect.config.DevDataInitializer  : System admin already exists: nyiminyan0099@gmail.com
2026-09-04T20:17:07.794+06:30  INFO 6668 --- [           main] c.unicconnect.config.DevDataInitializer  : Staff seeded (30 total: 20 lecturers, 3 student affairs, 3 finance, 3 administration, 1 admin)
2026-09-04T20:17:08.704+06:30  INFO 6668 --- [           main] c.unicconnect.config.DevDataInitializer  : Students already present (245), skipping student seed
2026-09-04T20:17:08.704+06:30  INFO 6668 --- [           main] c.unicconnect.config.DevDataInitializer  : === Dev data seeding complete (attempt 1) ===
2026-09-04T20:17:09.218+06:30  INFO 6668 --- [           main] com.unicconnect.config.DataInitializer   : Roles seeded successfully
2026-09-04T20:17:10.704+06:30  INFO 6668 --- [           main] com.unicconnect.config.DataInitializer   : Positions seeded successfully
2026-09-04T20:32:35.918+06:30  INFO 6668 --- [nio-8080-exec-1] o.a.c.c.C.[Tomcat].[localhost].[/]       : Initializing Spring DispatcherServlet 'dispatcherServlet'
2026-09-04T20:32:35.922+06:30  INFO 6668 --- [nio-8080-exec-1] o.s.web.servlet.DispatcherServlet        : Initializing Servlet 'dispatcherServlet'
2026-09-04T20:32:35.991+06:30  INFO 6668 --- [nio-8080-exec-1] o.s.web.servlet.DispatcherServlet        : Completed initialization in 67 ms
2026-09-04T20:32:36.080+06:30 DEBUG 6668 --- [nio-8080-exec-1] o.s.security.web.FilterChainProxy        : Securing POST /api/auth/login
2026-09-04T20:32:36.123+06:30 DEBUG 6668 --- [nio-8080-exec-1] o.s.s.w.a.AnonymousAuthenticationFilter  : Set SecurityContextHolder to anonymous SecurityContext
2026-09-04T20:32:36.130+06:30 DEBUG 6668 --- [nio-8080-exec-1] o.s.security.web.FilterChainProxy        : Secured POST /api/auth/login
2026-09-04T20:32:38.471+06:30 DEBUG 6668 --- [nio-8080-exec-2] o.s.security.web.FilterChainProxy        : Securing GET /api/staff/me
2026-09-04T20:32:38.546+06:30 DEBUG 6668 --- [nio-8080-exec-2] o.s.security.web.FilterChainProxy        : Secured GET /api/staff/me
2026-09-04T20:32:42.122+06:30 DEBUG 6668 --- [nio-8080-exec-3] o.s.security.web.FilterChainProxy        : Securing GET /api/students
2026-09-04T20:32:42.123+06:30 DEBUG 6668 --- [nio-8080-exec-4] o.s.security.web.FilterChainProxy        : Securing GET /api/staff
2026-09-04T20:32:42.127+06:30 DEBUG 6668 --- [nio-8080-exec-5] o.s.security.web.FilterChainProxy        : Securing GET /api/users
2026-09-04T20:32:42.128+06:30 DEBUG 6668 --- [nio-8080-exec-4] o.s.security.web.FilterChainProxy        : Secured GET /api/staff
2026-09-04T20:32:42.128+06:30 DEBUG 6668 --- [nio-8080-exec-3] o.s.security.web.FilterChainProxy        : Secured GET /api/students
2026-09-04T20:32:42.134+06:30 DEBUG 6668 --- [nio-8080-exec-5] o.s.security.web.FilterChainProxy        : Secured GET /api/users
2026-09-04T20:32:45.102+06:30 DEBUG 6668 --- [nio-8080-exec-6] o.s.security.web.FilterChainProxy        : Securing GET /api/staff/me
2026-09-04T20:32:45.103+06:30 DEBUG 6668 --- [nio-8080-exec-7] o.s.security.web.FilterChainProxy        : Securing GET /api/terms
2026-09-04T20:32:45.108+06:30 DEBUG 6668 --- [nio-8080-exec-6] o.s.security.web.FilterChainProxy        : Secured GET /api/staff/me
2026-09-04T20:32:45.109+06:30 DEBUG 6668 --- [nio-8080-exec-7] o.s.security.web.FilterChainProxy        : Secured GET /api/terms
2026-09-04T20:32:45.750+06:30 DEBUG 6668 --- [nio-8080-exec-8] o.s.security.web.FilterChainProxy        : Securing GET /api/terms
2026-09-04T20:32:45.754+06:30 DEBUG 6668 --- [nio-8080-exec-8] o.s.security.web.FilterChainProxy        : Secured GET /api/terms
2026-09-04T20:32:46.019+06:30 DEBUG 6668 --- [nio-8080-exec-9] o.s.security.web.FilterChainProxy        : Securing GET /api/staff/me
2026-09-04T20:32:46.025+06:30 DEBUG 6668 --- [nio-8080-exec-9] o.s.security.web.FilterChainProxy        : Secured GET /api/staff/me
2026-09-04T20:32:46.047+06:30 DEBUG 6668 --- [io-8080-exec-10] o.s.security.web.FilterChainProxy        : Securing GET /api/generations
2026-09-04T20:32:46.052+06:30 DEBUG 6668 --- [io-8080-exec-10] o.s.security.web.FilterChainProxy        : Secured GET /api/generations
2026-09-04T20:32:46.070+06:30 DEBUG 6668 --- [nio-8080-exec-1] o.s.security.web.FilterChainProxy        : Securing GET /api/timetable-lobbies
2026-09-04T20:32:46.079+06:30 DEBUG 6668 --- [nio-8080-exec-1] o.s.security.web.FilterChainProxy        : Secured GET /api/timetable-lobbies
2026-09-04T20:32:46.107+06:30 DEBUG 6668 --- [nio-8080-exec-2] o.s.security.web.FilterChainProxy        : Securing GET /api/generations/manage?termId=efc68a91-5818-41aa-b4fb-893e240ea0ed
2026-09-04T20:32:46.111+06:30 DEBUG 6668 --- [nio-8080-exec-2] o.s.security.web.FilterChainProxy        : Secured GET /api/generations/manage?termId=efc68a91-5818-41aa-b4fb-893e240ea0ed
2026-09-04T20:32:46.705+06:30 DEBUG 6668 --- [nio-8080-exec-5] o.s.security.web.FilterChainProxy        : Securing GET /api/generations
2026-09-04T20:32:46.709+06:30 DEBUG 6668 --- [nio-8080-exec-5] o.s.security.web.FilterChainProxy        : Secured GET /api/generations
2026-09-04T20:32:47.080+06:30 DEBUG 6668 --- [nio-8080-exec-3] o.s.security.web.FilterChainProxy        : Securing GET /api/generations/a168b2ac-a104-413d-96eb-901ea2a9c4f0
2026-09-04T20:32:47.088+06:30 DEBUG 6668 --- [nio-8080-exec-3] o.s.security.web.FilterChainProxy        : Secured GET /api/generations/a168b2ac-a104-413d-96eb-901ea2a9c4f0
2026-09-04T20:32:47.113+06:30 DEBUG 6668 --- [nio-8080-exec-4] o.s.security.web.FilterChainProxy        : Securing GET /api/time-slots
2026-09-04T20:32:47.115+06:30 DEBUG 6668 --- [nio-8080-exec-7] o.s.security.web.FilterChainProxy        : Securing GET /api/generations/manage?termId=efc68a91-5818-41aa-b4fb-893e240ea0ed
2026-09-04T20:32:47.117+06:30 DEBUG 6668 --- [nio-8080-exec-4] o.s.security.web.FilterChainProxy        : Secured GET /api/time-slots
2026-09-04T20:32:47.119+06:30 DEBUG 6668 --- [nio-8080-exec-7] o.s.security.web.FilterChainProxy        : Secured GET /api/generations/manage?termId=efc68a91-5818-41aa-b4fb-893e240ea0ed
2026-09-04T20:32:49.257+06:30 DEBUG 6668 --- [nio-8080-exec-8] o.s.security.web.FilterChainProxy        : Securing GET /api/exam-types
2026-09-04T20:32:49.259+06:30 DEBUG 6668 --- [nio-8080-exec-6] o.s.security.web.FilterChainProxy        : Securing GET /api/generations/a168b2ac-a104-413d-96eb-901ea2a9c4f0
2026-09-04T20:32:49.262+06:30 DEBUG 6668 --- [nio-8080-exec-8] o.s.security.web.FilterChainProxy        : Secured GET /api/exam-types
2026-09-04T20:32:49.262+06:30 DEBUG 6668 --- [nio-8080-exec-6] o.s.security.web.FilterChainProxy        : Secured GET /api/generations/a168b2ac-a104-413d-96eb-901ea2a9c4f0
2026-09-04T20:32:50.193+06:30 DEBUG 6668 --- [nio-8080-exec-9] o.s.security.web.FilterChainProxy        : Securing GET /api/time-slots
2026-09-04T20:32:50.196+06:30 DEBUG 6668 --- [nio-8080-exec-9] o.s.security.web.FilterChainProxy        : Secured GET /api/time-slots
2026-09-04T20:32:53.031+06:30 DEBUG 6668 --- [io-8080-exec-10] o.s.security.web.FilterChainProxy        : Securing GET /api/exam-types
2026-09-04T20:32:53.035+06:30 DEBUG 6668 --- [io-8080-exec-10] o.s.security.web.FilterChainProxy        : Secured GET /api/exam-types
2026-09-04T20:32:57.806+06:30 DEBUG 6668 --- [nio-8080-exec-2] o.s.security.web.FilterChainProxy        : Securing GET /api/timetable-lobbies
2026-09-04T20:32:57.806+06:30 DEBUG 6668 --- [nio-8080-exec-2] o.s.security.web.FilterChainProxy        : Secured GET /api/timetable-lobbies
2026-09-04T20:33:07.575+06:30 DEBUG 6668 --- [nio-8080-exec-5] o.s.security.web.FilterChainProxy        : Securing GET /api/timetable-lobbies
2026-09-04T20:33:07.580+06:30 DEBUG 6668 --- [nio-8080-exec-5] o.s.security.web.FilterChainProxy        : Secured GET /api/timetable-lobbies
2026-09-04T20:33:12.931+06:30 DEBUG 6668 --- [nio-8080-exec-3] o.s.security.web.FilterChainProxy        : Securing GET /api/timetable-lobbies
2026-09-04T20:33:12.978+06:30 DEBUG 6668 --- [nio-8080-exec-3] o.s.security.web.FilterChainProxy        : Secured GET /api/timetable-lobbies
2026-09-04T20:33:13.037+06:30 DEBUG 6668 --- [nio-8080-exec-4] o.s.security.web.FilterChainProxy        : Securing GET /api/timetable-lobbies
2026-09-04T20:33:13.040+06:30 DEBUG 6668 --- [nio-8080-exec-4] o.s.security.web.FilterChainProxy        : Secured GET /api/timetable-lobbies
2026-09-04T20:33:16.818+06:30 DEBUG 6668 --- [nio-8080-exec-6] o.s.security.web.FilterChainProxy        : Securing GET /api/generations/manage?termId=efc68a91-5818-41aa-b4fb-893e240ea0ed
2026-09-04T20:33:16.819+06:30 DEBUG 6668 --- [nio-8080-exec-9] o.s.security.web.FilterChainProxy        : Securing GET /api/generations/scope?termId=efc68a91-5818-41aa-b4fb-893e240ea0ed&examTypeId=4f885c79-0eb3-a8b3-d35d-dee741a88907
2026-09-04T20:33:16.819+06:30 DEBUG 6668 --- [nio-8080-exec-8] o.s.security.web.FilterChainProxy        : Securing GET /api/timetable-lobbies
2026-09-04T20:33:16.821+06:30 DEBUG 6668 --- [nio-8080-exec-6] o.s.security.web.FilterChainProxy        : Secured GET /api/generations/manage?termId=efc68a91-5818-41aa-b4fb-893e240ea0ed
2026-09-04T20:33:16.821+06:30 DEBUG 6668 --- [nio-8080-exec-8] o.s.security.web.FilterChainProxy        : Secured GET /api/timetable-lobbies
2026-09-04T20:33:16.821+06:30 DEBUG 6668 --- [nio-8080-exec-9] o.s.security.web.FilterChainProxy        : Secured GET /api/generations/scope?termId=efc68a91-5818-41aa-b4fb-893e240ea0ed&examTypeId=4f885c79-0eb3-a8b3-d35d-dee741a88907
2026-09-04T20:33:16.841+06:30 DEBUG 6668 --- [io-8080-exec-10] o.s.security.web.FilterChainProxy        : Securing GET /api/generations/a168b2ac-a104-413d-96eb-901ea2a9c4f0/schedules
2026-09-04T20:33:16.843+06:30 DEBUG 6668 --- [io-8080-exec-10] o.s.security.web.FilterChainProxy        : Secured GET /api/generations/a168b2ac-a104-413d-96eb-901ea2a9c4f0/schedules
2026-09-04T20:33:18.501+06:30 DEBUG 6668 --- [nio-8080-exec-7] o.s.security.web.FilterChainProxy        : Securing GET /api/timetable-lobbies
2026-09-04T20:33:18.505+06:30 DEBUG 6668 --- [nio-8080-exec-7] o.s.security.web.FilterChainProxy        : Secured GET /api/timetable-lobbies
2026-09-04T20:33:20.009+06:30 DEBUG 6668 --- [nio-8080-exec-1] o.s.security.web.FilterChainProxy        : Securing GET /api/generations/manage?termId=efc68a91-5818-41aa-b4fb-893e240ea0ed
2026-09-04T20:33:20.017+06:30 DEBUG 6668 --- [nio-8080-exec-1] o.s.security.web.FilterChainProxy        : Secured GET /api/generations/manage?termId=efc68a91-5818-41aa-b4fb-893e240ea0ed
2026-09-04T20:33:20.020+06:30 DEBUG 6668 --- [nio-8080-exec-2] o.s.security.web.FilterChainProxy        : Securing GET /api/generations/scope?termId=efc68a91-5818-41aa-b4fb-893e240ea0ed&examTypeId=4f885c79-0eb3-a8b3-d35d-dee741a88907
2026-09-04T20:33:20.023+06:30 DEBUG 6668 --- [nio-8080-exec-2] o.s.security.web.FilterChainProxy        : Secured GET /api/generations/scope?termId=efc68a91-5818-41aa-b4fb-893e240ea0ed&examTypeId=4f885c79-0eb3-a8b3-d35d-dee741a88907
2026-09-04T20:33:20.600+06:30 DEBUG 6668 --- [nio-8080-exec-5] o.s.security.web.FilterChainProxy        : Securing GET /api/timetable-lobbies
2026-09-04T20:33:20.603+06:30 DEBUG 6668 --- [nio-8080-exec-5] o.s.security.web.FilterChainProxy        : Secured GET /api/timetable-lobbies
2026-09-04T20:33:27.313+06:30 DEBUG 6668 --- [nio-8080-exec-9] o.s.security.web.FilterChainProxy        : Securing GET /api/timetable-lobbies
2026-09-04T20:33:27.316+06:30 DEBUG 6668 --- [nio-8080-exec-9] o.s.security.web.FilterChainProxy        : Secured GET /api/timetable-lobbies
2026-09-04T20:33:27.436+06:30 DEBUG 6668 --- [nio-8080-exec-6] o.s.security.web.FilterChainProxy        : Securing GET /api/generations/a168b2ac-a104-413d-96eb-901ea2a9c4f0/schedules
2026-09-04T20:33:27.440+06:30 DEBUG 6668 --- [nio-8080-exec-6] o.s.security.web.FilterChainProxy        : Secured GET /api/generations/a168b2ac-a104-413d-96eb-901ea2a9c4f0/schedules
2026-09-04T20:33:27.799+06:30 DEBUG 6668 --- [nio-8080-exec-4] o.s.security.web.FilterChainProxy        : Securing GET /api/generations/a168b2ac-a104-413d-96eb-901ea2a9c4f0/lock
2026-09-04T20:33:27.803+06:30 DEBUG 6668 --- [nio-8080-exec-4] o.s.security.web.FilterChainProxy        : Secured GET /api/generations/a168b2ac-a104-413d-96eb-901ea2a9c4f0/lock
2026-09-04T20:33:27.861+06:30 DEBUG 6668 --- [nio-8080-exec-3] o.s.security.web.FilterChainProxy        : Securing POST /api/generations/a168b2ac-a104-413d-96eb-901ea2a9c4f0/lock
2026-09-04T20:33:27.863+06:30 DEBUG 6668 --- [nio-8080-exec-3] o.s.security.web.FilterChainProxy        : Secured POST /api/generations/a168b2ac-a104-413d-96eb-901ea2a9c4f0/lock
2026-09-04T20:33:31.803+06:30 DEBUG 6668 --- [nio-8080-exec-2] o.s.security.web.FilterChainProxy        : Securing GET /api/generations/a168b2ac-a104-413d-96eb-901ea2a9c4f0/lock
2026-09-04T20:33:31.806+06:30 DEBUG 6668 --- [nio-8080-exec-2] o.s.security.web.FilterChainProxy        : Secured GET /api/generations/a168b2ac-a104-413d-96eb-901ea2a9c4f0/lock
2026-09-04T20:33:32.385+06:30 DEBUG 6668 --- [nio-8080-exec-8] o.s.security.web.FilterChainProxy        : Securing POST /api/generations/a168b2ac-a104-413d-96eb-901ea2a9c4f0/lock/heartbeat
2026-09-04T20:33:32.390+06:30 DEBUG 6668 --- [nio-8080-exec-8] o.s.security.web.FilterChainProxy        : Secured POST /api/generations/a168b2ac-a104-413d-96eb-901ea2a9c4f0/lock/heartbeat
2026-09-04T20:33:34.039+06:30 DEBUG 6668 --- [nio-8080-exec-1] o.s.security.web.FilterChainProxy        : Securing GET /api/timetable-lobbies
2026-09-04T20:33:34.046+06:30 DEBUG 6668 --- [nio-8080-exec-1] o.s.security.web.FilterChainProxy        : Secured GET /api/timetable-lobbies
2026-09-04T20:33:35.803+06:30 DEBUG 6668 --- [nio-8080-exec-7] o.s.security.web.FilterChainProxy        : Securing GET /api/generations/a168b2ac-a104-413d-96eb-901ea2a9c4f0/lock
2026-09-04T20:33:35.806+06:30 DEBUG 6668 --- [nio-8080-exec-7] o.s.security.web.FilterChainProxy        : Secured GET /api/generations/a168b2ac-a104-413d-96eb-901ea2a9c4f0/lock
2026-09-04T20:33:36.085+06:30 DEBUG 6668 --- [nio-8080-exec-5] o.s.security.web.FilterChainProxy        : Securing POST /api/generations/a168b2ac-a104-413d-96eb-901ea2a9c4f0/lock/heartbeat
2026-09-04T20:33:36.090+06:30 DEBUG 6668 --- [nio-8080-exec-5] o.s.security.web.FilterChainProxy        : Secured POST /api/generations/a168b2ac-a104-413d-96eb-901ea2a9c4f0/lock/heartbeat
2026-09-04T20:33:37.317+06:30 DEBUG 6668 --- [io-8080-exec-10] o.s.security.web.FilterChainProxy        : Securing GET /api/timetable-lobbies
2026-09-04T20:33:37.320+06:30 DEBUG 6668 --- [io-8080-exec-10] o.s.security.web.FilterChainProxy        : Secured GET /api/timetable-lobbies
2026-09-04T20:33:39.797+06:30 DEBUG 6668 --- [nio-8080-exec-4] o.s.security.web.FilterChainProxy        : Securing GET /api/generations/a168b2ac-a104-413d-96eb-901ea2a9c4f0/lock
2026-09-04T20:33:39.800+06:30 DEBUG 6668 --- [nio-8080-exec-4] o.s.security.web.FilterChainProxy        : Secured GET /api/generations/a168b2ac-a104-413d-96eb-901ea2a9c4f0/lock
2026-09-04T20:33:40.176+06:30 DEBUG 6668 --- [nio-8080-exec-3] o.s.security.web.FilterChainProxy        : Securing POST /api/generations/a168b2ac-a104-413d-96eb-901ea2a9c4f0/lock/heartbeat
2026-09-04T20:33:40.184+06:30 DEBUG 6668 --- [nio-8080-exec-3] o.s.security.web.FilterChainProxy        : Secured POST /api/generations/a168b2ac-a104-413d-96eb-901ea2a9c4f0/lock/heartbeat
2026-09-04T20:33:41.159+06:30 DEBUG 6668 --- [nio-8080-exec-2] o.s.security.web.FilterChainProxy        : Securing GET /api/timetable-lobbies
2026-09-04T20:33:41.163+06:30 DEBUG 6668 --- [nio-8080-exec-2] o.s.security.web.FilterChainProxy        : Secured GET /api/timetable-lobbies
2026-09-04T20:33:43.808+06:30 DEBUG 6668 --- [nio-8080-exec-9] o.s.security.web.FilterChainProxy        : Securing GET /api/generations/a168b2ac-a104-413d-96eb-901ea2a9c4f0/lock
2026-09-04T20:33:43.811+06:30 DEBUG 6668 --- [nio-8080-exec-9] o.s.security.web.FilterChainProxy        : Secured GET /api/generations/a168b2ac-a104-413d-96eb-901ea2a9c4f0/lock
2026-09-04T20:33:44.197+06:30 DEBUG 6668 --- [nio-8080-exec-8] o.s.security.web.FilterChainProxy        : Securing POST /api/generations/a168b2ac-a104-413d-96eb-901ea2a9c4f0/lock/heartbeat
2026-09-04T20:33:44.201+06:30 DEBUG 6668 --- [nio-8080-exec-8] o.s.security.web.FilterChainProxy        : Secured POST /api/generations/a168b2ac-a104-413d-96eb-901ea2a9c4f0/lock/heartbeat
2026-09-04T20:33:45.077+06:30 DEBUG 6668 --- [nio-8080-exec-7] o.s.security.web.FilterChainProxy        : Securing GET /api/users
2026-09-04T20:33:45.080+06:30 DEBUG 6668 --- [nio-8080-exec-7] o.s.security.web.FilterChainProxy        : Secured GET /api/users
2026-09-04T20:33:45.092+06:30 DEBUG 6668 --- [nio-8080-exec-1] o.s.security.web.FilterChainProxy        : Securing GET /api/staff
2026-09-04T20:33:45.092+06:30 DEBUG 6668 --- [nio-8080-exec-5] o.s.security.web.FilterChainProxy        : Securing GET /api/students
2026-09-04T20:33:45.094+06:30 DEBUG 6668 --- [nio-8080-exec-5] o.s.security.web.FilterChainProxy        : Secured GET /api/students
2026-09-04T20:33:45.094+06:30 DEBUG 6668 --- [nio-8080-exec-1] o.s.security.web.FilterChainProxy        : Secured GET /api/staff
2026-09-04T20:33:46.564+06:30 DEBUG 6668 --- [nio-8080-exec-6] o.s.security.web.FilterChainProxy        : Securing GET /api/timetable-lobbies
2026-09-04T20:33:46.567+06:30 DEBUG 6668 --- [nio-8080-exec-6] o.s.security.web.FilterChainProxy        : Secured GET /api/timetable-lobbies
2026-09-04T20:33:47.786+06:30 DEBUG 6668 --- [nio-8080-exec-4] o.s.security.web.FilterChainProxy        : Securing GET /api/generations/a168b2ac-a104-413d-96eb-901ea2a9c4f0/lock
2026-09-04T20:33:47.789+06:30 DEBUG 6668 --- [nio-8080-exec-4] o.s.security.web.FilterChainProxy        : Secured GET /api/generations/a168b2ac-a104-413d-96eb-901ea2a9c4f0/lock
2026-09-04T20:33:48.941+06:30 DEBUG 6668 --- [io-8080-exec-10] o.s.security.web.FilterChainProxy        : Securing POST /api/generations/a168b2ac-a104-413d-96eb-901ea2a9c4f0/lock/heartbeat
2026-09-04T20:33:48.942+06:30 DEBUG 6668 --- [io-8080-exec-10] o.s.security.web.FilterChainProxy        : Secured POST /api/generations/a168b2ac-a104-413d-96eb-901ea2a9c4f0/lock/heartbeat
2026-09-04T20:33:51.692+06:30 DEBUG 6668 --- [nio-8080-exec-3] o.s.security.web.FilterChainProxy        : Securing GET /api/timetable-lobbies
2026-09-04T20:33:51.693+06:30 DEBUG 6668 --- [nio-8080-exec-3] o.s.security.web.FilterChainProxy        : Secured GET /api/timetable-lobbies
2026-09-04T20:33:51.793+06:30 DEBUG 6668 --- [nio-8080-exec-9] o.s.security.web.FilterChainProxy        : Securing GET /api/generations/a168b2ac-a104-413d-96eb-901ea2a9c4f0/lock
2026-09-04T20:33:51.797+06:30 DEBUG 6668 --- [nio-8080-exec-9] o.s.security.web.FilterChainProxy        : Secured GET /api/generations/a168b2ac-a104-413d-96eb-901ea2a9c4f0/lock
2026-09-04T20:33:52.040+06:30 DEBUG 6668 --- [nio-8080-exec-7] o.s.security.web.FilterChainProxy        : Securing POST /api/generations/a168b2ac-a104-413d-96eb-901ea2a9c4f0/lock/heartbeat
2026-09-04T20:33:52.042+06:30 DEBUG 6668 --- [nio-8080-exec-7] o.s.security.web.FilterChainProxy        : Secured POST /api/generations/a168b2ac-a104-413d-96eb-901ea2a9c4f0/lock/heartbeat
2026-09-04T20:33:55.802+06:30 DEBUG 6668 --- [nio-8080-exec-2] o.s.security.web.FilterChainProxy        : Securing GET /api/generations/a168b2ac-a104-413d-96eb-901ea2a9c4f0/lock
2026-09-04T20:33:55.806+06:30 DEBUG 6668 --- [nio-8080-exec-2] o.s.security.web.FilterChainProxy        : Secured GET /api/generations/a168b2ac-a104-413d-96eb-901ea2a9c4f0/lock
2026-09-04T20:33:56.587+06:30 DEBUG 6668 --- [nio-8080-exec-1] o.s.security.web.FilterChainProxy        : Securing POST /api/generations/a168b2ac-a104-413d-96eb-901ea2a9c4f0/lock/heartbeat
2026-09-04T20:33:56.590+06:30 DEBUG 6668 --- [nio-8080-exec-1] o.s.security.web.FilterChainProxy        : Secured POST /api/generations/a168b2ac-a104-413d-96eb-901ea2a9c4f0/lock/heartbeat
2026-09-04T20:33:57.055+06:30 DEBUG 6668 --- [nio-8080-exec-5] o.s.security.web.FilterChainProxy        : Securing GET /api/timetable-lobbies
2026-09-04T20:33:57.075+06:30 DEBUG 6668 --- [nio-8080-exec-5] o.s.security.web.FilterChainProxy        : Secured GET /api/timetable-lobbies
2026-09-04T20:33:59.816+06:30 DEBUG 6668 --- [nio-8080-exec-8] o.s.security.web.FilterChainProxy        : Securing GET /api/generations/a168b2ac-a104-413d-96eb-901ea2a9c4f0/lock
2026-09-04T20:33:59.818+06:30 DEBUG 6668 --- [nio-8080-exec-8] o.s.security.web.FilterChainProxy        : Secured GET /api/generations/a168b2ac-a104-413d-96eb-901ea2a9c4f0/lock
2026-09-04T20:34:01.108+06:30 DEBUG 6668 --- [nio-8080-exec-4] o.s.security.web.FilterChainProxy        : Securing POST /api/generations/a168b2ac-a104-413d-96eb-901ea2a9c4f0/lock/heartbeat
2026-09-04T20:34:01.111+06:30 DEBUG 6668 --- [nio-8080-exec-4] o.s.security.web.FilterChainProxy        : Secured POST /api/generations/a168b2ac-a104-413d-96eb-901ea2a9c4f0/lock/heartbeat
2026-09-04T20:34:03.792+06:30 DEBUG 6668 --- [io-8080-exec-10] o.s.security.web.FilterChainProxy        : Securing GET /api/generations/a168b2ac-a104-413d-96eb-901ea2a9c4f0/lock
2026-09-04T20:34:03.794+06:30 DEBUG 6668 --- [io-8080-exec-10] o.s.security.web.FilterChainProxy        : Secured GET /api/generations/a168b2ac-a104-413d-96eb-901ea2a9c4f0/lock
2026-09-04T20:34:04.033+06:30 DEBUG 6668 --- [nio-8080-exec-6] o.s.security.web.FilterChainProxy        : Securing POST /api/generations/a168b2ac-a104-413d-96eb-901ea2a9c4f0/lock/heartbeat
2026-09-04T20:34:04.037+06:30 DEBUG 6668 --- [nio-8080-exec-6] o.s.security.web.FilterChainProxy        : Secured POST /api/generations/a168b2ac-a104-413d-96eb-901ea2a9c4f0/lock/heartbeat
2026-09-04T20:34:05.044+06:30 DEBUG 6668 --- [nio-8080-exec-9] o.s.security.web.FilterChainProxy        : Securing GET /api/timetable-lobbies
2026-09-04T20:34:05.046+06:30 DEBUG 6668 --- [nio-8080-exec-9] o.s.security.web.FilterChainProxy        : Secured GET /api/timetable-lobbies
2026-09-04T20:34:07.803+06:30 DEBUG 6668 --- [nio-8080-exec-7] o.s.security.web.FilterChainProxy        : Securing GET /api/generations/a168b2ac-a104-413d-96eb-901ea2a9c4f0/lock
2026-09-04T20:34:07.806+06:30 DEBUG 6668 --- [nio-8080-exec-7] o.s.security.web.FilterChainProxy        : Secured GET /api/generations/a168b2ac-a104-413d-96eb-901ea2a9c4f0/lock
2026-09-04T20:34:08.242+06:30 DEBUG 6668 --- [nio-8080-exec-3] o.s.security.web.FilterChainProxy        : Securing POST /api/generations/a168b2ac-a104-413d-96eb-901ea2a9c4f0/lock/heartbeat
2026-09-04T20:34:08.245+06:30 DEBUG 6668 --- [nio-8080-exec-3] o.s.security.web.FilterChainProxy        : Secured POST /api/generations/a168b2ac-a104-413d-96eb-901ea2a9c4f0/lock/heartbeat
2026-09-04T20:34:11.812+06:30 DEBUG 6668 --- [nio-8080-exec-2] o.s.security.web.FilterChainProxy        : Securing GET /api/generations/a168b2ac-a104-413d-96eb-901ea2a9c4f0/lock
2026-09-04T20:34:11.814+06:30 DEBUG 6668 --- [nio-8080-exec-2] o.s.security.web.FilterChainProxy        : Secured GET /api/generations/a168b2ac-a104-413d-96eb-901ea2a9c4f0/lock
2026-09-04T20:34:12.186+06:30 DEBUG 6668 --- [nio-8080-exec-1] o.s.security.web.FilterChainProxy        : Securing POST /api/generations/a168b2ac-a104-413d-96eb-901ea2a9c4f0/lock/heartbeat
2026-09-04T20:34:12.192+06:30 DEBUG 6668 --- [nio-8080-exec-1] o.s.security.web.FilterChainProxy        : Secured POST /api/generations/a168b2ac-a104-413d-96eb-901ea2a9c4f0/lock/heartbeat
2026-09-04T20:34:13.065+06:30 DEBUG 6668 --- [nio-8080-exec-8] o.s.security.web.FilterChainProxy        : Securing GET /api/timetable-lobbies
2026-09-04T20:34:13.068+06:30 DEBUG 6668 --- [nio-8080-exec-8] o.s.security.web.FilterChainProxy        : Secured GET /api/timetable-lobbies
2026-09-04T20:34:15.793+06:30 DEBUG 6668 --- [nio-8080-exec-5] o.s.security.web.FilterChainProxy        : Securing GET /api/generations/a168b2ac-a104-413d-96eb-901ea2a9c4f0/lock
2026-09-04T20:34:15.801+06:30 DEBUG 6668 --- [nio-8080-exec-5] o.s.security.web.FilterChainProxy        : Secured GET /api/generations/a168b2ac-a104-413d-96eb-901ea2a9c4f0/lock
2026-09-04T20:34:16.204+06:30 DEBUG 6668 --- [nio-8080-exec-4] o.s.security.web.FilterChainProxy        : Securing POST /api/generations/a168b2ac-a104-413d-96eb-901ea2a9c4f0/lock/heartbeat
2026-09-04T20:34:16.206+06:30 DEBUG 6668 --- [nio-8080-exec-4] o.s.security.web.FilterChainProxy        : Secured POST /api/generations/a168b2ac-a104-413d-96eb-901ea2a9c4f0/lock/heartbeat
2026-09-04T20:34:19.815+06:30 DEBUG 6668 --- [io-8080-exec-10] o.s.security.web.FilterChainProxy        : Securing GET /api/generations/a168b2ac-a104-413d-96eb-901ea2a9c4f0/lock
2026-09-04T20:34:19.818+06:30 DEBUG 6668 --- [io-8080-exec-10] o.s.security.web.FilterChainProxy        : Secured GET /api/generations/a168b2ac-a104-413d-96eb-901ea2a9c4f0/lock
2026-09-04T20:34:20.649+06:30 DEBUG 6668 --- [nio-8080-exec-6] o.s.security.web.FilterChainProxy        : Securing POST /api/generations/a168b2ac-a104-413d-96eb-901ea2a9c4f0/lock/heartbeat
2026-09-04T20:34:20.651+06:30 DEBUG 6668 --- [nio-8080-exec-6] o.s.security.web.FilterChainProxy        : Secured POST /api/generations/a168b2ac-a104-413d-96eb-901ea2a9c4f0/lock/heartbeat
2026-09-04T20:34:21.052+06:30 DEBUG 6668 --- [nio-8080-exec-7] o.s.security.web.FilterChainProxy        : Securing GET /api/timetable-lobbies
2026-09-04T20:34:21.056+06:30 DEBUG 6668 --- [nio-8080-exec-7] o.s.security.web.FilterChainProxy        : Secured GET /api/timetable-lobbies
2026-09-04T20:34:23.799+06:30 DEBUG 6668 --- [nio-8080-exec-9] o.s.security.web.FilterChainProxy        : Securing GET /api/generations/a168b2ac-a104-413d-96eb-901ea2a9c4f0/lock
2026-09-04T20:34:23.801+06:30 DEBUG 6668 --- [nio-8080-exec-9] o.s.security.web.FilterChainProxy        : Secured GET /api/generations/a168b2ac-a104-413d-96eb-901ea2a9c4f0/lock
2026-09-04T20:34:24.478+06:30 DEBUG 6668 --- [nio-8080-exec-3] o.s.security.web.FilterChainProxy        : Securing POST /api/generations/a168b2ac-a104-413d-96eb-901ea2a9c4f0/lock/heartbeat
2026-09-04T20:34:24.480+06:30 DEBUG 6668 --- [nio-8080-exec-3] o.s.security.web.FilterChainProxy        : Secured POST /api/generations/a168b2ac-a104-413d-96eb-901ea2a9c4f0/lock/heartbeat
2026-09-04T20:34:27.804+06:30 DEBUG 6668 --- [nio-8080-exec-1] o.s.security.web.FilterChainProxy        : Securing GET /api/generations/a168b2ac-a104-413d-96eb-901ea2a9c4f0/lock
2026-09-04T20:34:27.807+06:30 DEBUG 6668 --- [nio-8080-exec-1] o.s.security.web.FilterChainProxy        : Secured GET /api/generations/a168b2ac-a104-413d-96eb-901ea2a9c4f0/lock
2026-09-04T20:34:28.378+06:30 DEBUG 6668 --- [nio-8080-exec-5] o.s.security.web.FilterChainProxy        : Securing POST /api/generations/a168b2ac-a104-413d-96eb-901ea2a9c4f0/lock/heartbeat
2026-09-04T20:34:28.380+06:30 DEBUG 6668 --- [nio-8080-exec-5] o.s.security.web.FilterChainProxy        : Secured POST /api/generations/a168b2ac-a104-413d-96eb-901ea2a9c4f0/lock/heartbeat
2026-09-04T20:34:29.050+06:30 DEBUG 6668 --- [nio-8080-exec-8] o.s.security.web.FilterChainProxy        : Securing GET /api/timetable-lobbies
2026-09-04T20:34:29.052+06:30 DEBUG 6668 --- [nio-8080-exec-8] o.s.security.web.FilterChainProxy        : Secured GET /api/timetable-lobbies
2026-09-04T20:34:31.815+06:30 DEBUG 6668 --- [nio-8080-exec-4] o.s.security.web.FilterChainProxy        : Securing GET /api/generations/a168b2ac-a104-413d-96eb-901ea2a9c4f0/lock
2026-09-04T20:34:31.817+06:30 DEBUG 6668 --- [nio-8080-exec-4] o.s.security.web.FilterChainProxy        : Secured GET /api/generations/a168b2ac-a104-413d-96eb-901ea2a9c4f0/lock
2026-09-04T20:34:32.416+06:30 DEBUG 6668 --- [io-8080-exec-10] o.s.security.web.FilterChainProxy        : Securing POST /api/generations/a168b2ac-a104-413d-96eb-901ea2a9c4f0/lock/heartbeat
2026-09-04T20:34:32.419+06:30 DEBUG 6668 --- [io-8080-exec-10] o.s.security.web.FilterChainProxy        : Secured POST /api/generations/a168b2ac-a104-413d-96eb-901ea2a9c4f0/lock/heartbeat
2026-09-04T20:34:35.791+06:30 DEBUG 6668 --- [nio-8080-exec-6] o.s.security.web.FilterChainProxy        : Securing GET /api/generations/a168b2ac-a104-413d-96eb-901ea2a9c4f0/lock
2026-09-04T20:34:35.794+06:30 DEBUG 6668 --- [nio-8080-exec-6] o.s.security.web.FilterChainProxy        : Secured GET /api/generations/a168b2ac-a104-413d-96eb-901ea2a9c4f0/lock
2026-09-04T20:34:36.139+06:30 DEBUG 6668 --- [nio-8080-exec-9] o.s.security.web.FilterChainProxy        : Securing POST /api/generations/a168b2ac-a104-413d-96eb-901ea2a9c4f0/lock/heartbeat
2026-09-04T20:34:36.141+06:30 DEBUG 6668 --- [nio-8080-exec-9] o.s.security.web.FilterChainProxy        : Secured POST /api/generations/a168b2ac-a104-413d-96eb-901ea2a9c4f0/lock/heartbeat
2026-09-04T20:34:37.036+06:30 DEBUG 6668 --- [nio-8080-exec-2] o.s.security.web.FilterChainProxy        : Securing GET /api/timetable-lobbies
2026-09-04T20:34:37.038+06:30 DEBUG 6668 --- [nio-8080-exec-2] o.s.security.web.FilterChainProxy        : Secured GET /api/timetable-lobbies
2026-09-04T20:34:39.796+06:30 DEBUG 6668 --- [nio-8080-exec-7] o.s.security.web.FilterChainProxy        : Securing GET /api/generations/a168b2ac-a104-413d-96eb-901ea2a9c4f0/lock
2026-09-04T20:34:39.798+06:30 DEBUG 6668 --- [nio-8080-exec-7] o.s.security.web.FilterChainProxy        : Secured GET /api/generations/a168b2ac-a104-413d-96eb-901ea2a9c4f0/lock
2026-09-04T20:34:42.100+06:30 DEBUG 6668 --- [nio-8080-exec-3] o.s.security.web.FilterChainProxy        : Securing POST /api/generations/a168b2ac-a104-413d-96eb-901ea2a9c4f0/lock/heartbeat
2026-09-04T20:34:42.102+06:30 DEBUG 6668 --- [nio-8080-exec-3] o.s.security.web.FilterChainProxy        : Secured POST /api/generations/a168b2ac-a104-413d-96eb-901ea2a9c4f0/lock/heartbeat
2026-09-04T20:34:43.809+06:30 DEBUG 6668 --- [nio-8080-exec-1] o.s.security.web.FilterChainProxy        : Securing GET /api/generations/a168b2ac-a104-413d-96eb-901ea2a9c4f0/lock
2026-09-04T20:34:43.814+06:30 DEBUG 6668 --- [nio-8080-exec-1] o.s.security.web.FilterChainProxy        : Secured GET /api/generations/a168b2ac-a104-413d-96eb-901ea2a9c4f0/lock
2026-09-04T20:34:44.185+06:30 DEBUG 6668 --- [nio-8080-exec-5] o.s.security.web.FilterChainProxy        : Securing POST /api/generations/a168b2ac-a104-413d-96eb-901ea2a9c4f0/lock/heartbeat
2026-09-04T20:34:44.188+06:30 DEBUG 6668 --- [nio-8080-exec-5] o.s.security.web.FilterChainProxy        : Secured POST /api/generations/a168b2ac-a104-413d-96eb-901ea2a9c4f0/lock/heartbeat
2026-09-04T20:34:45.399+06:30 DEBUG 6668 --- [io-8080-exec-10] o.s.security.web.FilterChainProxy        : Securing GET /api/timetable-lobbies
2026-09-04T20:34:45.400+06:30 DEBUG 6668 --- [io-8080-exec-10] o.s.security.web.FilterChainProxy        : Secured GET /api/timetable-lobbies
2026-09-04T20:34:47.788+06:30 DEBUG 6668 --- [nio-8080-exec-6] o.s.security.web.FilterChainProxy        : Securing GET /api/generations/a168b2ac-a104-413d-96eb-901ea2a9c4f0/lock
2026-09-04T20:34:47.790+06:30 DEBUG 6668 --- [nio-8080-exec-6] o.s.security.web.FilterChainProxy        : Secured GET /api/generations/a168b2ac-a104-413d-96eb-901ea2a9c4f0/lock
2026-09-04T20:34:48.263+06:30 DEBUG 6668 --- [nio-8080-exec-7] o.s.security.web.FilterChainProxy        : Securing POST /api/generations/a168b2ac-a104-413d-96eb-901ea2a9c4f0/lock/heartbeat
2026-09-04T20:34:48.265+06:30 DEBUG 6668 --- [nio-8080-exec-7] o.s.security.web.FilterChainProxy        : Secured POST /api/generations/a168b2ac-a104-413d-96eb-901ea2a9c4f0/lock/heartbeat
2026-09-04T20:34:51.802+06:30 DEBUG 6668 --- [nio-8080-exec-9] o.s.security.web.FilterChainProxy        : Securing GET /api/generations/a168b2ac-a104-413d-96eb-901ea2a9c4f0/lock
2026-09-04T20:34:51.804+06:30 DEBUG 6668 --- [nio-8080-exec-9] o.s.security.web.FilterChainProxy        : Secured GET /api/generations/a168b2ac-a104-413d-96eb-901ea2a9c4f0/lock
2026-09-04T20:34:52.084+06:30 DEBUG 6668 --- [nio-8080-exec-1] o.s.security.web.FilterChainProxy        : Securing POST /api/generations/a168b2ac-a104-413d-96eb-901ea2a9c4f0/lock/heartbeat
2026-09-04T20:34:52.086+06:30 DEBUG 6668 --- [nio-8080-exec-1] o.s.security.web.FilterChainProxy        : Secured POST /api/generations/a168b2ac-a104-413d-96eb-901ea2a9c4f0/lock/heartbeat
2026-09-04T20:34:53.049+06:30 DEBUG 6668 --- [nio-8080-exec-4] o.s.security.web.FilterChainProxy        : Securing GET /api/timetable-lobbies
2026-09-04T20:34:53.051+06:30 DEBUG 6668 --- [nio-8080-exec-4] o.s.security.web.FilterChainProxy        : Secured GET /api/timetable-lobbies
2026-09-04T20:34:55.809+06:30 DEBUG 6668 --- [nio-8080-exec-3] o.s.security.web.FilterChainProxy        : Securing GET /api/generations/a168b2ac-a104-413d-96eb-901ea2a9c4f0/lock
2026-09-04T20:34:55.812+06:30 DEBUG 6668 --- [nio-8080-exec-3] o.s.security.web.FilterChainProxy        : Secured GET /api/generations/a168b2ac-a104-413d-96eb-901ea2a9c4f0/lock
2026-09-04T20:34:56.141+06:30 DEBUG 6668 --- [nio-8080-exec-8] o.s.security.web.FilterChainProxy        : Securing POST /api/generations/a168b2ac-a104-413d-96eb-901ea2a9c4f0/lock/heartbeat
2026-09-04T20:34:56.142+06:30 DEBUG 6668 --- [nio-8080-exec-8] o.s.security.web.FilterChainProxy        : Secured POST /api/generations/a168b2ac-a104-413d-96eb-901ea2a9c4f0/lock/heartbeat
2026-09-04T20:34:59.815+06:30 DEBUG 6668 --- [nio-8080-exec-2] o.s.security.web.FilterChainProxy        : Securing GET /api/generations/a168b2ac-a104-413d-96eb-901ea2a9c4f0/lock
2026-09-04T20:34:59.816+06:30 DEBUG 6668 --- [nio-8080-exec-2] o.s.security.web.FilterChainProxy        : Secured GET /api/generations/a168b2ac-a104-413d-96eb-901ea2a9c4f0/lock
2026-09-04T20:35:00.083+06:30 DEBUG 6668 --- [nio-8080-exec-5] o.s.security.web.FilterChainProxy        : Securing GET /api/users
2026-09-04T20:35:00.083+06:30 DEBUG 6668 --- [nio-8080-exec-6] o.s.security.web.FilterChainProxy        : Securing GET /api/students
2026-09-04T20:35:00.085+06:30 DEBUG 6668 --- [nio-8080-exec-5] o.s.security.web.FilterChainProxy        : Secured GET /api/users
2026-09-04T20:35:00.087+06:30 DEBUG 6668 --- [nio-8080-exec-6] o.s.security.web.FilterChainProxy        : Secured GET /api/students
2026-09-04T20:35:00.087+06:30 DEBUG 6668 --- [nio-8080-exec-7] o.s.security.web.FilterChainProxy        : Securing GET /api/staff
2026-09-04T20:35:00.089+06:30 DEBUG 6668 --- [nio-8080-exec-7] o.s.security.web.FilterChainProxy        : Secured GET /api/staff
2026-09-04T20:35:00.526+06:30 DEBUG 6668 --- [io-8080-exec-10] o.s.security.web.FilterChainProxy        : Securing POST /api/generations/a168b2ac-a104-413d-96eb-901ea2a9c4f0/lock/heartbeat
2026-09-04T20:35:00.528+06:30 DEBUG 6668 --- [io-8080-exec-10] o.s.security.web.FilterChainProxy        : Secured POST /api/generations/a168b2ac-a104-413d-96eb-901ea2a9c4f0/lock/heartbeat
2026-09-04T20:35:01.042+06:30 DEBUG 6668 --- [nio-8080-exec-9] o.s.security.web.FilterChainProxy        : Securing GET /api/timetable-lobbies
2026-09-04T20:35:01.045+06:30 DEBUG 6668 --- [nio-8080-exec-9] o.s.security.web.FilterChainProxy        : Secured GET /api/timetable-lobbies
2026-09-04T20:35:03.785+06:30 DEBUG 6668 --- [nio-8080-exec-1] o.s.security.web.FilterChainProxy        : Securing GET /api/generations/a168b2ac-a104-413d-96eb-901ea2a9c4f0/lock
2026-09-04T20:35:03.788+06:30 DEBUG 6668 --- [nio-8080-exec-1] o.s.security.web.FilterChainProxy        : Secured GET /api/generations/a168b2ac-a104-413d-96eb-901ea2a9c4f0/lock
2026-09-04T20:35:04.537+06:30 DEBUG 6668 --- [nio-8080-exec-3] o.s.security.web.FilterChainProxy        : Securing POST /api/generations/a168b2ac-a104-413d-96eb-901ea2a9c4f0/lock/heartbeat
2026-09-04T20:35:04.543+06:30 DEBUG 6668 --- [nio-8080-exec-3] o.s.security.web.FilterChainProxy        : Secured POST /api/generations/a168b2ac-a104-413d-96eb-901ea2a9c4f0/lock/heartbeat
2026-09-04T20:35:07.818+06:30 DEBUG 6668 --- [nio-8080-exec-4] o.s.security.web.FilterChainProxy        : Securing GET /api/generations/a168b2ac-a104-413d-96eb-901ea2a9c4f0/lock
2026-09-04T20:35:07.821+06:30 DEBUG 6668 --- [nio-8080-exec-4] o.s.security.web.FilterChainProxy        : Secured GET /api/generations/a168b2ac-a104-413d-96eb-901ea2a9c4f0/lock
2026-09-04T20:35:08.435+06:30 DEBUG 6668 --- [nio-8080-exec-8] o.s.security.web.FilterChainProxy        : Securing POST /api/generations/a168b2ac-a104-413d-96eb-901ea2a9c4f0/lock/heartbeat
2026-09-04T20:35:08.440+06:30 DEBUG 6668 --- [nio-8080-exec-8] o.s.security.web.FilterChainProxy        : Secured POST /api/generations/a168b2ac-a104-413d-96eb-901ea2a9c4f0/lock/heartbeat
2026-09-04T20:35:09.041+06:30 DEBUG 6668 --- [nio-8080-exec-2] o.s.security.web.FilterChainProxy        : Securing GET /api/timetable-lobbies
2026-09-04T20:35:09.042+06:30 DEBUG 6668 --- [nio-8080-exec-2] o.s.security.web.FilterChainProxy        : Secured GET /api/timetable-lobbies
2026-09-04T20:35:11.793+06:30 DEBUG 6668 --- [nio-8080-exec-7] o.s.security.web.FilterChainProxy        : Securing GET /api/generations/a168b2ac-a104-413d-96eb-901ea2a9c4f0/lock
2026-09-04T20:35:11.797+06:30 DEBUG 6668 --- [nio-8080-exec-7] o.s.security.web.FilterChainProxy        : Secured GET /api/generations/a168b2ac-a104-413d-96eb-901ea2a9c4f0/lock
2026-09-04T20:35:12.049+06:30 DEBUG 6668 --- [nio-8080-exec-5] o.s.security.web.FilterChainProxy        : Securing POST /api/generations/a168b2ac-a104-413d-96eb-901ea2a9c4f0/lock/heartbeat
2026-09-04T20:35:12.054+06:30 DEBUG 6668 --- [nio-8080-exec-5] o.s.security.web.FilterChainProxy        : Secured POST /api/generations/a168b2ac-a104-413d-96eb-901ea2a9c4f0/lock/heartbeat
2026-09-04T20:35:15.803+06:30 DEBUG 6668 --- [io-8080-exec-10] o.s.security.web.FilterChainProxy        : Securing GET /api/generations/a168b2ac-a104-413d-96eb-901ea2a9c4f0/lock
2026-09-04T20:35:15.808+06:30 DEBUG 6668 --- [io-8080-exec-10] o.s.security.web.FilterChainProxy        : Secured GET /api/generations/a168b2ac-a104-413d-96eb-901ea2a9c4f0/lock
2026-09-04T20:35:16.228+06:30 DEBUG 6668 --- [nio-8080-exec-1] o.s.security.web.FilterChainProxy        : Securing POST /api/generations/a168b2ac-a104-413d-96eb-901ea2a9c4f0/lock/heartbeat
2026-09-04T20:35:16.234+06:30 DEBUG 6668 --- [nio-8080-exec-1] o.s.security.web.FilterChainProxy        : Secured POST /api/generations/a168b2ac-a104-413d-96eb-901ea2a9c4f0/lock/heartbeat
2026-09-04T20:35:17.051+06:30 DEBUG 6668 --- [nio-8080-exec-3] o.s.security.web.FilterChainProxy        : Securing GET /api/timetable-lobbies
2026-09-04T20:35:17.053+06:30 DEBUG 6668 --- [nio-8080-exec-3] o.s.security.web.FilterChainProxy        : Secured GET /api/timetable-lobbies
2026-09-04T20:35:19.793+06:30 DEBUG 6668 --- [nio-8080-exec-9] o.s.security.web.FilterChainProxy        : Securing GET /api/generations/a168b2ac-a104-413d-96eb-901ea2a9c4f0/lock
2026-09-04T20:35:19.793+06:30 DEBUG 6668 --- [nio-8080-exec-9] o.s.security.web.FilterChainProxy        : Secured GET /api/generations/a168b2ac-a104-413d-96eb-901ea2a9c4f0/lock
2026-09-04T20:35:20.062+06:30 DEBUG 6668 --- [nio-8080-exec-6] o.s.security.web.FilterChainProxy        : Securing POST /api/generations/a168b2ac-a104-413d-96eb-901ea2a9c4f0/lock/heartbeat
2026-09-04T20:35:20.063+06:30 DEBUG 6668 --- [nio-8080-exec-6] o.s.security.web.FilterChainProxy        : Secured POST /api/generations/a168b2ac-a104-413d-96eb-901ea2a9c4f0/lock/heartbeat
2026-09-04T20:35:23.802+06:30 DEBUG 6668 --- [nio-8080-exec-4] o.s.security.web.FilterChainProxy        : Securing GET /api/generations/a168b2ac-a104-413d-96eb-901ea2a9c4f0/lock
2026-09-04T20:35:23.804+06:30 DEBUG 6668 --- [nio-8080-exec-4] o.s.security.web.FilterChainProxy        : Secured GET /api/generations/a168b2ac-a104-413d-96eb-901ea2a9c4f0/lock
2026-09-04T20:35:24.336+06:30 DEBUG 6668 --- [nio-8080-exec-8] o.s.security.web.FilterChainProxy        : Securing POST /api/generations/a168b2ac-a104-413d-96eb-901ea2a9c4f0/lock/heartbeat
2026-09-04T20:35:24.340+06:30 DEBUG 6668 --- [nio-8080-exec-8] o.s.security.web.FilterChainProxy        : Secured POST /api/generations/a168b2ac-a104-413d-96eb-901ea2a9c4f0/lock/heartbeat
2026-09-04T20:35:25.038+06:30 DEBUG 6668 --- [nio-8080-exec-7] o.s.security.web.FilterChainProxy        : Securing GET /api/timetable-lobbies
2026-09-04T20:35:25.044+06:30 DEBUG 6668 --- [nio-8080-exec-7] o.s.security.web.FilterChainProxy        : Secured GET /api/timetable-lobbies
2026-09-04T20:35:27.806+06:30 DEBUG 6668 --- [nio-8080-exec-5] o.s.security.web.FilterChainProxy        : Securing GET /api/generations/a168b2ac-a104-413d-96eb-901ea2a9c4f0/lock
2026-09-04T20:35:27.812+06:30 DEBUG 6668 --- [nio-8080-exec-5] o.s.security.web.FilterChainProxy        : Secured GET /api/generations/a168b2ac-a104-413d-96eb-901ea2a9c4f0/lock
2026-09-04T20:35:28.046+06:30 DEBUG 6668 --- [nio-8080-exec-2] o.s.security.web.FilterChainProxy        : Securing POST /api/generations/a168b2ac-a104-413d-96eb-901ea2a9c4f0/lock/heartbeat
2026-09-04T20:35:28.049+06:30 DEBUG 6668 --- [nio-8080-exec-2] o.s.security.web.FilterChainProxy        : Secured POST /api/generations/a168b2ac-a104-413d-96eb-901ea2a9c4f0/lock/heartbeat
2026-09-04T20:35:31.806+06:30 DEBUG 6668 --- [io-8080-exec-10] o.s.security.web.FilterChainProxy        : Securing GET /api/generations/a168b2ac-a104-413d-96eb-901ea2a9c4f0/lock
2026-09-04T20:35:31.808+06:30 DEBUG 6668 --- [io-8080-exec-10] o.s.security.web.FilterChainProxy        : Secured GET /api/generations/a168b2ac-a104-413d-96eb-901ea2a9c4f0/lock
2026-09-04T20:35:32.212+06:30 DEBUG 6668 --- [nio-8080-exec-1] o.s.security.web.FilterChainProxy        : Securing POST /api/generations/a168b2ac-a104-413d-96eb-901ea2a9c4f0/lock/heartbeat
2026-09-04T20:35:32.215+06:30 DEBUG 6668 --- [nio-8080-exec-1] o.s.security.web.FilterChainProxy        : Secured POST /api/generations/a168b2ac-a104-413d-96eb-901ea2a9c4f0/lock/heartbeat
2026-09-04T20:35:33.057+06:30 DEBUG 6668 --- [nio-8080-exec-9] o.s.security.web.FilterChainProxy        : Securing GET /api/timetable-lobbies
2026-09-04T20:35:33.058+06:30 DEBUG 6668 --- [nio-8080-exec-9] o.s.security.web.FilterChainProxy        : Secured GET /api/timetable-lobbies
2026-09-04T20:35:35.811+06:30 DEBUG 6668 --- [nio-8080-exec-3] o.s.security.web.FilterChainProxy        : Securing GET /api/generations/a168b2ac-a104-413d-96eb-901ea2a9c4f0/lock
2026-09-04T20:35:35.812+06:30 DEBUG 6668 --- [nio-8080-exec-3] o.s.security.web.FilterChainProxy        : Secured GET /api/generations/a168b2ac-a104-413d-96eb-901ea2a9c4f0/lock
2026-09-04T20:35:36.096+06:30 DEBUG 6668 --- [nio-8080-exec-6] o.s.security.web.FilterChainProxy        : Securing POST /api/generations/a168b2ac-a104-413d-96eb-901ea2a9c4f0/lock/heartbeat
2026-09-04T20:35:36.100+06:30 DEBUG 6668 --- [nio-8080-exec-6] o.s.security.web.FilterChainProxy        : Secured POST /api/generations/a168b2ac-a104-413d-96eb-901ea2a9c4f0/lock/heartbeat
2026-09-04T20:35:39.797+06:30 DEBUG 6668 --- [nio-8080-exec-4] o.s.security.web.FilterChainProxy        : Securing GET /api/generations/a168b2ac-a104-413d-96eb-901ea2a9c4f0/lock
2026-09-04T20:35:39.800+06:30 DEBUG 6668 --- [nio-8080-exec-4] o.s.security.web.FilterChainProxy        : Secured GET /api/generations/a168b2ac-a104-413d-96eb-901ea2a9c4f0/lock
2026-09-04T20:35:40.219+06:30 DEBUG 6668 --- [nio-8080-exec-8] o.s.security.web.FilterChainProxy        : Securing POST /api/generations/a168b2ac-a104-413d-96eb-901ea2a9c4f0/lock/heartbeat
2026-09-04T20:35:40.222+06:30 DEBUG 6668 --- [nio-8080-exec-8] o.s.security.web.FilterChainProxy        : Secured POST /api/generations/a168b2ac-a104-413d-96eb-901ea2a9c4f0/lock/heartbeat
2026-09-04T20:35:41.040+06:30 DEBUG 6668 --- [nio-8080-exec-5] o.s.security.web.FilterChainProxy        : Securing GET /api/timetable-lobbies
2026-09-04T20:35:41.042+06:30 DEBUG 6668 --- [nio-8080-exec-5] o.s.security.web.FilterChainProxy        : Secured GET /api/timetable-lobbies
2026-09-04T20:35:43.813+06:30 DEBUG 6668 --- [nio-8080-exec-7] o.s.security.web.FilterChainProxy        : Securing GET /api/generations/a168b2ac-a104-413d-96eb-901ea2a9c4f0/lock
2026-09-04T20:35:43.839+06:30 DEBUG 6668 --- [nio-8080-exec-7] o.s.security.web.FilterChainProxy        : Secured GET /api/generations/a168b2ac-a104-413d-96eb-901ea2a9c4f0/lock
2026-09-04T20:35:45.578+06:30 DEBUG 6668 --- [nio-8080-exec-2] o.s.security.web.FilterChainProxy        : Securing POST /api/generations/a168b2ac-a104-413d-96eb-901ea2a9c4f0/lock/heartbeat
2026-09-04T20:35:45.584+06:30 DEBUG 6668 --- [nio-8080-exec-2] o.s.security.web.FilterChainProxy        : Secured POST /api/generations/a168b2ac-a104-413d-96eb-901ea2a9c4f0/lock/heartbeat
2026-09-04T20:35:47.810+06:30 DEBUG 6668 --- [io-8080-exec-10] o.s.security.web.FilterChainProxy        : Securing GET /api/generations/a168b2ac-a104-413d-96eb-901ea2a9c4f0/lock
2026-09-04T20:35:47.812+06:30 DEBUG 6668 --- [io-8080-exec-10] o.s.security.web.FilterChainProxy        : Secured GET /api/generations/a168b2ac-a104-413d-96eb-901ea2a9c4f0/lock
2026-09-04T20:35:48.373+06:30 DEBUG 6668 --- [nio-8080-exec-1] o.s.security.web.FilterChainProxy        : Securing POST /api/generations/a168b2ac-a104-413d-96eb-901ea2a9c4f0/lock/heartbeat
2026-09-04T20:35:48.376+06:30 DEBUG 6668 --- [nio-8080-exec-1] o.s.security.web.FilterChainProxy        : Secured POST /api/generations/a168b2ac-a104-413d-96eb-901ea2a9c4f0/lock/heartbeat
2026-09-04T20:35:49.032+06:30 DEBUG 6668 --- [nio-8080-exec-3] o.s.security.web.FilterChainProxy        : Securing GET /api/timetable-lobbies
2026-09-04T20:35:49.034+06:30 DEBUG 6668 --- [nio-8080-exec-3] o.s.security.web.FilterChainProxy        : Secured GET /api/timetable-lobbies
2026-09-04T20:35:51.808+06:30 DEBUG 6668 --- [nio-8080-exec-9] o.s.security.web.FilterChainProxy        : Securing GET /api/generations/a168b2ac-a104-413d-96eb-901ea2a9c4f0/lock
2026-09-04T20:35:51.810+06:30 DEBUG 6668 --- [nio-8080-exec-9] o.s.security.web.FilterChainProxy        : Secured GET /api/generations/a168b2ac-a104-413d-96eb-901ea2a9c4f0/lock
2026-09-04T20:35:52.079+06:30 DEBUG 6668 --- [nio-8080-exec-6] o.s.security.web.FilterChainProxy        : Securing POST /api/generations/a168b2ac-a104-413d-96eb-901ea2a9c4f0/lock/heartbeat
2026-09-04T20:35:52.081+06:30 DEBUG 6668 --- [nio-8080-exec-6] o.s.security.web.FilterChainProxy        : Secured POST /api/generations/a168b2ac-a104-413d-96eb-901ea2a9c4f0/lock/heartbeat
2026-09-04T20:35:52.858+06:30 DEBUG 6668 --- [nio-8080-exec-4] o.s.security.web.FilterChainProxy        : Securing GET /api/generations/scope?termId=efc68a91-5818-41aa-b4fb-893e240ea0ed&examTypeId=6a3c3800-f6e8-4611-adb3-587826cabf84
2026-09-04T20:35:52.860+06:30 DEBUG 6668 --- [nio-8080-exec-4] o.s.security.web.FilterChainProxy        : Secured GET /api/generations/scope?termId=efc68a91-5818-41aa-b4fb-893e240ea0ed&examTypeId=6a3c3800-f6e8-4611-adb3-587826cabf84
2026-09-04T20:35:55.803+06:30 DEBUG 6668 --- [nio-8080-exec-8] o.s.security.web.FilterChainProxy        : Securing GET /api/generations/a168b2ac-a104-413d-96eb-901ea2a9c4f0/lock
2026-09-04T20:35:55.805+06:30 DEBUG 6668 --- [nio-8080-exec-8] o.s.security.web.FilterChainProxy        : Secured GET /api/generations/a168b2ac-a104-413d-96eb-901ea2a9c4f0/lock
2026-09-04T20:35:57.103+06:30 DEBUG 6668 --- [nio-8080-exec-7] o.s.security.web.FilterChainProxy        : Securing GET /api/timetable-lobbies
2026-09-04T20:35:57.105+06:30 DEBUG 6668 --- [nio-8080-exec-7] o.s.security.web.FilterChainProxy        : Secured GET /api/timetable-lobbies
2026-09-04T20:35:57.215+06:30 DEBUG 6668 --- [nio-8080-exec-2] o.s.security.web.FilterChainProxy        : Securing POST /api/generations/a168b2ac-a104-413d-96eb-901ea2a9c4f0/lock/heartbeat
2026-09-04T20:35:57.216+06:30 DEBUG 6668 --- [nio-8080-exec-2] o.s.security.web.FilterChainProxy        : Secured POST /api/generations/a168b2ac-a104-413d-96eb-901ea2a9c4f0/lock/heartbeat
2026-09-04T20:35:59.792+06:30 DEBUG 6668 --- [nio-8080-exec-5] o.s.security.web.FilterChainProxy        : Securing GET /api/generations/a168b2ac-a104-413d-96eb-901ea2a9c4f0/lock
2026-09-04T20:35:59.796+06:30 DEBUG 6668 --- [nio-8080-exec-5] o.s.security.web.FilterChainProxy        : Secured GET /api/generations/a168b2ac-a104-413d-96eb-901ea2a9c4f0/lock
2026-09-04T20:36:02.492+06:30 DEBUG 6668 --- [io-8080-exec-10] o.s.security.web.FilterChainProxy        : Securing POST /api/generations/a168b2ac-a104-413d-96eb-901ea2a9c4f0/lock/heartbeat
2026-09-04T20:36:02.494+06:30 DEBUG 6668 --- [io-8080-exec-10] o.s.security.web.FilterChainProxy        : Secured POST /api/generations/a168b2ac-a104-413d-96eb-901ea2a9c4f0/lock/heartbeat
2026-09-04T20:36:03.795+06:30 DEBUG 6668 --- [nio-8080-exec-9] o.s.security.web.FilterChainProxy        : Securing GET /api/generations/a168b2ac-a104-413d-96eb-901ea2a9c4f0/lock
2026-09-04T20:36:03.797+06:30 DEBUG 6668 --- [nio-8080-exec-9] o.s.security.web.FilterChainProxy        : Secured GET /api/generations/a168b2ac-a104-413d-96eb-901ea2a9c4f0/lock
2026-09-04T20:36:04.808+06:30 DEBUG 6668 --- [nio-8080-exec-6] o.s.security.web.FilterChainProxy        : Securing POST /api/generations/a168b2ac-a104-413d-96eb-901ea2a9c4f0/lock/heartbeat
2026-09-04T20:36:04.810+06:30 DEBUG 6668 --- [nio-8080-exec-6] o.s.security.web.FilterChainProxy        : Secured POST /api/generations/a168b2ac-a104-413d-96eb-901ea2a9c4f0/lock/heartbeat
2026-09-04T20:36:05.859+06:30 DEBUG 6668 --- [nio-8080-exec-3] o.s.security.web.FilterChainProxy        : Securing GET /api/timetable-lobbies
2026-09-04T20:36:05.860+06:30 DEBUG 6668 --- [nio-8080-exec-3] o.s.security.web.FilterChainProxy        : Secured GET /api/timetable-lobbies
2026-09-04T20:36:07.806+06:30 DEBUG 6668 --- [nio-8080-exec-8] o.s.security.web.FilterChainProxy        : Securing GET /api/generations/a168b2ac-a104-413d-96eb-901ea2a9c4f0/lock
2026-09-04T20:36:07.809+06:30 DEBUG 6668 --- [nio-8080-exec-8] o.s.security.web.FilterChainProxy        : Secured GET /api/generations/a168b2ac-a104-413d-96eb-901ea2a9c4f0/lock
2026-09-04T20:36:09.573+06:30 DEBUG 6668 --- [nio-8080-exec-2] o.s.security.web.FilterChainProxy        : Securing POST /api/generations/a168b2ac-a104-413d-96eb-901ea2a9c4f0/lock/heartbeat
2026-09-04T20:36:09.579+06:30 DEBUG 6668 --- [nio-8080-exec-2] o.s.security.web.FilterChainProxy        : Secured POST /api/generations/a168b2ac-a104-413d-96eb-901ea2a9c4f0/lock/heartbeat
2026-09-04T20:36:11.791+06:30 DEBUG 6668 --- [nio-8080-exec-5] o.s.security.web.FilterChainProxy        : Securing GET /api/generations/a168b2ac-a104-413d-96eb-901ea2a9c4f0/lock
2026-09-04T20:36:11.794+06:30 DEBUG 6668 --- [nio-8080-exec-5] o.s.security.web.FilterChainProxy        : Secured GET /api/generations/a168b2ac-a104-413d-96eb-901ea2a9c4f0/lock
2026-09-04T20:36:12.321+06:30 DEBUG 6668 --- [nio-8080-exec-1] o.s.security.web.FilterChainProxy        : Securing POST /api/generations/a168b2ac-a104-413d-96eb-901ea2a9c4f0/lock/heartbeat
2026-09-04T20:36:12.324+06:30 DEBUG 6668 --- [nio-8080-exec-1] o.s.security.web.FilterChainProxy        : Secured POST /api/generations/a168b2ac-a104-413d-96eb-901ea2a9c4f0/lock/heartbeat
2026-09-04T20:36:14.035+06:30 DEBUG 6668 --- [nio-8080-exec-4] o.s.security.web.FilterChainProxy        : Securing GET /api/timetable-lobbies
2026-09-04T20:36:14.035+06:30 DEBUG 6668 --- [nio-8080-exec-4] o.s.security.web.FilterChainProxy        : Secured GET /api/timetable-lobbies
2026-09-04T20:36:15.859+06:30 DEBUG 6668 --- [nio-8080-exec-9] o.s.security.web.FilterChainProxy        : Securing GET /api/users
2026-09-04T20:36:15.859+06:30 DEBUG 6668 --- [nio-8080-exec-9] o.s.security.web.FilterChainProxy        : Secured GET /api/users
2026-09-04T20:36:15.859+06:30 DEBUG 6668 --- [nio-8080-exec-7] o.s.security.web.FilterChainProxy        : Securing GET /api/students
2026-09-04T20:36:15.863+06:30 DEBUG 6668 --- [nio-8080-exec-7] o.s.security.web.FilterChainProxy        : Secured GET /api/students
2026-09-04T20:36:15.913+06:30 DEBUG 6668 --- [io-8080-exec-10] o.s.security.web.FilterChainProxy        : Securing GET /api/staff
2026-09-04T20:36:15.913+06:30 DEBUG 6668 --- [nio-8080-exec-8] o.s.security.web.FilterChainProxy        : Securing GET /api/generations/a168b2ac-a104-413d-96eb-901ea2a9c4f0/lock
2026-09-04T20:36:15.913+06:30 DEBUG 6668 --- [io-8080-exec-10] o.s.security.web.FilterChainProxy        : Secured GET /api/staff
2026-09-04T20:36:15.913+06:30 DEBUG 6668 --- [nio-8080-exec-8] o.s.security.web.FilterChainProxy        : Secured GET /api/generations/a168b2ac-a104-413d-96eb-901ea2a9c4f0/lock
2026-09-04T20:36:17.240+06:30 DEBUG 6668 --- [nio-8080-exec-6] o.s.security.web.FilterChainProxy        : Securing POST /api/generations/a168b2ac-a104-413d-96eb-901ea2a9c4f0/lock/heartbeat
2026-09-04T20:36:17.240+06:30 DEBUG 6668 --- [nio-8080-exec-6] o.s.security.web.FilterChainProxy        : Secured POST /api/generations/a168b2ac-a104-413d-96eb-901ea2a9c4f0/lock/heartbeat
2026-09-04T20:36:19.832+06:30 DEBUG 6668 --- [nio-8080-exec-2] o.s.security.web.FilterChainProxy        : Securing GET /api/generations/a168b2ac-a104-413d-96eb-901ea2a9c4f0/lock
2026-09-04T20:36:19.833+06:30 DEBUG 6668 --- [nio-8080-exec-2] o.s.security.web.FilterChainProxy        : Secured GET /api/generations/a168b2ac-a104-413d-96eb-901ea2a9c4f0/lock
2026-09-04T20:36:20.117+06:30 DEBUG 6668 --- [nio-8080-exec-5] o.s.security.web.FilterChainProxy        : Securing POST /api/generations/a168b2ac-a104-413d-96eb-901ea2a9c4f0/lock/heartbeat
2026-09-04T20:36:20.123+06:30 DEBUG 6668 --- [nio-8080-exec-5] o.s.security.web.FilterChainProxy        : Secured POST /api/generations/a168b2ac-a104-413d-96eb-901ea2a9c4f0/lock/heartbeat
2026-09-04T20:36:23.856+06:30 DEBUG 6668 --- [nio-8080-exec-3] o.s.security.web.FilterChainProxy        : Securing GET /api/generations/a168b2ac-a104-413d-96eb-901ea2a9c4f0/lock
2026-09-04T20:36:23.858+06:30 DEBUG 6668 --- [nio-8080-exec-3] o.s.security.web.FilterChainProxy        : Secured GET /api/generations/a168b2ac-a104-413d-96eb-901ea2a9c4f0/lock
2026-09-04T20:36:26.496+06:30 DEBUG 6668 --- [nio-8080-exec-1] o.s.security.web.FilterChainProxy        : Securing POST /api/generations/a168b2ac-a104-413d-96eb-901ea2a9c4f0/lock/heartbeat
2026-09-04T20:36:26.496+06:30 DEBUG 6668 --- [nio-8080-exec-1] o.s.security.web.FilterChainProxy        : Secured POST /api/generations/a168b2ac-a104-413d-96eb-901ea2a9c4f0/lock/heartbeat
2026-09-04T20:36:27.837+06:30 DEBUG 6668 --- [nio-8080-exec-8] o.s.security.web.FilterChainProxy        : Securing GET /api/generations/a168b2ac-a104-413d-96eb-901ea2a9c4f0/lock
2026-09-04T20:36:27.837+06:30 DEBUG 6668 --- [nio-8080-exec-8] o.s.security.web.FilterChainProxy        : Secured GET /api/generations/a168b2ac-a104-413d-96eb-901ea2a9c4f0/lock
2026-09-04T20:36:28.854+06:30 DEBUG 6668 --- [nio-8080-exec-9] o.s.security.web.FilterChainProxy        : Securing POST /api/generations/a168b2ac-a104-413d-96eb-901ea2a9c4f0/lock/heartbeat
2026-09-04T20:36:28.854+06:30 DEBUG 6668 --- [nio-8080-exec-9] o.s.security.web.FilterChainProxy        : Secured POST /api/generations/a168b2ac-a104-413d-96eb-901ea2a9c4f0/lock/heartbeat
2026-09-04T20:36:31.855+06:30 DEBUG 6668 --- [io-8080-exec-10] o.s.security.web.FilterChainProxy        : Securing GET /api/generations/a168b2ac-a104-413d-96eb-901ea2a9c4f0/lock
2026-09-04T20:36:31.860+06:30 DEBUG 6668 --- [io-8080-exec-10] o.s.security.web.FilterChainProxy        : Secured GET /api/generations/a168b2ac-a104-413d-96eb-901ea2a9c4f0/lock
2026-09-04T20:36:32.745+06:30 DEBUG 6668 --- [nio-8080-exec-6] o.s.security.web.FilterChainProxy        : Securing POST /api/generations/a168b2ac-a104-413d-96eb-901ea2a9c4f0/lock/heartbeat
2026-09-04T20:36:32.745+06:30 DEBUG 6668 --- [nio-8080-exec-6] o.s.security.web.FilterChainProxy        : Secured POST /api/generations/a168b2ac-a104-413d-96eb-901ea2a9c4f0/lock/heartbeat
2026-09-04T20:36:35.836+06:30 DEBUG 6668 --- [nio-8080-exec-7] o.s.security.web.FilterChainProxy        : Securing GET /api/generations/a168b2ac-a104-413d-96eb-901ea2a9c4f0/lock
2026-09-04T20:36:35.839+06:30 DEBUG 6668 --- [nio-8080-exec-7] o.s.security.web.FilterChainProxy        : Secured GET /api/generations/a168b2ac-a104-413d-96eb-901ea2a9c4f0/lock
2026-09-04T20:36:36.349+06:30 DEBUG 6668 --- [nio-8080-exec-4] o.s.security.web.FilterChainProxy        : Securing POST /api/generations/a168b2ac-a104-413d-96eb-901ea2a9c4f0/lock/heartbeat
2026-09-04T20:36:36.354+06:30 DEBUG 6668 --- [nio-8080-exec-4] o.s.security.web.FilterChainProxy        : Secured POST /api/generations/a168b2ac-a104-413d-96eb-901ea2a9c4f0/lock/heartbeat
2026-09-04T20:36:39.837+06:30 DEBUG 6668 --- [nio-8080-exec-2] o.s.security.web.FilterChainProxy        : Securing GET /api/generations/a168b2ac-a104-413d-96eb-901ea2a9c4f0/lock
2026-09-04T20:36:39.840+06:30 DEBUG 6668 --- [nio-8080-exec-2] o.s.security.web.FilterChainProxy        : Secured GET /api/generations/a168b2ac-a104-413d-96eb-901ea2a9c4f0/lock
2026-09-04T20:36:41.874+06:30 DEBUG 6668 --- [nio-8080-exec-5] o.s.security.web.FilterChainProxy        : Securing POST /api/generations/a168b2ac-a104-413d-96eb-901ea2a9c4f0/lock/heartbeat
2026-09-04T20:36:41.875+06:30 DEBUG 6668 --- [nio-8080-exec-5] o.s.security.web.FilterChainProxy        : Secured POST /api/generations/a168b2ac-a104-413d-96eb-901ea2a9c4f0/lock/heartbeat
2026-09-04T20:36:43.828+06:30 DEBUG 6668 --- [nio-8080-exec-3] o.s.security.web.FilterChainProxy        : Securing GET /api/generations/a168b2ac-a104-413d-96eb-901ea2a9c4f0/lock
2026-09-04T20:36:43.835+06:30 DEBUG 6668 --- [nio-8080-exec-3] o.s.security.web.FilterChainProxy        : Secured GET /api/generations/a168b2ac-a104-413d-96eb-901ea2a9c4f0/lock
2026-09-04T20:36:44.425+06:30 DEBUG 6668 --- [nio-8080-exec-8] o.s.security.web.FilterChainProxy        : Securing POST /api/generations/a168b2ac-a104-413d-96eb-901ea2a9c4f0/lock/heartbeat
2026-09-04T20:36:44.425+06:30 DEBUG 6668 --- [nio-8080-exec-8] o.s.security.web.FilterChainProxy        : Secured POST /api/generations/a168b2ac-a104-413d-96eb-901ea2a9c4f0/lock/heartbeat
2026-09-04T20:36:47.828+06:30 DEBUG 6668 --- [nio-8080-exec-1] o.s.security.web.FilterChainProxy        : Securing GET /api/generations/a168b2ac-a104-413d-96eb-901ea2a9c4f0/lock
2026-09-04T20:36:47.828+06:30 DEBUG 6668 --- [nio-8080-exec-1] o.s.security.web.FilterChainProxy        : Secured GET /api/generations/a168b2ac-a104-413d-96eb-901ea2a9c4f0/lock
2026-09-04T20:36:48.545+06:30 DEBUG 6668 --- [nio-8080-exec-9] o.s.security.web.FilterChainProxy        : Securing POST /api/generations/a168b2ac-a104-413d-96eb-901ea2a9c4f0/lock/heartbeat
2026-09-04T20:36:48.545+06:30 DEBUG 6668 --- [nio-8080-exec-9] o.s.security.web.FilterChainProxy        : Secured POST /api/generations/a168b2ac-a104-413d-96eb-901ea2a9c4f0/lock/heartbeat
2026-09-04T20:36:51.839+06:30 DEBUG 6668 --- [io-8080-exec-10] o.s.security.web.FilterChainProxy        : Securing GET /api/generations/a168b2ac-a104-413d-96eb-901ea2a9c4f0/lock
2026-09-04T20:36:51.839+06:30 DEBUG 6668 --- [io-8080-exec-10] o.s.security.web.FilterChainProxy        : Secured GET /api/generations/a168b2ac-a104-413d-96eb-901ea2a9c4f0/lock
2026-09-04T20:36:52.127+06:30 DEBUG 6668 --- [nio-8080-exec-6] o.s.security.web.FilterChainProxy        : Securing POST /api/generations/a168b2ac-a104-413d-96eb-901ea2a9c4f0/lock/heartbeat
2026-09-04T20:36:52.129+06:30 DEBUG 6668 --- [nio-8080-exec-6] o.s.security.web.FilterChainProxy        : Secured POST /api/generations/a168b2ac-a104-413d-96eb-901ea2a9c4f0/lock/heartbeat
2026-09-04T20:36:55.225+06:30 DEBUG 6668 --- [nio-8080-exec-7] o.s.security.web.FilterChainProxy        : Securing GET /api/timetable-lobbies
2026-09-04T20:36:55.228+06:30 DEBUG 6668 --- [nio-8080-exec-7] o.s.security.web.FilterChainProxy        : Secured GET /api/timetable-lobbies
2026-09-04T20:36:55.802+06:30 DEBUG 6668 --- [nio-8080-exec-4] o.s.security.web.FilterChainProxy        : Securing GET /api/generations/a168b2ac-a104-413d-96eb-901ea2a9c4f0/lock
2026-09-04T20:36:55.805+06:30 DEBUG 6668 --- [nio-8080-exec-4] o.s.security.web.FilterChainProxy        : Secured GET /api/generations/a168b2ac-a104-413d-96eb-901ea2a9c4f0/lock
2026-09-04T20:36:56.333+06:30 DEBUG 6668 --- [nio-8080-exec-2] o.s.security.web.FilterChainProxy        : Securing POST /api/generations/a168b2ac-a104-413d-96eb-901ea2a9c4f0/lock/heartbeat
2026-09-04T20:36:56.335+06:30 DEBUG 6668 --- [nio-8080-exec-2] o.s.security.web.FilterChainProxy        : Secured POST /api/generations/a168b2ac-a104-413d-96eb-901ea2a9c4f0/lock/heartbeat
2026-09-04T20:36:59.795+06:30 DEBUG 6668 --- [nio-8080-exec-3] o.s.security.web.FilterChainProxy        : Securing GET /api/generations/a168b2ac-a104-413d-96eb-901ea2a9c4f0/lock
2026-09-04T20:36:59.796+06:30 DEBUG 6668 --- [nio-8080-exec-3] o.s.security.web.FilterChainProxy        : Secured GET /api/generations/a168b2ac-a104-413d-96eb-901ea2a9c4f0/lock
2026-09-04T20:37:00.524+06:30 DEBUG 6668 --- [nio-8080-exec-5] o.s.security.web.FilterChainProxy        : Securing POST /api/generations/a168b2ac-a104-413d-96eb-901ea2a9c4f0/lock/heartbeat
2026-09-04T20:37:00.525+06:30 DEBUG 6668 --- [nio-8080-exec-5] o.s.security.web.FilterChainProxy        : Secured POST /api/generations/a168b2ac-a104-413d-96eb-901ea2a9c4f0/lock/heartbeat
2026-09-04T20:37:03.805+06:30 DEBUG 6668 --- [nio-8080-exec-1] o.s.security.web.FilterChainProxy        : Securing GET /api/generations/a168b2ac-a104-413d-96eb-901ea2a9c4f0/lock
2026-09-04T20:37:03.809+06:30 DEBUG 6668 --- [nio-8080-exec-1] o.s.security.web.FilterChainProxy        : Secured GET /api/generations/a168b2ac-a104-413d-96eb-901ea2a9c4f0/lock
2026-09-04T20:37:03.945+06:30 DEBUG 6668 --- [nio-8080-exec-8] o.s.security.web.FilterChainProxy        : Securing GET /api/timetable-lobbies
2026-09-04T20:37:03.947+06:30 DEBUG 6668 --- [nio-8080-exec-8] o.s.security.web.FilterChainProxy        : Secured GET /api/timetable-lobbies
2026-09-04T20:37:04.248+06:30 DEBUG 6668 --- [nio-8080-exec-9] o.s.security.web.FilterChainProxy        : Securing POST /api/generations/a168b2ac-a104-413d-96eb-901ea2a9c4f0/lock/heartbeat
2026-09-04T20:37:04.249+06:30 DEBUG 6668 --- [nio-8080-exec-9] o.s.security.web.FilterChainProxy        : Secured POST /api/generations/a168b2ac-a104-413d-96eb-901ea2a9c4f0/lock/heartbeat
2026-09-04T20:37:07.817+06:30 DEBUG 6668 --- [io-8080-exec-10] o.s.security.web.FilterChainProxy        : Securing GET /api/generations/a168b2ac-a104-413d-96eb-901ea2a9c4f0/lock
2026-09-04T20:37:07.822+06:30 DEBUG 6668 --- [io-8080-exec-10] o.s.security.web.FilterChainProxy        : Secured GET /api/generations/a168b2ac-a104-413d-96eb-901ea2a9c4f0/lock
2026-09-04T20:37:08.323+06:30 DEBUG 6668 --- [nio-8080-exec-6] o.s.security.web.FilterChainProxy        : Securing POST /api/generations/a168b2ac-a104-413d-96eb-901ea2a9c4f0/lock/heartbeat
2026-09-04T20:37:08.325+06:30 DEBUG 6668 --- [nio-8080-exec-6] o.s.security.web.FilterChainProxy        : Secured POST /api/generations/a168b2ac-a104-413d-96eb-901ea2a9c4f0/lock/heartbeat
2026-09-04T20:37:10.447+06:30 DEBUG 6668 --- [nio-8080-exec-4] o.s.security.web.FilterChainProxy        : Securing GET /api/timetable-lobbies
2026-09-04T20:37:10.449+06:30 DEBUG 6668 --- [nio-8080-exec-4] o.s.security.web.FilterChainProxy        : Secured GET /api/timetable-lobbies
2026-09-04T20:37:11.858+06:30 DEBUG 6668 --- [nio-8080-exec-2] o.s.security.web.FilterChainProxy        : Securing GET /api/generations/a168b2ac-a104-413d-96eb-901ea2a9c4f0/lock
2026-09-04T20:37:11.861+06:30 DEBUG 6668 --- [nio-8080-exec-2] o.s.security.web.FilterChainProxy        : Secured GET /api/generations/a168b2ac-a104-413d-96eb-901ea2a9c4f0/lock
2026-09-04T20:37:12.566+06:30 DEBUG 6668 --- [nio-8080-exec-3] o.s.security.web.FilterChainProxy        : Securing POST /api/generations/a168b2ac-a104-413d-96eb-901ea2a9c4f0/lock/heartbeat
2026-09-04T20:37:12.567+06:30 DEBUG 6668 --- [nio-8080-exec-3] o.s.security.web.FilterChainProxy        : Secured POST /api/generations/a168b2ac-a104-413d-96eb-901ea2a9c4f0/lock/heartbeat
2026-09-04T20:37:15.860+06:30 DEBUG 6668 --- [nio-8080-exec-1] o.s.security.web.FilterChainProxy        : Securing GET /api/generations/a168b2ac-a104-413d-96eb-901ea2a9c4f0/lock
2026-09-04T20:37:15.862+06:30 DEBUG 6668 --- [nio-8080-exec-1] o.s.security.web.FilterChainProxy        : Secured GET /api/generations/a168b2ac-a104-413d-96eb-901ea2a9c4f0/lock
2026-09-04T20:37:16.330+06:30 DEBUG 6668 --- [nio-8080-exec-9] o.s.security.web.FilterChainProxy        : Securing GET /api/timetable-lobbies
2026-09-04T20:37:16.331+06:30 DEBUG 6668 --- [nio-8080-exec-9] o.s.security.web.FilterChainProxy        : Secured GET /api/timetable-lobbies
2026-09-04T20:37:16.642+06:30 DEBUG 6668 --- [io-8080-exec-10] o.s.security.web.FilterChainProxy        : Securing POST /api/generations/a168b2ac-a104-413d-96eb-901ea2a9c4f0/lock/heartbeat
2026-09-04T20:37:16.643+06:30 DEBUG 6668 --- [io-8080-exec-10] o.s.security.web.FilterChainProxy        : Secured POST /api/generations/a168b2ac-a104-413d-96eb-901ea2a9c4f0/lock/heartbeat
2026-09-04T20:37:19.840+06:30 DEBUG 6668 --- [nio-8080-exec-6] o.s.security.web.FilterChainProxy        : Securing GET /api/generations/a168b2ac-a104-413d-96eb-901ea2a9c4f0/lock
2026-09-04T20:37:19.842+06:30 DEBUG 6668 --- [nio-8080-exec-6] o.s.security.web.FilterChainProxy        : Secured GET /api/generations/a168b2ac-a104-413d-96eb-901ea2a9c4f0/lock
2026-09-04T20:37:21.618+06:30 DEBUG 6668 --- [nio-8080-exec-8] o.s.security.web.FilterChainProxy        : Securing POST /api/generations/a168b2ac-a104-413d-96eb-901ea2a9c4f0/lock/heartbeat
2026-09-04T20:37:21.621+06:30 DEBUG 6668 --- [nio-8080-exec-8] o.s.security.web.FilterChainProxy        : Secured POST /api/generations/a168b2ac-a104-413d-96eb-901ea2a9c4f0/lock/heartbeat
2026-09-04T20:37:23.837+06:30 DEBUG 6668 --- [nio-8080-exec-2] o.s.security.web.FilterChainProxy        : Securing GET /api/generations/a168b2ac-a104-413d-96eb-901ea2a9c4f0/lock
2026-09-04T20:37:23.838+06:30 DEBUG 6668 --- [nio-8080-exec-2] o.s.security.web.FilterChainProxy        : Secured GET /api/generations/a168b2ac-a104-413d-96eb-901ea2a9c4f0/lock
2026-09-04T20:37:28.163+06:30 DEBUG 6668 --- [nio-8080-exec-3] o.s.security.web.FilterChainProxy        : Securing GET /api/generations/a168b2ac-a104-413d-96eb-901ea2a9c4f0/lock
2026-09-04T20:37:28.165+06:30 DEBUG 6668 --- [nio-8080-exec-3] o.s.security.web.FilterChainProxy        : Secured GET /api/generations/a168b2ac-a104-413d-96eb-901ea2a9c4f0/lock
2026-09-04T20:37:28.186+06:30 DEBUG 6668 --- [nio-8080-exec-7] o.s.security.web.FilterChainProxy        : Securing POST /api/generations/a168b2ac-a104-413d-96eb-901ea2a9c4f0/lock/heartbeat
2026-09-04T20:37:28.187+06:30 DEBUG 6668 --- [nio-8080-exec-7] o.s.security.web.FilterChainProxy        : Secured POST /api/generations/a168b2ac-a104-413d-96eb-901ea2a9c4f0/lock/heartbeat
2026-09-04T20:37:28.757+06:30 DEBUG 6668 --- [nio-8080-exec-5] o.s.security.web.FilterChainProxy        : Securing POST /api/generations/a168b2ac-a104-413d-96eb-901ea2a9c4f0/lock/heartbeat
2026-09-04T20:37:28.760+06:30 DEBUG 6668 --- [nio-8080-exec-5] o.s.security.web.FilterChainProxy        : Secured POST /api/generations/a168b2ac-a104-413d-96eb-901ea2a9c4f0/lock/heartbeat
2026-09-04T20:37:30.232+06:30 DEBUG 6668 --- [nio-8080-exec-4] o.s.security.web.FilterChainProxy        : Securing GET /api/timetable-lobbies
2026-09-04T20:37:30.234+06:30 DEBUG 6668 --- [nio-8080-exec-4] o.s.security.web.FilterChainProxy        : Secured GET /api/timetable-lobbies
2026-09-04T20:37:30.838+06:30 DEBUG 6668 --- [nio-8080-exec-1] o.s.security.web.FilterChainProxy        : Securing GET /api/students
2026-09-04T20:37:30.839+06:30 DEBUG 6668 --- [io-8080-exec-10] o.s.security.web.FilterChainProxy        : Securing GET /api/users
2026-09-04T20:37:30.839+06:30 DEBUG 6668 --- [nio-8080-exec-1] o.s.security.web.FilterChainProxy        : Secured GET /api/students
2026-09-04T20:37:30.841+06:30 DEBUG 6668 --- [io-8080-exec-10] o.s.security.web.FilterChainProxy        : Secured GET /api/users
2026-09-04T20:37:33.145+06:30 DEBUG 6668 --- [nio-8080-exec-6] o.s.security.web.FilterChainProxy        : Securing GET /api/staff
2026-09-04T20:37:33.146+06:30 DEBUG 6668 --- [nio-8080-exec-6] o.s.security.web.FilterChainProxy        : Secured GET /api/staff
2026-09-04T20:37:34.323+06:30 DEBUG 6668 --- [nio-8080-exec-2] o.s.security.web.FilterChainProxy        : Securing GET /api/generations/a168b2ac-a104-413d-96eb-901ea2a9c4f0/lock
2026-09-04T20:37:34.325+06:30 DEBUG 6668 --- [nio-8080-exec-2] o.s.security.web.FilterChainProxy        : Secured GET /api/generations/a168b2ac-a104-413d-96eb-901ea2a9c4f0/lock
2026-09-04T20:37:35.265+06:30 DEBUG 6668 --- [nio-8080-exec-3] o.s.security.web.FilterChainProxy        : Securing POST /api/generations/a168b2ac-a104-413d-96eb-901ea2a9c4f0/lock/heartbeat
2026-09-04T20:37:35.267+06:30 DEBUG 6668 --- [nio-8080-exec-3] o.s.security.web.FilterChainProxy        : Secured POST /api/generations/a168b2ac-a104-413d-96eb-901ea2a9c4f0/lock/heartbeat
2026-09-04T20:37:35.828+06:30 DEBUG 6668 --- [nio-8080-exec-8] o.s.security.web.FilterChainProxy        : Securing GET /api/generations/a168b2ac-a104-413d-96eb-901ea2a9c4f0/lock
2026-09-04T20:37:35.831+06:30 DEBUG 6668 --- [nio-8080-exec-8] o.s.security.web.FilterChainProxy        : Secured GET /api/generations/a168b2ac-a104-413d-96eb-901ea2a9c4f0/lock
2026-09-04T20:37:36.469+06:30 DEBUG 6668 --- [nio-8080-exec-9] o.s.security.web.FilterChainProxy        : Securing POST /api/generations/a168b2ac-a104-413d-96eb-901ea2a9c4f0/lock/heartbeat
2026-09-04T20:37:36.473+06:30 DEBUG 6668 --- [nio-8080-exec-9] o.s.security.web.FilterChainProxy        : Secured POST /api/generations/a168b2ac-a104-413d-96eb-901ea2a9c4f0/lock/heartbeat
2026-09-04T20:37:39.855+06:30 DEBUG 6668 --- [nio-8080-exec-6] o.s.security.web.FilterChainProxy        : Securing GET /api/generations/a168b2ac-a104-413d-96eb-901ea2a9c4f0/lock
2026-09-04T20:37:39.856+06:30 DEBUG 6668 --- [nio-8080-exec-6] o.s.security.web.FilterChainProxy        : Secured GET /api/generations/a168b2ac-a104-413d-96eb-901ea2a9c4f0/lock
2026-09-04T20:37:43.022+06:30 DEBUG 6668 --- [nio-8080-exec-2] o.s.security.web.FilterChainProxy        : Securing POST /api/generations/a168b2ac-a104-413d-96eb-901ea2a9c4f0/lock/heartbeat
2026-09-04T20:37:43.024+06:30 DEBUG 6668 --- [nio-8080-exec-2] o.s.security.web.FilterChainProxy        : Secured POST /api/generations/a168b2ac-a104-413d-96eb-901ea2a9c4f0/lock/heartbeat
2026-09-04T20:37:43.823+06:30 DEBUG 6668 --- [nio-8080-exec-5] o.s.security.web.FilterChainProxy        : Securing GET /api/generations/a168b2ac-a104-413d-96eb-901ea2a9c4f0/lock
2026-09-04T20:37:43.825+06:30 DEBUG 6668 --- [nio-8080-exec-5] o.s.security.web.FilterChainProxy        : Secured GET /api/generations/a168b2ac-a104-413d-96eb-901ea2a9c4f0/lock
2026-09-04T20:37:47.656+06:30 DEBUG 6668 --- [io-8080-exec-10] o.s.security.web.FilterChainProxy        : Securing POST /api/generations/a168b2ac-a104-413d-96eb-901ea2a9c4f0/lock/heartbeat
2026-09-04T20:37:47.662+06:30 DEBUG 6668 --- [io-8080-exec-10] o.s.security.web.FilterChainProxy        : Secured POST /api/generations/a168b2ac-a104-413d-96eb-901ea2a9c4f0/lock/heartbeat
2026-09-04T20:37:47.822+06:30 DEBUG 6668 --- [nio-8080-exec-8] o.s.security.web.FilterChainProxy        : Securing GET /api/generations/a168b2ac-a104-413d-96eb-901ea2a9c4f0/lock
2026-09-04T20:37:47.823+06:30 DEBUG 6668 --- [nio-8080-exec-8] o.s.security.web.FilterChainProxy        : Secured GET /api/generations/a168b2ac-a104-413d-96eb-901ea2a9c4f0/lock
2026-09-04T20:37:49.167+06:30 DEBUG 6668 --- [nio-8080-exec-1] o.s.security.web.FilterChainProxy        : Securing POST /api/generations/a168b2ac-a104-413d-96eb-901ea2a9c4f0/lock/heartbeat
2026-09-04T20:37:49.170+06:30 DEBUG 6668 --- [nio-8080-exec-1] o.s.security.web.FilterChainProxy        : Secured POST /api/generations/a168b2ac-a104-413d-96eb-901ea2a9c4f0/lock/heartbeat
2026-09-04T20:37:51.853+06:30 DEBUG 6668 --- [nio-8080-exec-7] o.s.security.web.FilterChainProxy        : Securing GET /api/generations/a168b2ac-a104-413d-96eb-901ea2a9c4f0/lock
2026-09-04T20:37:51.854+06:30 DEBUG 6668 --- [nio-8080-exec-7] o.s.security.web.FilterChainProxy        : Secured GET /api/generations/a168b2ac-a104-413d-96eb-901ea2a9c4f0/lock
2026-09-04T20:37:55.591+06:30 DEBUG 6668 --- [nio-8080-exec-6] o.s.security.web.FilterChainProxy        : Securing POST /api/generations/a168b2ac-a104-413d-96eb-901ea2a9c4f0/lock/heartbeat
2026-09-04T20:37:55.593+06:30 DEBUG 6668 --- [nio-8080-exec-6] o.s.security.web.FilterChainProxy        : Secured POST /api/generations/a168b2ac-a104-413d-96eb-901ea2a9c4f0/lock/heartbeat
2026-09-04T20:37:55.841+06:30 DEBUG 6668 --- [nio-8080-exec-5] o.s.security.web.FilterChainProxy        : Securing GET /api/generations/a168b2ac-a104-413d-96eb-901ea2a9c4f0/lock
2026-09-04T20:37:55.846+06:30 DEBUG 6668 --- [nio-8080-exec-5] o.s.security.web.FilterChainProxy        : Secured GET /api/generations/a168b2ac-a104-413d-96eb-901ea2a9c4f0/lock
2026-09-04T20:37:56.730+06:30 DEBUG 6668 --- [nio-8080-exec-8] o.s.security.web.FilterChainProxy        : Securing POST /api/generations/a168b2ac-a104-413d-96eb-901ea2a9c4f0/lock/heartbeat
2026-09-04T20:37:56.735+06:30 DEBUG 6668 --- [nio-8080-exec-8] o.s.security.web.FilterChainProxy        : Secured POST /api/generations/a168b2ac-a104-413d-96eb-901ea2a9c4f0/lock/heartbeat
2026-09-04T20:37:59.839+06:30 DEBUG 6668 --- [nio-8080-exec-9] o.s.security.web.FilterChainProxy        : Securing GET /api/generations/a168b2ac-a104-413d-96eb-901ea2a9c4f0/lock
2026-09-04T20:37:59.840+06:30 DEBUG 6668 --- [nio-8080-exec-9] o.s.security.web.FilterChainProxy        : Secured GET /api/generations/a168b2ac-a104-413d-96eb-901ea2a9c4f0/lock
2026-09-04T20:38:00.456+06:30 DEBUG 6668 --- [nio-8080-exec-4] o.s.security.web.FilterChainProxy        : Securing POST /api/generations/a168b2ac-a104-413d-96eb-901ea2a9c4f0/lock/heartbeat
2026-09-04T20:38:00.457+06:30 DEBUG 6668 --- [nio-8080-exec-4] o.s.security.web.FilterChainProxy        : Secured POST /api/generations/a168b2ac-a104-413d-96eb-901ea2a9c4f0/lock/heartbeat
2026-09-04T20:38:09.911+06:30 DEBUG 6668 --- [nio-8080-exec-7] o.s.security.web.FilterChainProxy        : Securing GET /api/generations/a168b2ac-a104-413d-96eb-901ea2a9c4f0/lock
2026-09-04T20:38:09.946+06:30 DEBUG 6668 --- [nio-8080-exec-7] o.s.security.web.FilterChainProxy        : Secured GET /api/generations/a168b2ac-a104-413d-96eb-901ea2a9c4f0/lock
2026-09-04T20:38:11.472+06:30 DEBUG 6668 --- [nio-8080-exec-5] o.s.security.web.FilterChainProxy        : Securing GET /api/generations/a168b2ac-a104-413d-96eb-901ea2a9c4f0/lock
2026-09-04T20:38:11.474+06:30 DEBUG 6668 --- [nio-8080-exec-5] o.s.security.web.FilterChainProxy        : Secured GET /api/generations/a168b2ac-a104-413d-96eb-901ea2a9c4f0/lock
2026-09-04T20:38:13.464+06:30 DEBUG 6668 --- [nio-8080-exec-3] o.s.security.web.FilterChainProxy        : Securing POST /api/generations/a168b2ac-a104-413d-96eb-901ea2a9c4f0/lock/heartbeat
2026-09-04T20:38:13.466+06:30 DEBUG 6668 --- [nio-8080-exec-3] o.s.security.web.FilterChainProxy        : Secured POST /api/generations/a168b2ac-a104-413d-96eb-901ea2a9c4f0/lock/heartbeat
2026-09-04T20:38:18.393+06:30 DEBUG 6668 --- [nio-8080-exec-9] o.s.security.web.FilterChainProxy        : Securing POST /api/generations/a168b2ac-a104-413d-96eb-901ea2a9c4f0/lock/heartbeat
2026-09-04T20:38:18.395+06:30 DEBUG 6668 --- [nio-8080-exec-9] o.s.security.web.FilterChainProxy        : Secured POST /api/generations/a168b2ac-a104-413d-96eb-901ea2a9c4f0/lock/heartbeat
2026-09-04T20:39:06.915+06:30 DEBUG 6668 --- [nio-8080-exec-7] o.s.security.web.FilterChainProxy        : Securing GET /api/users
2026-09-04T20:39:06.915+06:30 DEBUG 6668 --- [nio-8080-exec-5] o.s.security.web.FilterChainProxy        : Securing GET /api/students
2026-09-04T20:39:06.915+06:30 DEBUG 6668 --- [nio-8080-exec-8] o.s.security.web.FilterChainProxy        : Securing GET /api/generations/a168b2ac-a104-413d-96eb-901ea2a9c4f0/lock
2026-09-04T20:39:06.917+06:30 DEBUG 6668 --- [nio-8080-exec-7] o.s.security.web.FilterChainProxy        : Secured GET /api/users
2026-09-04T20:39:06.917+06:30 DEBUG 6668 --- [nio-8080-exec-5] o.s.security.web.FilterChainProxy        : Secured GET /api/students
2026-09-04T20:39:06.918+06:30 DEBUG 6668 --- [nio-8080-exec-8] o.s.security.web.FilterChainProxy        : Secured GET /api/generations/a168b2ac-a104-413d-96eb-901ea2a9c4f0/lock
2026-09-04T20:39:06.939+06:30 DEBUG 6668 --- [nio-8080-exec-6] o.s.security.web.FilterChainProxy        : Securing GET /api/staff
2026-09-04T20:39:06.940+06:30 DEBUG 6668 --- [nio-8080-exec-6] o.s.security.web.FilterChainProxy        : Secured GET /api/staff
2026-09-04T20:39:07.237+06:30 DEBUG 6668 --- [nio-8080-exec-1] o.s.security.web.FilterChainProxy        : Securing POST /api/generations/a168b2ac-a104-413d-96eb-901ea2a9c4f0/lock/heartbeat
2026-09-04T20:39:07.241+06:30 DEBUG 6668 --- [nio-8080-exec-1] o.s.security.web.FilterChainProxy        : Secured POST /api/generations/a168b2ac-a104-413d-96eb-901ea2a9c4f0/lock/heartbeat
2026-09-04T20:40:06.846+06:30 DEBUG 6668 --- [nio-8080-exec-3] o.s.security.web.FilterChainProxy        : Securing GET /api/generations/a168b2ac-a104-413d-96eb-901ea2a9c4f0/lock
2026-09-04T20:40:06.850+06:30 DEBUG 6668 --- [nio-8080-exec-3] o.s.security.web.FilterChainProxy        : Secured GET /api/generations/a168b2ac-a104-413d-96eb-901ea2a9c4f0/lock
2026-09-04T20:40:07.243+06:30 DEBUG 6668 --- [nio-8080-exec-4] o.s.security.web.FilterChainProxy        : Securing POST /api/generations/a168b2ac-a104-413d-96eb-901ea2a9c4f0/lock
2026-09-04T20:40:07.243+06:30 DEBUG 6668 --- [nio-8080-exec-4] o.s.security.web.FilterChainProxy        : Secured POST /api/generations/a168b2ac-a104-413d-96eb-901ea2a9c4f0/lock
2026-09-04T20:41:06.909+06:30 DEBUG 6668 --- [nio-8080-exec-1] o.s.security.web.FilterChainProxy        : Securing GET /api/generations/a168b2ac-a104-413d-96eb-901ea2a9c4f0/lock
2026-09-04T20:41:06.914+06:30 DEBUG 6668 --- [nio-8080-exec-1] o.s.security.web.FilterChainProxy        : Secured GET /api/generations/a168b2ac-a104-413d-96eb-901ea2a9c4f0/lock
2026-09-04T20:41:06.994+06:30 DEBUG 6668 --- [nio-8080-exec-5] o.s.security.web.FilterChainProxy        : Securing GET /api/staff
2026-09-04T20:41:06.994+06:30 DEBUG 6668 --- [io-8080-exec-10] o.s.security.web.FilterChainProxy        : Securing GET /api/students
2026-09-04T20:41:07.005+06:30 DEBUG 6668 --- [nio-8080-exec-7] o.s.security.web.FilterChainProxy        : Securing GET /api/users
2026-09-04T20:41:07.005+06:30 DEBUG 6668 --- [nio-8080-exec-5] o.s.security.web.FilterChainProxy        : Secured GET /api/staff
2026-09-04T20:41:07.005+06:30 DEBUG 6668 --- [nio-8080-exec-7] o.s.security.web.FilterChainProxy        : Secured GET /api/users
2026-09-04T20:41:07.005+06:30 DEBUG 6668 --- [io-8080-exec-10] o.s.security.web.FilterChainProxy        : Secured GET /api/students
2026-09-04T20:41:07.290+06:30 DEBUG 6668 --- [nio-8080-exec-2] o.s.security.web.FilterChainProxy        : Securing POST /api/generations/a168b2ac-a104-413d-96eb-901ea2a9c4f0/lock
2026-09-04T20:41:07.294+06:30 DEBUG 6668 --- [nio-8080-exec-2] o.s.security.web.FilterChainProxy        : Secured POST /api/generations/a168b2ac-a104-413d-96eb-901ea2a9c4f0/lock
2026-09-04T20:42:06.901+06:30 DEBUG 6668 --- [nio-8080-exec-9] o.s.security.web.FilterChainProxy        : Securing GET /api/generations/a168b2ac-a104-413d-96eb-901ea2a9c4f0/lock
2026-09-04T20:42:06.905+06:30 DEBUG 6668 --- [nio-8080-exec-9] o.s.security.web.FilterChainProxy        : Secured GET /api/generations/a168b2ac-a104-413d-96eb-901ea2a9c4f0/lock
2026-09-04T20:42:07.248+06:30 DEBUG 6668 --- [nio-8080-exec-3] o.s.security.web.FilterChainProxy        : Securing POST /api/generations/a168b2ac-a104-413d-96eb-901ea2a9c4f0/lock
2026-09-04T20:42:07.248+06:30 DEBUG 6668 --- [nio-8080-exec-3] o.s.security.web.FilterChainProxy        : Secured POST /api/generations/a168b2ac-a104-413d-96eb-901ea2a9c4f0/lock
2026-09-04T20:43:06.992+06:30 DEBUG 6668 --- [nio-8080-exec-1] o.s.security.web.FilterChainProxy        : Securing GET /api/generations/a168b2ac-a104-413d-96eb-901ea2a9c4f0/lock
2026-09-04T20:43:07.004+06:30 DEBUG 6668 --- [nio-8080-exec-1] o.s.security.web.FilterChainProxy        : Secured GET /api/generations/a168b2ac-a104-413d-96eb-901ea2a9c4f0/lock
2026-09-04T20:43:07.004+06:30 DEBUG 6668 --- [io-8080-exec-10] o.s.security.web.FilterChainProxy        : Securing GET /api/students
2026-09-04T20:43:07.004+06:30 DEBUG 6668 --- [nio-8080-exec-5] o.s.security.web.FilterChainProxy        : Securing GET /api/users
2026-09-04T20:43:07.004+06:30 DEBUG 6668 --- [nio-8080-exec-2] o.s.security.web.FilterChainProxy        : Securing GET /api/staff
2026-09-04T20:43:07.008+06:30 DEBUG 6668 --- [io-8080-exec-10] o.s.security.web.FilterChainProxy        : Secured GET /api/students
2026-09-04T20:43:07.008+06:30 DEBUG 6668 --- [nio-8080-exec-5] o.s.security.web.FilterChainProxy        : Secured GET /api/users
2026-09-04T20:43:07.012+06:30 DEBUG 6668 --- [nio-8080-exec-2] o.s.security.web.FilterChainProxy        : Secured GET /api/staff
2026-09-04T20:43:07.852+06:30 DEBUG 6668 --- [nio-8080-exec-7] o.s.security.web.FilterChainProxy        : Securing POST /api/generations/a168b2ac-a104-413d-96eb-901ea2a9c4f0/lock
2026-09-04T20:43:07.852+06:30 DEBUG 6668 --- [nio-8080-exec-7] o.s.security.web.FilterChainProxy        : Secured POST /api/generations/a168b2ac-a104-413d-96eb-901ea2a9c4f0/lock
2026-09-04T20:44:06.932+06:30 DEBUG 6668 --- [nio-8080-exec-6] o.s.security.web.FilterChainProxy        : Securing GET /api/generations/a168b2ac-a104-413d-96eb-901ea2a9c4f0/lock
2026-09-04T20:44:06.934+06:30 DEBUG 6668 --- [nio-8080-exec-6] o.s.security.web.FilterChainProxy        : Secured GET /api/generations/a168b2ac-a104-413d-96eb-901ea2a9c4f0/lock
2026-09-04T20:44:07.482+06:30 DEBUG 6668 --- [nio-8080-exec-3] o.s.security.web.FilterChainProxy        : Securing POST /api/generations/a168b2ac-a104-413d-96eb-901ea2a9c4f0/lock
2026-09-04T20:44:07.487+06:30 DEBUG 6668 --- [nio-8080-exec-3] o.s.security.web.FilterChainProxy        : Secured POST /api/generations/a168b2ac-a104-413d-96eb-901ea2a9c4f0/lock
2026-09-04T20:45:06.904+06:30 DEBUG 6668 --- [nio-8080-exec-1] o.s.security.web.FilterChainProxy        : Securing GET /api/generations/a168b2ac-a104-413d-96eb-901ea2a9c4f0/lock
2026-09-04T20:45:06.906+06:30 DEBUG 6668 --- [nio-8080-exec-1] o.s.security.web.FilterChainProxy        : Secured GET /api/generations/a168b2ac-a104-413d-96eb-901ea2a9c4f0/lock
2026-09-04T20:45:06.951+06:30 DEBUG 6668 --- [nio-8080-exec-2] o.s.security.web.FilterChainProxy        : Securing GET /api/users
2026-09-04T20:45:06.951+06:30 DEBUG 6668 --- [nio-8080-exec-2] o.s.security.web.FilterChainProxy        : Secured GET /api/users
2026-09-04T20:45:06.976+06:30 DEBUG 6668 --- [io-8080-exec-10] o.s.security.web.FilterChainProxy        : Securing GET /api/students
2026-09-04T20:45:06.978+06:30 DEBUG 6668 --- [nio-8080-exec-5] o.s.security.web.FilterChainProxy        : Securing GET /api/staff
2026-09-04T20:45:06.978+06:30 DEBUG 6668 --- [io-8080-exec-10] o.s.security.web.FilterChainProxy        : Secured GET /api/students
2026-09-04T20:45:06.982+06:30 DEBUG 6668 --- [nio-8080-exec-5] o.s.security.web.FilterChainProxy        : Secured GET /api/staff
2026-09-04T20:45:07.428+06:30 DEBUG 6668 --- [nio-8080-exec-7] o.s.security.web.FilterChainProxy        : Securing POST /api/generations/a168b2ac-a104-413d-96eb-901ea2a9c4f0/lock
2026-09-04T20:45:07.428+06:30 DEBUG 6668 --- [nio-8080-exec-7] o.s.security.web.FilterChainProxy        : Secured POST /api/generations/a168b2ac-a104-413d-96eb-901ea2a9c4f0/lock
2026-09-04T20:46:06.865+06:30 DEBUG 6668 --- [nio-8080-exec-4] o.s.security.web.FilterChainProxy        : Securing GET /api/generations/a168b2ac-a104-413d-96eb-901ea2a9c4f0/lock
2026-09-04T20:46:06.871+06:30 DEBUG 6668 --- [nio-8080-exec-4] o.s.security.web.FilterChainProxy        : Secured GET /api/generations/a168b2ac-a104-413d-96eb-901ea2a9c4f0/lock
2026-09-04T20:46:07.294+06:30 DEBUG 6668 --- [nio-8080-exec-3] o.s.security.web.FilterChainProxy        : Securing POST /api/generations/a168b2ac-a104-413d-96eb-901ea2a9c4f0/lock
2026-09-04T20:46:07.294+06:30 DEBUG 6668 --- [nio-8080-exec-3] o.s.security.web.FilterChainProxy        : Secured POST /api/generations/a168b2ac-a104-413d-96eb-901ea2a9c4f0/lock
2026-09-04T20:47:06.983+06:30 DEBUG 6668 --- [nio-8080-exec-5] o.s.security.web.FilterChainProxy        : Securing GET /api/generations/a168b2ac-a104-413d-96eb-901ea2a9c4f0/lock
2026-09-04T20:47:06.984+06:30 DEBUG 6668 --- [nio-8080-exec-5] o.s.security.web.FilterChainProxy        : Secured GET /api/generations/a168b2ac-a104-413d-96eb-901ea2a9c4f0/lock
2026-09-04T20:47:07.034+06:30 DEBUG 6668 --- [io-8080-exec-10] o.s.security.web.FilterChainProxy        : Securing GET /api/users
2026-09-04T20:47:07.034+06:30 DEBUG 6668 --- [nio-8080-exec-2] o.s.security.web.FilterChainProxy        : Securing GET /api/staff
2026-09-04T20:47:07.034+06:30 DEBUG 6668 --- [nio-8080-exec-7] o.s.security.web.FilterChainProxy        : Securing GET /api/students
2026-09-04T20:47:07.037+06:30 DEBUG 6668 --- [io-8080-exec-10] o.s.security.web.FilterChainProxy        : Secured GET /api/users
2026-09-04T20:47:07.037+06:30 DEBUG 6668 --- [nio-8080-exec-7] o.s.security.web.FilterChainProxy        : Secured GET /api/students
2026-09-04T20:47:07.037+06:30 DEBUG 6668 --- [nio-8080-exec-2] o.s.security.web.FilterChainProxy        : Secured GET /api/staff
2026-09-04T20:47:08.303+06:30 DEBUG 6668 --- [nio-8080-exec-9] o.s.security.web.FilterChainProxy        : Securing POST /api/generations/a168b2ac-a104-413d-96eb-901ea2a9c4f0/lock
2026-09-04T20:47:08.305+06:30 DEBUG 6668 --- [nio-8080-exec-9] o.s.security.web.FilterChainProxy        : Secured POST /api/generations/a168b2ac-a104-413d-96eb-901ea2a9c4f0/lock
2026-09-04T20:47:23.296+06:30 DEBUG 6668 --- [nio-8080-exec-8] o.s.security.web.FilterChainProxy        : Securing POST /api/auth/login
2026-09-04T20:47:23.296+06:30 DEBUG 6668 --- [nio-8080-exec-8] o.s.s.w.a.AnonymousAuthenticationFilter  : Set SecurityContextHolder to anonymous SecurityContext
2026-09-04T20:47:23.296+06:30 DEBUG 6668 --- [nio-8080-exec-8] o.s.security.web.FilterChainProxy        : Secured POST /api/auth/login
2026-09-04T20:47:23.543+06:30 ERROR 6668 --- [nio-8080-exec-8] c.u.exception.GlobalExceptionHandler     : Unhandled exception on /api/auth/login

org.springframework.http.converter.HttpMessageNotReadableException: JSON parse error: Unexpected character ('\' (code 92)): was expecting double-quote to start field name
	at org.springframework.http.converter.json.AbstractJackson2HttpMessageConverter.readJavaType(AbstractJackson2HttpMessageConverter.java:406) ~[spring-web-6.1.6.jar:6.1.6]
	at org.springframework.http.converter.json.AbstractJackson2HttpMessageConverter.read(AbstractJackson2HttpMessageConverter.java:354) ~[spring-web-6.1.6.jar:6.1.6]
	at org.springframework.web.servlet.mvc.method.annotation.AbstractMessageConverterMethodArgumentResolver.readWithMessageConverters(AbstractMessageConverterMethodArgumentResolver.java:184) ~[spring-webmvc-6.1.6.jar:6.1.6]
	at org.springframework.web.servlet.mvc.method.annotation.RequestResponseBodyMethodProcessor.readWithMessageConverters(RequestResponseBodyMethodProcessor.java:161) ~[spring-webmvc-6.1.6.jar:6.1.6]
	at org.springframework.web.servlet.mvc.method.annotation.RequestResponseBodyMethodProcessor.resolveArgument(RequestResponseBodyMethodProcessor.java:135) ~[spring-webmvc-6.1.6.jar:6.1.6]
	at org.springframework.web.method.support.HandlerMethodArgumentResolverComposite.resolveArgument(HandlerMethodArgumentResolverComposite.java:122) ~[spring-web-6.1.6.jar:6.1.6]
	at org.springframework.web.method.support.InvocableHandlerMethod.getMethodArgumentValues(InvocableHandlerMethod.java:224) ~[spring-web-6.1.6.jar:6.1.6]
	at org.springframework.web.method.support.InvocableHandlerMethod.invokeForRequest(InvocableHandlerMethod.java:178) ~[spring-web-6.1.6.jar:6.1.6]
	at org.springframework.web.servlet.mvc.method.annotation.ServletInvocableHandlerMethod.invokeAndHandle(ServletInvocableHandlerMethod.java:118) ~[spring-webmvc-6.1.6.jar:6.1.6]
	at org.springframework.web.servlet.mvc.method.annotation.RequestMappingHandlerAdapter.invokeHandlerMethod(RequestMappingHandlerAdapter.java:926) ~[spring-webmvc-6.1.6.jar:6.1.6]
	at org.springframework.web.servlet.mvc.method.annotation.RequestMappingHandlerAdapter.handleInternal(RequestMappingHandlerAdapter.java:831) ~[spring-webmvc-6.1.6.jar:6.1.6]
	at org.springframework.web.servlet.mvc.method.AbstractHandlerMethodAdapter.handle(AbstractHandlerMethodAdapter.java:87) ~[spring-webmvc-6.1.6.jar:6.1.6]
	at org.springframework.web.servlet.DispatcherServlet.doDispatch(DispatcherServlet.java:1089) ~[spring-webmvc-6.1.6.jar:6.1.6]
	at org.springframework.web.servlet.DispatcherServlet.doService(DispatcherServlet.java:979) ~[spring-webmvc-6.1.6.jar:6.1.6]
	at org.springframework.web.servlet.FrameworkServlet.processRequest(FrameworkServlet.java:1014) ~[spring-webmvc-6.1.6.jar:6.1.6]
	at org.springframework.web.servlet.FrameworkServlet.doPost(FrameworkServlet.java:914) ~[spring-webmvc-6.1.6.jar:6.1.6]
	at jakarta.servlet.http.HttpServlet.service(HttpServlet.java:590) ~[tomcat-embed-core-10.1.20.jar:6.0]
	at org.springframework.web.servlet.FrameworkServlet.service(FrameworkServlet.java:885) ~[spring-webmvc-6.1.6.jar:6.1.6]
	at jakarta.servlet.http.HttpServlet.service(HttpServlet.java:658) ~[tomcat-embed-core-10.1.20.jar:6.0]
	at org.apache.catalina.core.ApplicationFilterChain.internalDoFilter(ApplicationFilterChain.java:206) ~[tomcat-embed-core-10.1.20.jar:10.1.20]
	at org.apache.catalina.core.ApplicationFilterChain.doFilter(ApplicationFilterChain.java:150) ~[tomcat-embed-core-10.1.20.jar:10.1.20]
	at org.apache.tomcat.websocket.server.WsFilter.doFilter(WsFilter.java:51) ~[tomcat-embed-websocket-10.1.20.jar:10.1.20]
	at org.apache.catalina.core.ApplicationFilterChain.internalDoFilter(ApplicationFilterChain.java:175) ~[tomcat-embed-core-10.1.20.jar:10.1.20]
	at org.apache.catalina.core.ApplicationFilterChain.doFilter(ApplicationFilterChain.java:150) ~[tomcat-embed-core-10.1.20.jar:10.1.20]
	at org.springframework.web.filter.OncePerRequestFilter.doFilter(OncePerRequestFilter.java:110) ~[spring-web-6.1.6.jar:6.1.6]
	at org.apache.catalina.core.ApplicationFilterChain.internalDoFilter(ApplicationFilterChain.java:175) ~[tomcat-embed-core-10.1.20.jar:10.1.20]
	at org.apache.catalina.core.ApplicationFilterChain.doFilter(ApplicationFilterChain.java:150) ~[tomcat-embed-core-10.1.20.jar:10.1.20]
	at org.springframework.web.filter.CompositeFilter$VirtualFilterChain.doFilter(CompositeFilter.java:108) ~[spring-web-6.1.6.jar:6.1.6]
	at org.springframework.security.web.FilterChainProxy.lambda$doFilterInternal$3(FilterChainProxy.java:231) ~[spring-security-web-6.2.4.jar:6.2.4]
	at org.springframework.security.web.FilterChainProxy$VirtualFilterChain.doFilter(FilterChainProxy.java:365) ~[spring-security-web-6.2.4.jar:6.2.4]
	at org.springframework.security.web.access.intercept.AuthorizationFilter.doFilter(AuthorizationFilter.java:100) ~[spring-security-web-6.2.4.jar:6.2.4]
	at org.springframework.security.web.FilterChainProxy$VirtualFilterChain.doFilter(FilterChainProxy.java:374) ~[spring-security-web-6.2.4.jar:6.2.4]
	at org.springframework.security.web.access.ExceptionTranslationFilter.doFilter(ExceptionTranslationFilter.java:126) ~[spring-security-web-6.2.4.jar:6.2.4]
	at org.springframework.security.web.access.ExceptionTranslationFilter.doFilter(ExceptionTranslationFilter.java:120) ~[spring-security-web-6.2.4.jar:6.2.4]
	at org.springframework.security.web.FilterChainProxy$VirtualFilterChain.doFilter(FilterChainProxy.java:374) ~[spring-security-web-6.2.4.jar:6.2.4]
	at org.springframework.security.web.session.SessionManagementFilter.doFilter(SessionManagementFilter.java:131) ~[spring-security-web-6.2.4.jar:6.2.4]
	at org.springframework.security.web.session.SessionManagementFilter.doFilter(SessionManagementFilter.java:85) ~[spring-security-web-6.2.4.jar:6.2.4]
	at org.springframework.security.web.FilterChainProxy$VirtualFilterChain.doFilter(FilterChainProxy.java:374) ~[spring-security-web-6.2.4.jar:6.2.4]
	at org.springframework.security.web.authentication.AnonymousAuthenticationFilter.doFilter(AnonymousAuthenticationFilter.java:100) ~[spring-security-web-6.2.4.jar:6.2.4]
	at org.springframework.security.web.FilterChainProxy$VirtualFilterChain.doFilter(FilterChainProxy.java:374) ~[spring-security-web-6.2.4.jar:6.2.4]
	at org.springframework.security.web.servletapi.SecurityContextHolderAwareRequestFilter.doFilter(SecurityContextHolderAwareRequestFilter.java:179) ~[spring-security-web-6.2.4.jar:6.2.4]
	at org.springframework.security.web.FilterChainProxy$VirtualFilterChain.doFilter(FilterChainProxy.java:374) ~[spring-security-web-6.2.4.jar:6.2.4]
	at org.springframework.security.web.savedrequest.RequestCacheAwareFilter.doFilter(RequestCacheAwareFilter.java:63) ~[spring-security-web-6.2.4.jar:6.2.4]
	at org.springframework.security.web.FilterChainProxy$VirtualFilterChain.doFilter(FilterChainProxy.java:374) ~[spring-security-web-6.2.4.jar:6.2.4]
	at com.unicconnect.security.JwtAuthenticationFilter.doFilterInternal(JwtAuthenticationFilter.java:49) ~[classes/:na]
	at org.springframework.web.filter.OncePerRequestFilter.doFilter(OncePerRequestFilter.java:116) ~[spring-web-6.1.6.jar:6.1.6]
	at org.springframework.security.web.FilterChainProxy$VirtualFilterChain.doFilter(FilterChainProxy.java:374) ~[spring-security-web-6.2.4.jar:6.2.4]
	at org.springframework.security.web.authentication.logout.LogoutFilter.doFilter(LogoutFilter.java:107) ~[spring-security-web-6.2.4.jar:6.2.4]
	at org.springframework.security.web.authentication.logout.LogoutFilter.doFilter(LogoutFilter.java:93) ~[spring-security-web-6.2.4.jar:6.2.4]
	at org.springframework.security.web.FilterChainProxy$VirtualFilterChain.doFilter(FilterChainProxy.java:374) ~[spring-security-web-6.2.4.jar:6.2.4]
	at org.springframework.web.filter.CorsFilter.doFilterInternal(CorsFilter.java:91) ~[spring-web-6.1.6.jar:6.1.6]
	at org.springframework.web.filter.OncePerRequestFilter.doFilter(OncePerRequestFilter.java:116) ~[spring-web-6.1.6.jar:6.1.6]
	at org.springframework.security.web.FilterChainProxy$VirtualFilterChain.doFilter(FilterChainProxy.java:374) ~[spring-security-web-6.2.4.jar:6.2.4]
	at org.springframework.security.web.header.HeaderWriterFilter.doHeadersAfter(HeaderWriterFilter.java:90) ~[spring-security-web-6.2.4.jar:6.2.4]
	at org.springframework.security.web.header.HeaderWriterFilter.doFilterInternal(HeaderWriterFilter.java:75) ~[spring-security-web-6.2.4.jar:6.2.4]
	at org.springframework.web.filter.OncePerRequestFilter.doFilter(OncePerRequestFilter.java:116) ~[spring-web-6.1.6.jar:6.1.6]
	at org.springframework.security.web.FilterChainProxy$VirtualFilterChain.doFilter(FilterChainProxy.java:374) ~[spring-security-web-6.2.4.jar:6.2.4]
	at org.springframework.security.web.context.SecurityContextHolderFilter.doFilter(SecurityContextHolderFilter.java:82) ~[spring-security-web-6.2.4.jar:6.2.4]
	at org.springframework.security.web.context.SecurityContextHolderFilter.doFilter(SecurityContextHolderFilter.java:69) ~[spring-security-web-6.2.4.jar:6.2.4]
	at org.springframework.security.web.FilterChainProxy$VirtualFilterChain.doFilter(FilterChainProxy.java:374) ~[spring-security-web-6.2.4.jar:6.2.4]
	at org.springframework.security.web.context.request.async.WebAsyncManagerIntegrationFilter.doFilterInternal(WebAsyncManagerIntegrationFilter.java:62) ~[spring-security-web-6.2.4.jar:6.2.4]
	at org.springframework.web.filter.OncePerRequestFilter.doFilter(OncePerRequestFilter.java:116) ~[spring-web-6.1.6.jar:6.1.6]
	at org.springframework.security.web.FilterChainProxy$VirtualFilterChain.doFilter(FilterChainProxy.java:374) ~[spring-security-web-6.2.4.jar:6.2.4]
	at org.springframework.security.web.session.DisableEncodeUrlFilter.doFilterInternal(DisableEncodeUrlFilter.java:42) ~[spring-security-web-6.2.4.jar:6.2.4]
	at org.springframework.web.filter.OncePerRequestFilter.doFilter(OncePerRequestFilter.java:116) ~[spring-web-6.1.6.jar:6.1.6]
	at org.springframework.security.web.FilterChainProxy$VirtualFilterChain.doFilter(FilterChainProxy.java:374) ~[spring-security-web-6.2.4.jar:6.2.4]
	at org.springframework.security.web.FilterChainProxy.doFilterInternal(FilterChainProxy.java:233) ~[spring-security-web-6.2.4.jar:6.2.4]
	at org.springframework.security.web.FilterChainProxy.doFilter(FilterChainProxy.java:191) ~[spring-security-web-6.2.4.jar:6.2.4]
	at org.springframework.web.filter.CompositeFilter$VirtualFilterChain.doFilter(CompositeFilter.java:113) ~[spring-web-6.1.6.jar:6.1.6]
	at org.springframework.web.servlet.handler.HandlerMappingIntrospector.lambda$createCacheFilter$3(HandlerMappingIntrospector.java:195) ~[spring-webmvc-6.1.6.jar:6.1.6]
	at org.springframework.web.filter.CompositeFilter$VirtualFilterChain.doFilter(CompositeFilter.java:113) ~[spring-web-6.1.6.jar:6.1.6]
	at org.springframework.web.filter.CompositeFilter.doFilter(CompositeFilter.java:74) ~[spring-web-6.1.6.jar:6.1.6]
	at org.springframework.security.config.annotation.web.configuration.WebMvcSecurityConfiguration$CompositeFilterChainProxy.doFilter(WebMvcSecurityConfiguration.java:230) ~[spring-security-config-6.2.4.jar:6.2.4]
	at org.springframework.web.filter.DelegatingFilterProxy.invokeDelegate(DelegatingFilterProxy.java:352) ~[spring-web-6.1.6.jar:6.1.6]
	at org.springframework.web.filter.DelegatingFilterProxy.doFilter(DelegatingFilterProxy.java:268) ~[spring-web-6.1.6.jar:6.1.6]
	at org.apache.catalina.core.ApplicationFilterChain.internalDoFilter(ApplicationFilterChain.java:175) ~[tomcat-embed-core-10.1.20.jar:10.1.20]
	at org.apache.catalina.core.ApplicationFilterChain.doFilter(ApplicationFilterChain.java:150) ~[tomcat-embed-core-10.1.20.jar:10.1.20]
	at org.springframework.web.filter.RequestContextFilter.doFilterInternal(RequestContextFilter.java:100) ~[spring-web-6.1.6.jar:6.1.6]
	at org.springframework.web.filter.OncePerRequestFilter.doFilter(OncePerRequestFilter.java:116) ~[spring-web-6.1.6.jar:6.1.6]
	at org.apache.catalina.core.ApplicationFilterChain.internalDoFilter(ApplicationFilterChain.java:175) ~[tomcat-embed-core-10.1.20.jar:10.1.20]
	at org.apache.catalina.core.ApplicationFilterChain.doFilter(ApplicationFilterChain.java:150) ~[tomcat-embed-core-10.1.20.jar:10.1.20]
	at org.springframework.web.filter.FormContentFilter.doFilterInternal(FormContentFilter.java:93) ~[spring-web-6.1.6.jar:6.1.6]
	at org.springframework.web.filter.OncePerRequestFilter.doFilter(OncePerRequestFilter.java:116) ~[spring-web-6.1.6.jar:6.1.6]
	at org.apache.catalina.core.ApplicationFilterChain.internalDoFilter(ApplicationFilterChain.java:175) ~[tomcat-embed-core-10.1.20.jar:10.1.20]
	at org.apache.catalina.core.ApplicationFilterChain.doFilter(ApplicationFilterChain.java:150) ~[tomcat-embed-core-10.1.20.jar:10.1.20]
	at org.springframework.web.filter.CharacterEncodingFilter.doFilterInternal(CharacterEncodingFilter.java:201) ~[spring-web-6.1.6.jar:6.1.6]
	at org.springframework.web.filter.OncePerRequestFilter.doFilter(OncePerRequestFilter.java:116) ~[spring-web-6.1.6.jar:6.1.6]
	at org.apache.catalina.core.ApplicationFilterChain.internalDoFilter(ApplicationFilterChain.java:175) ~[tomcat-embed-core-10.1.20.jar:10.1.20]
	at org.apache.catalina.core.ApplicationFilterChain.doFilter(ApplicationFilterChain.java:150) ~[tomcat-embed-core-10.1.20.jar:10.1.20]
	at org.apache.catalina.core.StandardWrapperValve.invoke(StandardWrapperValve.java:167) ~[tomcat-embed-core-10.1.20.jar:10.1.20]
	at org.apache.catalina.core.StandardContextValve.invoke(StandardContextValve.java:90) ~[tomcat-embed-core-10.1.20.jar:10.1.20]
	at org.apache.catalina.authenticator.AuthenticatorBase.invoke(AuthenticatorBase.java:482) ~[tomcat-embed-core-10.1.20.jar:10.1.20]
	at org.apache.catalina.core.StandardHostValve.invoke(StandardHostValve.java:115) ~[tomcat-embed-core-10.1.20.jar:10.1.20]
	at org.apache.catalina.valves.ErrorReportValve.invoke(ErrorReportValve.java:93) ~[tomcat-embed-core-10.1.20.jar:10.1.20]
	at org.apache.catalina.core.StandardEngineValve.invoke(StandardEngineValve.java:74) ~[tomcat-embed-core-10.1.20.jar:10.1.20]
	at org.apache.catalina.connector.CoyoteAdapter.service(CoyoteAdapter.java:344) ~[tomcat-embed-core-10.1.20.jar:10.1.20]
	at org.apache.coyote.http11.Http11Processor.service(Http11Processor.java:391) ~[tomcat-embed-core-10.1.20.jar:10.1.20]
	at org.apache.coyote.AbstractProcessorLight.process(AbstractProcessorLight.java:63) ~[tomcat-embed-core-10.1.20.jar:10.1.20]
	at org.apache.coyote.AbstractProtocol$ConnectionHandler.process(AbstractProtocol.java:896) ~[tomcat-embed-core-10.1.20.jar:10.1.20]
	at org.apache.tomcat.util.net.NioEndpoint$SocketProcessor.doRun(NioEndpoint.java:1736) ~[tomcat-embed-core-10.1.20.jar:10.1.20]
	at org.apache.tomcat.util.net.SocketProcessorBase.run(SocketProcessorBase.java:52) ~[tomcat-embed-core-10.1.20.jar:10.1.20]
	at org.apache.tomcat.util.threads.ThreadPoolExecutor.runWorker(ThreadPoolExecutor.java:1191) ~[tomcat-embed-core-10.1.20.jar:10.1.20]
	at org.apache.tomcat.util.threads.ThreadPoolExecutor$Worker.run(ThreadPoolExecutor.java:659) ~[tomcat-embed-core-10.1.20.jar:10.1.20]
	at org.apache.tomcat.util.threads.TaskThread$WrappingRunnable.run(TaskThread.java:63) ~[tomcat-embed-core-10.1.20.jar:10.1.20]
	at java.base/java.lang.Thread.run(Thread.java:1583) ~[na:na]
Caused by: com.fasterxml.jackson.core.JsonParseException: Unexpected character ('\' (code 92)): was expecting double-quote to start field name
 at [Source: (org.springframework.util.StreamUtils$NonClosingInputStream); line: 1, column: 3]
	at com.fasterxml.jackson.core.JsonParser._constructError(JsonParser.java:2477) ~[jackson-core-2.15.4.jar:2.15.4]
	at com.fasterxml.jackson.core.base.ParserMinimalBase._reportError(ParserMinimalBase.java:750) ~[jackson-core-2.15.4.jar:2.15.4]
	at com.fasterxml.jackson.core.base.ParserMinimalBase._reportUnexpectedChar(ParserMinimalBase.java:674) ~[jackson-core-2.15.4.jar:2.15.4]
	at com.fasterxml.jackson.core.json.UTF8StreamJsonParser._handleOddName(UTF8StreamJsonParser.java:2144) ~[jackson-core-2.15.4.jar:2.15.4]
	at com.fasterxml.jackson.core.json.UTF8StreamJsonParser._parseName(UTF8StreamJsonParser.java:1794) ~[jackson-core-2.15.4.jar:2.15.4]
	at com.fasterxml.jackson.core.json.UTF8StreamJsonParser.nextToken(UTF8StreamJsonParser.java:798) ~[jackson-core-2.15.4.jar:2.15.4]
	at com.fasterxml.jackson.databind.deser.BeanDeserializer.deserialize(BeanDeserializer.java:181) ~[jackson-databind-2.15.4.jar:2.15.4]
	at com.fasterxml.jackson.databind.deser.DefaultDeserializationContext.readRootValue(DefaultDeserializationContext.java:323) ~[jackson-databind-2.15.4.jar:2.15.4]
	at com.fasterxml.jackson.databind.ObjectReader._bindAndClose(ObjectReader.java:2105) ~[jackson-databind-2.15.4.jar:2.15.4]
	at com.fasterxml.jackson.databind.ObjectReader.readValue(ObjectReader.java:1481) ~[jackson-databind-2.15.4.jar:2.15.4]
	at org.springframework.http.converter.json.AbstractJackson2HttpMessageConverter.readJavaType(AbstractJackson2HttpMessageConverter.java:395) ~[spring-web-6.1.6.jar:6.1.6]
	... 104 common frames omitted

2026-09-04T20:48:06.901+06:30 DEBUG 6668 --- [nio-8080-exec-6] o.s.security.web.FilterChainProxy        : Securing GET /api/generations/a168b2ac-a104-413d-96eb-901ea2a9c4f0/lock
2026-09-04T20:48:06.972+06:30 DEBUG 6668 --- [nio-8080-exec-6] o.s.s.w.a.AnonymousAuthenticationFilter  : Set SecurityContextHolder to anonymous SecurityContext
2026-09-04T20:48:07.162+06:30 DEBUG 6668 --- [nio-8080-exec-4] o.s.security.web.FilterChainProxy        : Securing POST /api/auth/refresh
2026-09-04T20:48:07.162+06:30 DEBUG 6668 --- [nio-8080-exec-4] o.s.s.w.a.AnonymousAuthenticationFilter  : Set SecurityContextHolder to anonymous SecurityContext
2026-09-04T20:48:07.162+06:30 DEBUG 6668 --- [nio-8080-exec-4] o.s.security.web.FilterChainProxy        : Secured POST /api/auth/refresh
2026-09-04T20:48:09.749+06:30 DEBUG 6668 --- [nio-8080-exec-3] o.s.security.web.FilterChainProxy        : Securing GET /api/generations/a168b2ac-a104-413d-96eb-901ea2a9c4f0/lock
2026-09-04T20:48:09.759+06:30 DEBUG 6668 --- [nio-8080-exec-3] o.s.security.web.FilterChainProxy        : Secured GET /api/generations/a168b2ac-a104-413d-96eb-901ea2a9c4f0/lock
2026-09-04T20:48:09.983+06:30 DEBUG 6668 --- [nio-8080-exec-1] o.s.security.web.FilterChainProxy        : Securing POST /api/generations/a168b2ac-a104-413d-96eb-901ea2a9c4f0/lock
2026-09-04T20:48:09.991+06:30 DEBUG 6668 --- [nio-8080-exec-1] o.s.security.web.FilterChainProxy        : Secured POST /api/generations/a168b2ac-a104-413d-96eb-901ea2a9c4f0/lock
2026-09-04T20:48:23.320+06:30 DEBUG 6668 --- [nio-8080-exec-2] o.s.security.web.FilterChainProxy        : Securing POST /api/auth/login
2026-09-04T20:48:23.320+06:30 DEBUG 6668 --- [nio-8080-exec-2] o.s.s.w.a.AnonymousAuthenticationFilter  : Set SecurityContextHolder to anonymous SecurityContext
2026-09-04T20:48:23.320+06:30 DEBUG 6668 --- [nio-8080-exec-2] o.s.security.web.FilterChainProxy        : Secured POST /api/auth/login
2026-09-04T20:49:06.956+06:30 DEBUG 6668 --- [nio-8080-exec-8] o.s.security.web.FilterChainProxy        : Securing GET /api/generations/a168b2ac-a104-413d-96eb-901ea2a9c4f0/lock
2026-09-04T20:49:06.956+06:30 DEBUG 6668 --- [nio-8080-exec-8] o.s.security.web.FilterChainProxy        : Secured GET /api/generations/a168b2ac-a104-413d-96eb-901ea2a9c4f0/lock
2026-09-04T20:49:06.991+06:30 DEBUG 6668 --- [nio-8080-exec-7] o.s.security.web.FilterChainProxy        : Securing GET /api/users
2026-09-04T20:49:07.005+06:30 DEBUG 6668 --- [nio-8080-exec-7] o.s.security.web.FilterChainProxy        : Secured GET /api/users
2026-09-04T20:49:07.035+06:30 DEBUG 6668 --- [nio-8080-exec-6] o.s.security.web.FilterChainProxy        : Securing GET /api/students
2026-09-04T20:49:07.035+06:30 DEBUG 6668 --- [nio-8080-exec-4] o.s.security.web.FilterChainProxy        : Securing GET /api/staff
2026-09-04T20:49:07.035+06:30 DEBUG 6668 --- [nio-8080-exec-6] o.s.security.web.FilterChainProxy        : Secured GET /api/students
2026-09-04T20:49:07.035+06:30 DEBUG 6668 --- [nio-8080-exec-4] o.s.security.web.FilterChainProxy        : Secured GET /api/staff
2026-09-04T20:49:07.166+06:30 DEBUG 6668 --- [nio-8080-exec-3] o.s.security.web.FilterChainProxy        : Securing POST /api/generations/a168b2ac-a104-413d-96eb-901ea2a9c4f0/lock
2026-09-04T20:49:07.177+06:30 DEBUG 6668 --- [nio-8080-exec-3] o.s.security.web.FilterChainProxy        : Secured POST /api/generations/a168b2ac-a104-413d-96eb-901ea2a9c4f0/lock
2026-09-04T20:49:11.052+06:30 DEBUG 6668 --- [nio-8080-exec-5] o.s.security.web.FilterChainProxy        : Securing POST /api/auth/login
2026-09-04T20:49:11.052+06:30 DEBUG 6668 --- [nio-8080-exec-5] o.s.s.w.a.AnonymousAuthenticationFilter  : Set SecurityContextHolder to anonymous SecurityContext
2026-09-04T20:49:11.052+06:30 DEBUG 6668 --- [nio-8080-exec-5] o.s.security.web.FilterChainProxy        : Secured POST /api/auth/login
2026-09-04T20:49:11.962+06:30 DEBUG 6668 --- [nio-8080-exec-2] o.s.security.web.FilterChainProxy        : Securing GET /api/terms
2026-09-04T20:49:11.962+06:30 DEBUG 6668 --- [nio-8080-exec-2] o.s.security.web.FilterChainProxy        : Secured GET /api/terms
2026-09-04T20:49:50.684+06:30 DEBUG 6668 --- [nio-8080-exec-9] o.s.security.web.FilterChainProxy        : Securing POST /api/auth/login
2026-09-04T20:49:50.684+06:30 DEBUG 6668 --- [nio-8080-exec-9] o.s.s.w.a.AnonymousAuthenticationFilter  : Set SecurityContextHolder to anonymous SecurityContext
2026-09-04T20:49:50.684+06:30 DEBUG 6668 --- [nio-8080-exec-9] o.s.security.web.FilterChainProxy        : Secured POST /api/auth/login
2026-09-04T20:49:52.192+06:30 DEBUG 6668 --- [nio-8080-exec-7] o.s.security.web.FilterChainProxy        : Securing POST /api/generations
2026-09-04T20:49:52.195+06:30 DEBUG 6668 --- [nio-8080-exec-7] o.s.security.web.FilterChainProxy        : Secured POST /api/generations
2026-09-04T20:50:06.970+06:30 DEBUG 6668 --- [nio-8080-exec-2] o.s.security.web.FilterChainProxy        : Securing GET /api/generations/a168b2ac-a104-413d-96eb-901ea2a9c4f0/lock
2026-09-04T20:50:06.972+06:30 DEBUG 6668 --- [nio-8080-exec-2] o.s.security.web.FilterChainProxy        : Secured GET /api/generations/a168b2ac-a104-413d-96eb-901ea2a9c4f0/lock
2026-09-04T20:50:07.607+06:30 DEBUG 6668 --- [io-8080-exec-10] o.s.security.web.FilterChainProxy        : Securing POST /api/generations/a168b2ac-a104-413d-96eb-901ea2a9c4f0/lock
2026-09-04T20:50:07.616+06:30 DEBUG 6668 --- [io-8080-exec-10] o.s.security.web.FilterChainProxy        : Secured POST /api/generations/a168b2ac-a104-413d-96eb-901ea2a9c4f0/lock
2026-09-04T20:50:18.296+06:30 DEBUG 6668 --- [nio-8080-exec-9] o.s.security.web.FilterChainProxy        : Securing POST /api/auth/login
2026-09-04T20:50:18.296+06:30 DEBUG 6668 --- [nio-8080-exec-9] o.s.s.w.a.AnonymousAuthenticationFilter  : Set SecurityContextHolder to anonymous SecurityContext
2026-09-04T20:50:18.296+06:30 DEBUG 6668 --- [nio-8080-exec-9] o.s.security.web.FilterChainProxy        : Secured POST /api/auth/login
2026-09-04T20:50:19.415+06:30 DEBUG 6668 --- [nio-8080-exec-7] o.s.security.web.FilterChainProxy        : Securing POST /api/generations/296e8ea8-1858-4437-809c-3609c92db617/snapshot/prepare
2026-09-04T20:50:19.417+06:30 DEBUG 6668 --- [nio-8080-exec-7] o.s.security.web.FilterChainProxy        : Secured POST /api/generations/296e8ea8-1858-4437-809c-3609c92db617/snapshot/prepare
2026-09-04T20:50:19.757+06:30  INFO 6668 --- [nio-8080-exec-7] c.u.service.TimetableGenerationService   : [SNAPSHOT] WORKSPACE_ENTER generationId=296e8ea8-1858-4437-809c-3609c92db617 workspaceId=efc68a91-5818-41aa-b4fb-893e240ea0ed
2026-09-04T20:50:21.267+06:30  INFO 6668 --- [nio-8080-exec-7] c.u.service.GenerationSnapshot           : [SNAPSHOT] LOOKUP generationId=296e8ea8-1858-4437-809c-3609c92db617 found=false status=null
2026-09-04T20:50:21.290+06:30  INFO 6668 --- [nio-8080-exec-7] c.u.service.GenerationSnapshot           : [SNAPSHOT] CREATE generationId=296e8ea8-1858-4437-809c-3609c92db617 snapshotId=28beff2b-7380-4d5e-be80-518375f07934 termId=efc68a91-5818-41aa-b4fb-893e240ea0ed examTypeId=null
2026-09-04T20:50:21.290+06:30  INFO 6668 --- [nio-8080-exec-7] c.u.service.GenerationSnapshot           : [SNAPSHOT] PREPARING generationId=296e8ea8-1858-4437-809c-3609c92db617 snapshotId=28beff2b-7380-4d5e-be80-518375f07934
2026-09-04T20:50:23.027+06:30  INFO 6668 --- [nio-8080-exec-7] c.u.service.GenerationSnapshot           : [SNAPSHOT] STORE generationId=296e8ea8-1858-4437-809c-3609c92db617 snapshotId=28beff2b-7380-4d5e-be80-518375f07934 key=296e8ea8-1858-4437-809c-3609c92db617 sourceVersion=efc68a91-5818-41aa-b4fb-893e240ea0edA214H232741579M33H120045719CMR1785580227S4H501015944E8H998842484T6H-1402550967
2026-09-04T20:50:23.277+06:30  INFO 6668 --- [nio-8080-exec-7] c.u.service.GenerationSnapshot           : === PARTITION SUMMARY (generation=296e8ea8-1858-4437-809c-3609c92db617) ===
2026-09-04T20:50:23.287+06:30  INFO 6668 --- [nio-8080-exec-7] c.u.service.GenerationSnapshot           :   Sem-7: assignments=38, singletons=32, combineGroups=2, groupedAssignments=6, courseIds=14, requiredSections=ALL
2026-09-04T20:50:23.287+06:30  INFO 6668 --- [nio-8080-exec-7] c.u.service.GenerationSnapshot           :   Sem-1: assignments=27, singletons=21, combineGroups=3, groupedAssignments=6, courseIds=7, requiredSections=ALL
2026-09-04T20:50:23.287+06:30  INFO 6668 --- [nio-8080-exec-7] c.u.service.GenerationSnapshot           :   Sem-5: assignments=34, singletons=31, combineGroups=1, groupedAssignments=3, courseIds=12, requiredSections=ALL
2026-09-04T20:50:23.287+06:30  INFO 6668 --- [nio-8080-exec-7] c.u.service.GenerationSnapshot           :   Sem-8: assignments=0, singletons=0, combineGroups=0, groupedAssignments=0, courseIds=0, requiredSections=ALL
2026-09-04T20:50:23.287+06:30  INFO 6668 --- [nio-8080-exec-7] c.u.service.GenerationSnapshot           :   Sem-3: assignments=28, singletons=24, combineGroups=2, groupedAssignments=4, courseIds=7, requiredSections=ALL
2026-09-04T20:50:23.287+06:30  INFO 6668 --- [nio-8080-exec-7] c.u.service.GenerationSnapshot           :   Sem-4: assignments=28, singletons=22, combineGroups=2, groupedAssignments=6, courseIds=8, requiredSections=ALL
2026-09-04T20:50:23.287+06:30  INFO 6668 --- [nio-8080-exec-7] c.u.service.GenerationSnapshot           :   Sem-6: assignments=32, singletons=30, combineGroups=1, groupedAssignments=2, courseIds=12, requiredSections=ALL
2026-09-04T20:50:23.287+06:30  INFO 6668 --- [nio-8080-exec-7] c.u.service.GenerationSnapshot           :   Sem-2: assignments=27, singletons=21, combineGroups=3, groupedAssignments=6, courseIds=7, requiredSections=ALL
2026-09-04T20:50:23.287+06:30  INFO 6668 --- [nio-8080-exec-7] c.u.service.GenerationSnapshot           : === END PARTITION SUMMARY ===
2026-09-04T20:50:23.287+06:30  INFO 6668 --- [nio-8080-exec-7] c.u.service.GenerationSnapshot           : [SNAPSHOT] READY generationId=296e8ea8-1858-4437-809c-3609c92db617 snapshotId=28beff2b-7380-4d5e-be80-518375f07934 preloadTime=1997ms dbQueries=6 assignments=214 groupMembers=33 requirements=87 timeSlots=6 semesters=8 sourceVersion=efc68a91-5818-41aa-b4fb-893e240ea0edA214H232741579M33H120045719CMR1785580227S4H501015944E8H998842484T6H-1402550967
2026-09-04T20:50:23.291+06:30  INFO 6668 --- [nio-8080-exec-7] c.u.service.TimetableGenerationService   : [SNAPSHOT] READY generationId=296e8ea8-1858-4437-809c-3609c92db617 snapshotId=28beff2b-7380-4d5e-be80-518375f07934 sourceVersion=efc68a91-5818-41aa-b4fb-893e240ea0edA214H232741579M33H120045719CMR1785580227S4H501015944E8H998842484T6H-1402550967 semesters=8
2026-09-04T20:50:23.387+06:30  INFO 6668 --- [nio-8080-exec-7] c.u.service.GenerationSnapshot           : [SNAPSHOT] LOOKUP generationId=296e8ea8-1858-4437-809c-3609c92db617 found=true status=PRELOADED
2026-09-04T20:51:08.302+06:30 DEBUG 6668 --- [nio-8080-exec-1] o.s.security.web.FilterChainProxy        : Securing GET /api/generations/a168b2ac-a104-413d-96eb-901ea2a9c4f0/lock
2026-09-04T20:51:08.302+06:30 DEBUG 6668 --- [nio-8080-exec-3] o.s.security.web.FilterChainProxy        : Securing GET /api/staff
2026-09-04T20:51:08.302+06:30 DEBUG 6668 --- [nio-8080-exec-5] o.s.security.web.FilterChainProxy        : Securing GET /api/users
2026-09-04T20:51:08.302+06:30 DEBUG 6668 --- [nio-8080-exec-2] o.s.security.web.FilterChainProxy        : Securing GET /api/students
2026-09-04T20:51:08.450+06:30 DEBUG 6668 --- [nio-8080-exec-3] o.s.security.web.FilterChainProxy        : Secured GET /api/staff
2026-09-04T20:51:08.450+06:30 DEBUG 6668 --- [nio-8080-exec-2] o.s.security.web.FilterChainProxy        : Secured GET /api/students
2026-09-04T20:51:08.450+06:30 DEBUG 6668 --- [nio-8080-exec-1] o.s.security.web.FilterChainProxy        : Secured GET /api/generations/a168b2ac-a104-413d-96eb-901ea2a9c4f0/lock
2026-09-04T20:51:08.450+06:30 DEBUG 6668 --- [nio-8080-exec-5] o.s.security.web.FilterChainProxy        : Secured GET /api/users
2026-09-04T20:51:09.436+06:30 DEBUG 6668 --- [io-8080-exec-10] o.s.security.web.FilterChainProxy        : Securing POST /api/generations/a168b2ac-a104-413d-96eb-901ea2a9c4f0/lock
2026-09-04T20:51:09.440+06:30 DEBUG 6668 --- [io-8080-exec-10] o.s.security.web.FilterChainProxy        : Secured POST /api/generations/a168b2ac-a104-413d-96eb-901ea2a9c4f0/lock
2026-09-04T20:52:06.934+06:30 DEBUG 6668 --- [nio-8080-exec-9] o.s.security.web.FilterChainProxy        : Securing GET /api/generations/a168b2ac-a104-413d-96eb-901ea2a9c4f0/lock
2026-09-04T20:52:06.939+06:30 DEBUG 6668 --- [nio-8080-exec-9] o.s.security.web.FilterChainProxy        : Secured GET /api/generations/a168b2ac-a104-413d-96eb-901ea2a9c4f0/lock
2026-09-04T20:52:07.176+06:30 DEBUG 6668 --- [nio-8080-exec-8] o.s.security.web.FilterChainProxy        : Securing POST /api/generations/a168b2ac-a104-413d-96eb-901ea2a9c4f0/lock
2026-09-04T20:52:07.181+06:30 DEBUG 6668 --- [nio-8080-exec-8] o.s.security.web.FilterChainProxy        : Secured POST /api/generations/a168b2ac-a104-413d-96eb-901ea2a9c4f0/lock
2026-09-04T20:52:26.304+06:30 DEBUG 6668 --- [nio-8080-exec-1] o.s.security.web.FilterChainProxy        : Securing GET /api/timetable-lobbies
2026-09-04T20:52:26.311+06:30 DEBUG 6668 --- [nio-8080-exec-1] o.s.security.web.FilterChainProxy        : Secured GET /api/timetable-lobbies
2026-09-04T20:52:26.394+06:30 DEBUG 6668 --- [nio-8080-exec-3] o.s.security.web.FilterChainProxy        : Securing GET /api/generations/a168b2ac-a104-413d-96eb-901ea2a9c4f0/lock
2026-09-04T20:52:26.398+06:30 DEBUG 6668 --- [nio-8080-exec-3] o.s.security.web.FilterChainProxy        : Secured GET /api/generations/a168b2ac-a104-413d-96eb-901ea2a9c4f0/lock
2026-09-04T20:52:26.529+06:30 DEBUG 6668 --- [io-8080-exec-10] o.s.security.web.FilterChainProxy        : Securing GET /api/users
2026-09-04T20:52:26.530+06:30 DEBUG 6668 --- [nio-8080-exec-5] o.s.security.web.FilterChainProxy        : Securing GET /api/students
2026-09-04T20:52:26.532+06:30 DEBUG 6668 --- [io-8080-exec-10] o.s.security.web.FilterChainProxy        : Secured GET /api/users
2026-09-04T20:52:26.534+06:30 DEBUG 6668 --- [nio-8080-exec-5] o.s.security.web.FilterChainProxy        : Secured GET /api/students
2026-09-04T20:52:26.535+06:30 DEBUG 6668 --- [nio-8080-exec-2] o.s.security.web.FilterChainProxy        : Securing GET /api/staff
2026-09-04T20:52:26.541+06:30 DEBUG 6668 --- [nio-8080-exec-2] o.s.security.web.FilterChainProxy        : Secured GET /api/staff
2026-09-04T20:52:26.810+06:30 DEBUG 6668 --- [nio-8080-exec-9] o.s.security.web.FilterChainProxy        : Securing POST /api/generations/a168b2ac-a104-413d-96eb-901ea2a9c4f0/lock/heartbeat
2026-09-04T20:52:26.815+06:30 DEBUG 6668 --- [nio-8080-exec-9] o.s.security.web.FilterChainProxy        : Secured POST /api/generations/a168b2ac-a104-413d-96eb-901ea2a9c4f0/lock/heartbeat
2026-09-04T20:52:27.827+06:30 DEBUG 6668 --- [nio-8080-exec-8] o.s.security.web.FilterChainProxy        : Securing GET /api/generations/a168b2ac-a104-413d-96eb-901ea2a9c4f0/lock
2026-09-04T20:52:27.835+06:30 DEBUG 6668 --- [nio-8080-exec-8] o.s.security.web.FilterChainProxy        : Secured GET /api/generations/a168b2ac-a104-413d-96eb-901ea2a9c4f0/lock
2026-09-04T20:52:28.207+06:30 DEBUG 6668 --- [nio-8080-exec-7] o.s.security.web.FilterChainProxy        : Securing POST /api/generations/a168b2ac-a104-413d-96eb-901ea2a9c4f0/lock/heartbeat
2026-09-04T20:52:28.216+06:30 DEBUG 6668 --- [nio-8080-exec-7] o.s.security.web.FilterChainProxy        : Secured POST /api/generations/a168b2ac-a104-413d-96eb-901ea2a9c4f0/lock/heartbeat
2026-09-04T20:52:28.755+06:30 DEBUG 6668 --- [nio-8080-exec-6] o.s.security.web.FilterChainProxy        : Securing GET /api/timetable-lobbies
2026-09-04T20:52:28.762+06:30 DEBUG 6668 --- [nio-8080-exec-6] o.s.security.web.FilterChainProxy        : Secured GET /api/timetable-lobbies
2026-09-04T20:52:32.589+06:30 DEBUG 6668 --- [nio-8080-exec-3] o.s.security.web.FilterChainProxy        : Securing GET /api/timetable-lobbies
2026-09-04T20:52:32.592+06:30 DEBUG 6668 --- [nio-8080-exec-4] o.s.security.web.FilterChainProxy        : Securing GET /api/generations/a168b2ac-a104-413d-96eb-901ea2a9c4f0/lock
2026-09-04T20:52:32.595+06:30 DEBUG 6668 --- [nio-8080-exec-3] o.s.security.web.FilterChainProxy        : Secured GET /api/timetable-lobbies
2026-09-04T20:52:32.605+06:30 DEBUG 6668 --- [nio-8080-exec-4] o.s.security.web.FilterChainProxy        : Secured GET /api/generations/a168b2ac-a104-413d-96eb-901ea2a9c4f0/lock
2026-09-04T20:52:33.952+06:30 DEBUG 6668 --- [nio-8080-exec-2] o.s.security.web.FilterChainProxy        : Securing GET /api/users
2026-09-04T20:52:33.954+06:30 DEBUG 6668 --- [io-8080-exec-10] o.s.security.web.FilterChainProxy        : Securing GET /api/students
2026-09-04T20:52:33.968+06:30 DEBUG 6668 --- [io-8080-exec-10] o.s.security.web.FilterChainProxy        : Secured GET /api/students
2026-09-04T20:52:33.974+06:30 DEBUG 6668 --- [nio-8080-exec-2] o.s.security.web.FilterChainProxy        : Secured GET /api/users
2026-09-04T20:52:34.119+06:30 DEBUG 6668 --- [nio-8080-exec-9] o.s.security.web.FilterChainProxy        : Securing GET /api/staff
2026-09-04T20:52:34.122+06:30 DEBUG 6668 --- [nio-8080-exec-8] o.s.security.web.FilterChainProxy        : Securing GET /api/terms
2026-09-04T20:52:34.123+06:30 DEBUG 6668 --- [nio-8080-exec-9] o.s.security.web.FilterChainProxy        : Secured GET /api/staff
2026-09-04T20:52:34.127+06:30 DEBUG 6668 --- [nio-8080-exec-5] o.s.security.web.FilterChainProxy        : Securing GET /api/staff/me
2026-09-04T20:52:34.129+06:30 DEBUG 6668 --- [nio-8080-exec-8] o.s.security.web.FilterChainProxy        : Secured GET /api/terms
2026-09-04T20:52:34.132+06:30 DEBUG 6668 --- [nio-8080-exec-5] o.s.security.web.FilterChainProxy        : Secured GET /api/staff/me
2026-09-04T20:52:34.435+06:30 DEBUG 6668 --- [nio-8080-exec-1] o.s.security.web.FilterChainProxy        : Securing GET /api/terms
2026-09-04T20:52:34.442+06:30 DEBUG 6668 --- [nio-8080-exec-1] o.s.security.web.FilterChainProxy        : Secured GET /api/terms
2026-09-04T20:52:34.846+06:30 DEBUG 6668 --- [nio-8080-exec-7] o.s.security.web.FilterChainProxy        : Securing GET /api/staff/me
2026-09-04T20:52:34.850+06:30 DEBUG 6668 --- [nio-8080-exec-7] o.s.security.web.FilterChainProxy        : Secured GET /api/staff/me
2026-09-04T20:52:34.879+06:30 DEBUG 6668 --- [nio-8080-exec-6] o.s.security.web.FilterChainProxy        : Securing GET /api/timetable-lobbies
2026-09-04T20:52:34.879+06:30 DEBUG 6668 --- [nio-8080-exec-4] o.s.security.web.FilterChainProxy        : Securing GET /api/generations
2026-09-04T20:52:34.885+06:30 DEBUG 6668 --- [nio-8080-exec-6] o.s.security.web.FilterChainProxy        : Secured GET /api/timetable-lobbies
2026-09-04T20:52:34.887+06:30 DEBUG 6668 --- [nio-8080-exec-4] o.s.security.web.FilterChainProxy        : Secured GET /api/generations
2026-09-04T20:52:34.939+06:30 DEBUG 6668 --- [nio-8080-exec-8] o.s.security.web.FilterChainProxy        : Securing GET /api/generations/manage?termId=efc68a91-5818-41aa-b4fb-893e240ea0ed
2026-09-04T20:52:34.944+06:30 DEBUG 6668 --- [nio-8080-exec-8] o.s.security.web.FilterChainProxy        : Secured GET /api/generations/manage?termId=efc68a91-5818-41aa-b4fb-893e240ea0ed
2026-09-04T20:52:35.650+06:30 DEBUG 6668 --- [nio-8080-exec-2] o.s.security.web.FilterChainProxy        : Securing GET /api/generations
2026-09-04T20:52:35.653+06:30 DEBUG 6668 --- [nio-8080-exec-2] o.s.security.web.FilterChainProxy        : Secured GET /api/generations
2026-09-04T20:52:35.856+06:30 DEBUG 6668 --- [nio-8080-exec-9] o.s.security.web.FilterChainProxy        : Securing GET /api/generations/296e8ea8-1858-4437-809c-3609c92db617
2026-09-04T20:52:35.856+06:30 DEBUG 6668 --- [nio-8080-exec-9] o.s.security.web.FilterChainProxy        : Secured GET /api/generations/296e8ea8-1858-4437-809c-3609c92db617
2026-09-04T20:52:35.866+06:30 DEBUG 6668 --- [nio-8080-exec-5] o.s.security.web.FilterChainProxy        : Securing GET /api/generations/manage?termId=efc68a91-5818-41aa-b4fb-893e240ea0ed
2026-09-04T20:52:35.866+06:30 DEBUG 6668 --- [nio-8080-exec-1] o.s.security.web.FilterChainProxy        : Securing GET /api/time-slots
2026-09-04T20:52:35.866+06:30 DEBUG 6668 --- [nio-8080-exec-5] o.s.security.web.FilterChainProxy        : Secured GET /api/generations/manage?termId=efc68a91-5818-41aa-b4fb-893e240ea0ed
2026-09-04T20:52:35.877+06:30 DEBUG 6668 --- [nio-8080-exec-1] o.s.security.web.FilterChainProxy        : Secured GET /api/time-slots
2026-09-04T20:52:36.152+06:30 DEBUG 6668 --- [nio-8080-exec-3] o.s.security.web.FilterChainProxy        : Securing GET /api/time-slots
2026-09-04T20:52:36.156+06:30 DEBUG 6668 --- [nio-8080-exec-3] o.s.security.web.FilterChainProxy        : Secured GET /api/time-slots
2026-09-04T20:52:36.226+06:30 DEBUG 6668 --- [io-8080-exec-10] o.s.security.web.FilterChainProxy        : Securing GET /api/generations/296e8ea8-1858-4437-809c-3609c92db617
2026-09-04T20:52:36.232+06:30 DEBUG 6668 --- [io-8080-exec-10] o.s.security.web.FilterChainProxy        : Secured GET /api/generations/296e8ea8-1858-4437-809c-3609c92db617
2026-09-04T20:52:36.250+06:30 DEBUG 6668 --- [nio-8080-exec-7] o.s.security.web.FilterChainProxy        : Securing GET /api/exam-types
2026-09-04T20:52:36.252+06:30 DEBUG 6668 --- [nio-8080-exec-7] o.s.security.web.FilterChainProxy        : Secured GET /api/exam-types
2026-09-04T20:52:36.550+06:30 DEBUG 6668 --- [nio-8080-exec-4] o.s.security.web.FilterChainProxy        : Securing GET /api/exam-types
2026-09-04T20:52:36.550+06:30 DEBUG 6668 --- [nio-8080-exec-4] o.s.security.web.FilterChainProxy        : Secured GET /api/exam-types
2026-09-04T20:52:37.176+06:30 DEBUG 6668 --- [nio-8080-exec-8] o.s.security.web.FilterChainProxy        : Securing GET /api/timetable-lobbies
2026-09-04T20:52:37.178+06:30 DEBUG 6668 --- [nio-8080-exec-8] o.s.security.web.FilterChainProxy        : Secured GET /api/timetable-lobbies
2026-09-04T20:52:40.456+06:30 DEBUG 6668 --- [nio-8080-exec-1] o.s.security.web.FilterChainProxy        : Securing GET /api/timetable-lobbies
2026-09-04T20:52:40.465+06:30 DEBUG 6668 --- [nio-8080-exec-1] o.s.security.web.FilterChainProxy        : Secured GET /api/timetable-lobbies
2026-09-04T20:52:43.506+06:30 DEBUG 6668 --- [nio-8080-exec-9] o.s.security.web.FilterChainProxy        : Securing GET /api/timetable-lobbies
2026-09-04T20:52:43.508+06:30 DEBUG 6668 --- [nio-8080-exec-9] o.s.security.web.FilterChainProxy        : Secured GET /api/timetable-lobbies
2026-09-04T20:52:46.461+06:30 DEBUG 6668 --- [nio-8080-exec-3] o.s.security.web.FilterChainProxy        : Securing GET /api/timetable-lobbies
2026-09-04T20:52:46.473+06:30 DEBUG 6668 --- [nio-8080-exec-3] o.s.security.web.FilterChainProxy        : Secured GET /api/timetable-lobbies
2026-09-04T20:52:46.564+06:30 DEBUG 6668 --- [nio-8080-exec-2] o.s.security.web.FilterChainProxy        : Securing GET /api/generations/296e8ea8-1858-4437-809c-3609c92db617/schedules
2026-09-04T20:52:46.564+06:30 DEBUG 6668 --- [io-8080-exec-10] o.s.security.web.FilterChainProxy        : Securing GET /api/generations/scope?termId=efc68a91-5818-41aa-b4fb-893e240ea0ed&examTypeId=4f885c79-0eb3-a8b3-d35d-dee741a88907
2026-09-04T20:52:46.564+06:30 DEBUG 6668 --- [nio-8080-exec-7] o.s.security.web.FilterChainProxy        : Securing GET /api/generations/manage?termId=efc68a91-5818-41aa-b4fb-893e240ea0ed
2026-09-04T20:52:46.571+06:30 DEBUG 6668 --- [nio-8080-exec-2] o.s.security.web.FilterChainProxy        : Secured GET /api/generations/296e8ea8-1858-4437-809c-3609c92db617/schedules
2026-09-04T20:52:46.571+06:30 DEBUG 6668 --- [io-8080-exec-10] o.s.security.web.FilterChainProxy        : Secured GET /api/generations/scope?termId=efc68a91-5818-41aa-b4fb-893e240ea0ed&examTypeId=4f885c79-0eb3-a8b3-d35d-dee741a88907
2026-09-04T20:52:46.571+06:30 DEBUG 6668 --- [nio-8080-exec-7] o.s.security.web.FilterChainProxy        : Secured GET /api/generations/manage?termId=efc68a91-5818-41aa-b4fb-893e240ea0ed
2026-09-04T20:52:46.793+06:30 DEBUG 6668 --- [nio-8080-exec-5] o.s.security.web.FilterChainProxy        : Securing POST /api/auth/login
2026-09-04T20:52:46.795+06:30 DEBUG 6668 --- [nio-8080-exec-5] o.s.s.w.a.AnonymousAuthenticationFilter  : Set SecurityContextHolder to anonymous SecurityContext
2026-09-04T20:52:46.800+06:30 DEBUG 6668 --- [nio-8080-exec-5] o.s.security.web.FilterChainProxy        : Secured POST /api/auth/login
2026-09-04T20:52:47.371+06:30 DEBUG 6668 --- [nio-8080-exec-4] o.s.security.web.FilterChainProxy        : Securing GET /api/generations/296e8ea8-1858-4437-809c-3609c92db617/lock
2026-09-04T20:52:47.371+06:30 DEBUG 6668 --- [nio-8080-exec-4] o.s.security.web.FilterChainProxy        : Secured GET /api/generations/296e8ea8-1858-4437-809c-3609c92db617/lock
2026-09-04T20:52:47.433+06:30 DEBUG 6668 --- [nio-8080-exec-6] o.s.security.web.FilterChainProxy        : Securing POST /api/generations/296e8ea8-1858-4437-809c-3609c92db617/lock
2026-09-04T20:52:47.441+06:30 DEBUG 6668 --- [nio-8080-exec-6] o.s.security.web.FilterChainProxy        : Secured POST /api/generations/296e8ea8-1858-4437-809c-3609c92db617/lock
2026-09-04T20:52:48.051+06:30 DEBUG 6668 --- [nio-8080-exec-1] o.s.security.web.FilterChainProxy        : Securing POST /api/generations/296e8ea8-1858-4437-809c-3609c92db617/snapshot/prepare
2026-09-04T20:52:48.051+06:30 DEBUG 6668 --- [nio-8080-exec-1] o.s.security.web.FilterChainProxy        : Secured POST /api/generations/296e8ea8-1858-4437-809c-3609c92db617/snapshot/prepare
2026-09-04T20:52:48.237+06:30  INFO 6668 --- [nio-8080-exec-1] c.u.service.TimetableGenerationService   : [SNAPSHOT] WORKSPACE_ENTER generationId=296e8ea8-1858-4437-809c-3609c92db617 workspaceId=efc68a91-5818-41aa-b4fb-893e240ea0ed
2026-09-04T20:52:48.621+06:30 DEBUG 6668 --- [nio-8080-exec-9] o.s.security.web.FilterChainProxy        : Securing GET /api/generations/manage?termId=efc68a91-5818-41aa-b4fb-893e240ea0ed
2026-09-04T20:52:48.621+06:30 DEBUG 6668 --- [nio-8080-exec-9] o.s.security.web.FilterChainProxy        : Secured GET /api/generations/manage?termId=efc68a91-5818-41aa-b4fb-893e240ea0ed
2026-09-04T20:52:48.643+06:30 DEBUG 6668 --- [io-8080-exec-10] o.s.security.web.FilterChainProxy        : Securing GET /api/generations/scope?termId=efc68a91-5818-41aa-b4fb-893e240ea0ed&examTypeId=4f885c79-0eb3-a8b3-d35d-dee741a88907
2026-09-04T20:52:48.643+06:30 DEBUG 6668 --- [nio-8080-exec-2] o.s.security.web.FilterChainProxy        : Securing GET /api/generations/296e8ea8-1858-4437-809c-3609c92db617/schedules
2026-09-04T20:52:48.643+06:30 DEBUG 6668 --- [io-8080-exec-10] o.s.security.web.FilterChainProxy        : Secured GET /api/generations/scope?termId=efc68a91-5818-41aa-b4fb-893e240ea0ed&examTypeId=4f885c79-0eb3-a8b3-d35d-dee741a88907
2026-09-04T20:52:48.643+06:30 DEBUG 6668 --- [nio-8080-exec-2] o.s.security.web.FilterChainProxy        : Secured GET /api/generations/296e8ea8-1858-4437-809c-3609c92db617/schedules
2026-09-04T20:52:51.858+06:30 DEBUG 6668 --- [nio-8080-exec-7] o.s.security.web.FilterChainProxy        : Securing GET /api/generations/296e8ea8-1858-4437-809c-3609c92db617/lock
2026-09-04T20:52:51.866+06:30 DEBUG 6668 --- [nio-8080-exec-7] o.s.security.web.FilterChainProxy        : Secured GET /api/generations/296e8ea8-1858-4437-809c-3609c92db617/lock
2026-09-04T20:52:52.161+06:30 DEBUG 6668 --- [nio-8080-exec-4] o.s.security.web.FilterChainProxy        : Securing POST /api/generations/296e8ea8-1858-4437-809c-3609c92db617/lock/heartbeat
2026-09-04T20:52:52.161+06:30 DEBUG 6668 --- [nio-8080-exec-4] o.s.security.web.FilterChainProxy        : Secured POST /api/generations/296e8ea8-1858-4437-809c-3609c92db617/lock/heartbeat
2026-09-04T20:52:54.702+06:30  INFO 6668 --- [nio-8080-exec-1] c.u.service.GenerationSnapshot           : [SNAPSHOT] LOOKUP generationId=296e8ea8-1858-4437-809c-3609c92db617 found=true status=PRELOADED
2026-09-04T20:52:54.702+06:30  INFO 6668 --- [nio-8080-exec-1] c.u.service.TimetableGenerationService   : [SNAPSHOT] REBUILD generationId=296e8ea8-1858-4437-809c-3609c92db617 oldSnapshotId=28beff2b-7380-4d5e-be80-518375f07934 reason=scope-changed
2026-09-04T20:52:54.702+06:30  INFO 6668 --- [nio-8080-exec-1] c.u.service.GenerationSnapshot           : [SNAPSHOT] CREATE generationId=296e8ea8-1858-4437-809c-3609c92db617 snapshotId=64fe62c6-4afe-431a-b89b-63e893624658 termId=efc68a91-5818-41aa-b4fb-893e240ea0ed examTypeId=null
2026-09-04T20:52:54.702+06:30  INFO 6668 --- [nio-8080-exec-1] c.u.service.GenerationSnapshot           : [SNAPSHOT] PREPARING generationId=296e8ea8-1858-4437-809c-3609c92db617 snapshotId=64fe62c6-4afe-431a-b89b-63e893624658
2026-09-04T20:52:55.847+06:30 DEBUG 6668 --- [nio-8080-exec-5] o.s.security.web.FilterChainProxy        : Securing GET /api/generations/296e8ea8-1858-4437-809c-3609c92db617/lock
2026-09-04T20:52:55.852+06:30 DEBUG 6668 --- [nio-8080-exec-5] o.s.security.web.FilterChainProxy        : Secured GET /api/generations/296e8ea8-1858-4437-809c-3609c92db617/lock
2026-09-04T20:52:56.232+06:30 DEBUG 6668 --- [nio-8080-exec-8] o.s.security.web.FilterChainProxy        : Securing POST /api/generations/296e8ea8-1858-4437-809c-3609c92db617/lock/heartbeat
2026-09-04T20:52:56.232+06:30 DEBUG 6668 --- [nio-8080-exec-8] o.s.security.web.FilterChainProxy        : Secured POST /api/generations/296e8ea8-1858-4437-809c-3609c92db617/lock/heartbeat
2026-09-04T20:52:58.642+06:30  INFO 6668 --- [nio-8080-exec-1] c.u.service.GenerationSnapshot           : [SNAPSHOT] STORE generationId=296e8ea8-1858-4437-809c-3609c92db617 snapshotId=64fe62c6-4afe-431a-b89b-63e893624658 key=296e8ea8-1858-4437-809c-3609c92db617 sourceVersion=efc68a91-5818-41aa-b4fb-893e240ea0edA214H232741579M33H120045719CMR1785580227S4H501015944E8H998842484T6H-1402550967
2026-09-04T20:52:59.342+06:30  INFO 6668 --- [nio-8080-exec-1] c.u.service.GenerationSnapshot           : === PARTITION SUMMARY (generation=296e8ea8-1858-4437-809c-3609c92db617) ===
2026-09-04T20:52:59.349+06:30  INFO 6668 --- [nio-8080-exec-1] c.u.service.GenerationSnapshot           :   Sem-7: assignments=38, singletons=32, combineGroups=2, groupedAssignments=6, courseIds=14, requiredSections=ALL
2026-09-04T20:52:59.349+06:30  INFO 6668 --- [nio-8080-exec-1] c.u.service.GenerationSnapshot           :   Sem-1: assignments=27, singletons=21, combineGroups=3, groupedAssignments=6, courseIds=7, requiredSections=ALL
2026-09-04T20:52:59.349+06:30  INFO 6668 --- [nio-8080-exec-1] c.u.service.GenerationSnapshot           :   Sem-5: assignments=34, singletons=31, combineGroups=1, groupedAssignments=3, courseIds=12, requiredSections=ALL
2026-09-04T20:52:59.349+06:30  INFO 6668 --- [nio-8080-exec-1] c.u.service.GenerationSnapshot           :   Sem-8: assignments=0, singletons=0, combineGroups=0, groupedAssignments=0, courseIds=0, requiredSections=ALL
2026-09-04T20:52:59.349+06:30  INFO 6668 --- [nio-8080-exec-1] c.u.service.GenerationSnapshot           :   Sem-3: assignments=28, singletons=24, combineGroups=2, groupedAssignments=4, courseIds=7, requiredSections=ALL
2026-09-04T20:52:59.349+06:30  INFO 6668 --- [nio-8080-exec-1] c.u.service.GenerationSnapshot           :   Sem-4: assignments=28, singletons=22, combineGroups=2, groupedAssignments=6, courseIds=8, requiredSections=ALL
2026-09-04T20:52:59.349+06:30  INFO 6668 --- [nio-8080-exec-1] c.u.service.GenerationSnapshot           :   Sem-6: assignments=32, singletons=30, combineGroups=1, groupedAssignments=2, courseIds=12, requiredSections=ALL
2026-09-04T20:52:59.352+06:30  INFO 6668 --- [nio-8080-exec-1] c.u.service.GenerationSnapshot           :   Sem-2: assignments=27, singletons=21, combineGroups=3, groupedAssignments=6, courseIds=7, requiredSections=ALL
2026-09-04T20:52:59.352+06:30  INFO 6668 --- [nio-8080-exec-1] c.u.service.GenerationSnapshot           : === END PARTITION SUMMARY ===
2026-09-04T20:52:59.352+06:30  INFO 6668 --- [nio-8080-exec-1] c.u.service.GenerationSnapshot           : [SNAPSHOT] READY generationId=296e8ea8-1858-4437-809c-3609c92db617 snapshotId=64fe62c6-4afe-431a-b89b-63e893624658 preloadTime=4650ms dbQueries=6 assignments=214 groupMembers=33 requirements=87 timeSlots=6 semesters=8 sourceVersion=efc68a91-5818-41aa-b4fb-893e240ea0edA214H232741579M33H120045719CMR1785580227S4H501015944E8H998842484T6H-1402550967
2026-09-04T20:52:59.352+06:30  INFO 6668 --- [nio-8080-exec-1] c.u.service.TimetableGenerationService   : [SNAPSHOT] READY generationId=296e8ea8-1858-4437-809c-3609c92db617 snapshotId=64fe62c6-4afe-431a-b89b-63e893624658 sourceVersion=efc68a91-5818-41aa-b4fb-893e240ea0edA214H232741579M33H120045719CMR1785580227S4H501015944E8H998842484T6H-1402550967 semesters=8
2026-09-04T20:52:59.413+06:30  INFO 6668 --- [nio-8080-exec-1] c.u.service.GenerationSnapshot           : [SNAPSHOT] LOOKUP generationId=296e8ea8-1858-4437-809c-3609c92db617 found=true status=PRELOADED
2026-09-04T20:52:59.532+06:30 DEBUG 6668 --- [io-8080-exec-10] o.s.security.web.FilterChainProxy        : Securing GET /api/generations/296e8ea8-1858-4437-809c-3609c92db617/snapshot
2026-09-04T20:52:59.532+06:30 DEBUG 6668 --- [io-8080-exec-10] o.s.security.web.FilterChainProxy        : Secured GET /api/generations/296e8ea8-1858-4437-809c-3609c92db617/snapshot
2026-09-04T20:52:59.667+06:30  INFO 6668 --- [io-8080-exec-10] c.u.service.GenerationSnapshot           : [SNAPSHOT] LOOKUP generationId=296e8ea8-1858-4437-809c-3609c92db617 found=true status=PRELOADED
2026-09-04T20:52:59.857+06:30 DEBUG 6668 --- [nio-8080-exec-6] o.s.security.web.FilterChainProxy        : Securing GET /api/generations/296e8ea8-1858-4437-809c-3609c92db617/lock
2026-09-04T20:52:59.859+06:30 DEBUG 6668 --- [nio-8080-exec-6] o.s.security.web.FilterChainProxy        : Secured GET /api/generations/296e8ea8-1858-4437-809c-3609c92db617/lock
2026-09-04T20:53:00.094+06:30 DEBUG 6668 --- [nio-8080-exec-9] o.s.security.web.FilterChainProxy        : Securing POST /api/generations/296e8ea8-1858-4437-809c-3609c92db617/lock/heartbeat
2026-09-04T20:53:00.094+06:30 DEBUG 6668 --- [nio-8080-exec-9] o.s.security.web.FilterChainProxy        : Secured POST /api/generations/296e8ea8-1858-4437-809c-3609c92db617/lock/heartbeat
2026-09-04T20:53:03.854+06:30 DEBUG 6668 --- [nio-8080-exec-7] o.s.security.web.FilterChainProxy        : Securing GET /api/generations/296e8ea8-1858-4437-809c-3609c92db617/lock
2026-09-04T20:53:03.892+06:30 DEBUG 6668 --- [nio-8080-exec-7] o.s.security.web.FilterChainProxy        : Secured GET /api/generations/296e8ea8-1858-4437-809c-3609c92db617/lock
2026-09-04T20:53:04.332+06:30 DEBUG 6668 --- [nio-8080-exec-4] o.s.security.web.FilterChainProxy        : Securing POST /api/generations/296e8ea8-1858-4437-809c-3609c92db617/lock/heartbeat
2026-09-04T20:53:04.332+06:30 DEBUG 6668 --- [nio-8080-exec-4] o.s.security.web.FilterChainProxy        : Secured POST /api/generations/296e8ea8-1858-4437-809c-3609c92db617/lock/heartbeat
2026-09-04T20:53:07.854+06:30 DEBUG 6668 --- [nio-8080-exec-5] o.s.security.web.FilterChainProxy        : Securing GET /api/generations/296e8ea8-1858-4437-809c-3609c92db617/lock
2026-09-04T20:53:07.858+06:30 DEBUG 6668 --- [nio-8080-exec-5] o.s.security.web.FilterChainProxy        : Secured GET /api/generations/296e8ea8-1858-4437-809c-3609c92db617/lock
2026-09-04T20:53:08.092+06:30 DEBUG 6668 --- [nio-8080-exec-8] o.s.security.web.FilterChainProxy        : Securing POST /api/generations/296e8ea8-1858-4437-809c-3609c92db617/lock/heartbeat
2026-09-04T20:53:08.092+06:30 DEBUG 6668 --- [nio-8080-exec-8] o.s.security.web.FilterChainProxy        : Secured POST /api/generations/296e8ea8-1858-4437-809c-3609c92db617/lock/heartbeat
2026-09-04T20:53:11.851+06:30 DEBUG 6668 --- [nio-8080-exec-1] o.s.security.web.FilterChainProxy        : Securing GET /api/generations/296e8ea8-1858-4437-809c-3609c92db617/lock
2026-09-04T20:53:11.853+06:30 DEBUG 6668 --- [nio-8080-exec-1] o.s.security.web.FilterChainProxy        : Secured GET /api/generations/296e8ea8-1858-4437-809c-3609c92db617/lock
2026-09-04T20:53:12.205+06:30 DEBUG 6668 --- [nio-8080-exec-3] o.s.security.web.FilterChainProxy        : Securing POST /api/generations/296e8ea8-1858-4437-809c-3609c92db617/lock/heartbeat
2026-09-04T20:53:12.210+06:30 DEBUG 6668 --- [nio-8080-exec-3] o.s.security.web.FilterChainProxy        : Secured POST /api/generations/296e8ea8-1858-4437-809c-3609c92db617/lock/heartbeat
2026-09-04T20:53:15.853+06:30 DEBUG 6668 --- [io-8080-exec-10] o.s.security.web.FilterChainProxy        : Securing GET /api/generations/296e8ea8-1858-4437-809c-3609c92db617/lock
2026-09-04T20:53:15.858+06:30 DEBUG 6668 --- [io-8080-exec-10] o.s.security.web.FilterChainProxy        : Secured GET /api/generations/296e8ea8-1858-4437-809c-3609c92db617/lock
2026-09-04T20:53:16.237+06:30 DEBUG 6668 --- [nio-8080-exec-2] o.s.security.web.FilterChainProxy        : Securing POST /api/generations/296e8ea8-1858-4437-809c-3609c92db617/lock/heartbeat
2026-09-04T20:53:16.241+06:30 DEBUG 6668 --- [nio-8080-exec-2] o.s.security.web.FilterChainProxy        : Secured POST /api/generations/296e8ea8-1858-4437-809c-3609c92db617/lock/heartbeat
2026-09-04T20:53:19.853+06:30 DEBUG 6668 --- [nio-8080-exec-6] o.s.security.web.FilterChainProxy        : Securing GET /api/generations/296e8ea8-1858-4437-809c-3609c92db617/lock
2026-09-04T20:53:19.858+06:30 DEBUG 6668 --- [nio-8080-exec-6] o.s.security.web.FilterChainProxy        : Secured GET /api/generations/296e8ea8-1858-4437-809c-3609c92db617/lock
2026-09-04T20:53:20.360+06:30 DEBUG 6668 --- [nio-8080-exec-9] o.s.security.web.FilterChainProxy        : Securing POST /api/generations/296e8ea8-1858-4437-809c-3609c92db617/lock/heartbeat
2026-09-04T20:53:20.363+06:30 DEBUG 6668 --- [nio-8080-exec-9] o.s.security.web.FilterChainProxy        : Secured POST /api/generations/296e8ea8-1858-4437-809c-3609c92db617/lock/heartbeat
2026-09-04T20:53:23.844+06:30 DEBUG 6668 --- [nio-8080-exec-7] o.s.security.web.FilterChainProxy        : Securing GET /api/generations/296e8ea8-1858-4437-809c-3609c92db617/lock
2026-09-04T20:53:23.849+06:30 DEBUG 6668 --- [nio-8080-exec-7] o.s.security.web.FilterChainProxy        : Secured GET /api/generations/296e8ea8-1858-4437-809c-3609c92db617/lock
2026-09-04T20:53:24.124+06:30 DEBUG 6668 --- [nio-8080-exec-4] o.s.security.web.FilterChainProxy        : Securing POST /api/generations/296e8ea8-1858-4437-809c-3609c92db617/lock/heartbeat
2026-09-04T20:53:24.124+06:30 DEBUG 6668 --- [nio-8080-exec-4] o.s.security.web.FilterChainProxy        : Secured POST /api/generations/296e8ea8-1858-4437-809c-3609c92db617/lock/heartbeat
2026-09-04T20:53:27.851+06:30 DEBUG 6668 --- [nio-8080-exec-5] o.s.security.web.FilterChainProxy        : Securing GET /api/generations/296e8ea8-1858-4437-809c-3609c92db617/lock
2026-09-04T20:53:27.856+06:30 DEBUG 6668 --- [nio-8080-exec-5] o.s.security.web.FilterChainProxy        : Secured GET /api/generations/296e8ea8-1858-4437-809c-3609c92db617/lock
2026-09-04T20:53:28.139+06:30 DEBUG 6668 --- [nio-8080-exec-8] o.s.security.web.FilterChainProxy        : Securing POST /api/generations/296e8ea8-1858-4437-809c-3609c92db617/lock/heartbeat
2026-09-04T20:53:28.144+06:30 DEBUG 6668 --- [nio-8080-exec-8] o.s.security.web.FilterChainProxy        : Secured POST /api/generations/296e8ea8-1858-4437-809c-3609c92db617/lock/heartbeat
2026-09-04T20:53:31.834+06:30 DEBUG 6668 --- [nio-8080-exec-1] o.s.security.web.FilterChainProxy        : Securing GET /api/generations/296e8ea8-1858-4437-809c-3609c92db617/lock
2026-09-04T20:53:31.840+06:30 DEBUG 6668 --- [nio-8080-exec-1] o.s.security.web.FilterChainProxy        : Secured GET /api/generations/296e8ea8-1858-4437-809c-3609c92db617/lock
2026-09-04T20:53:32.085+06:30 DEBUG 6668 --- [nio-8080-exec-3] o.s.security.web.FilterChainProxy        : Securing POST /api/generations/296e8ea8-1858-4437-809c-3609c92db617/lock/heartbeat
2026-09-04T20:53:32.085+06:30 DEBUG 6668 --- [nio-8080-exec-3] o.s.security.web.FilterChainProxy        : Secured POST /api/generations/296e8ea8-1858-4437-809c-3609c92db617/lock/heartbeat
2026-09-04T20:53:49.936+06:30 DEBUG 6668 --- [nio-8080-exec-4] o.s.security.web.FilterChainProxy        : Securing GET /api/users
2026-09-04T20:53:49.941+06:30 DEBUG 6668 --- [nio-8080-exec-5] o.s.security.web.FilterChainProxy        : Securing GET /api/students
2026-09-04T20:53:49.941+06:30 DEBUG 6668 --- [nio-8080-exec-4] o.s.security.web.FilterChainProxy        : Secured GET /api/users
2026-09-04T20:53:49.941+06:30 DEBUG 6668 --- [nio-8080-exec-8] o.s.security.web.FilterChainProxy        : Securing GET /api/staff
2026-09-04T20:53:49.945+06:30 DEBUG 6668 --- [nio-8080-exec-5] o.s.security.web.FilterChainProxy        : Secured GET /api/students
2026-09-04T20:53:50.185+06:30 DEBUG 6668 --- [nio-8080-exec-8] o.s.security.web.FilterChainProxy        : Secured GET /api/staff
2026-09-04T20:54:06.847+06:30 DEBUG 6668 --- [nio-8080-exec-1] o.s.security.web.FilterChainProxy        : Securing GET /api/generations/296e8ea8-1858-4437-809c-3609c92db617/lock
2026-09-04T20:54:06.847+06:30 DEBUG 6668 --- [nio-8080-exec-1] o.s.security.web.FilterChainProxy        : Secured GET /api/generations/296e8ea8-1858-4437-809c-3609c92db617/lock
2026-09-04T20:54:07.050+06:30 DEBUG 6668 --- [nio-8080-exec-3] o.s.security.web.FilterChainProxy        : Securing POST /api/generations/296e8ea8-1858-4437-809c-3609c92db617/lock
2026-09-04T20:54:07.050+06:30 DEBUG 6668 --- [nio-8080-exec-3] o.s.security.web.FilterChainProxy        : Secured POST /api/generations/296e8ea8-1858-4437-809c-3609c92db617/lock
2026-09-04T20:55:06.876+06:30 DEBUG 6668 --- [nio-8080-exec-9] o.s.security.web.FilterChainProxy        : Securing GET /api/generations/296e8ea8-1858-4437-809c-3609c92db617/lock
2026-09-04T20:55:06.880+06:30 DEBUG 6668 --- [nio-8080-exec-9] o.s.security.web.FilterChainProxy        : Secured GET /api/generations/296e8ea8-1858-4437-809c-3609c92db617/lock
2026-09-04T20:55:06.931+06:30 DEBUG 6668 --- [nio-8080-exec-7] o.s.security.web.FilterChainProxy        : Securing GET /api/staff
2026-09-04T20:55:06.931+06:30 DEBUG 6668 --- [nio-8080-exec-8] o.s.security.web.FilterChainProxy        : Securing GET /api/users
2026-09-04T20:55:06.931+06:30 DEBUG 6668 --- [nio-8080-exec-5] o.s.security.web.FilterChainProxy        : Securing GET /api/students
2026-09-04T20:55:06.931+06:30 DEBUG 6668 --- [nio-8080-exec-8] o.s.security.web.FilterChainProxy        : Secured GET /api/users
2026-09-04T20:55:06.931+06:30 DEBUG 6668 --- [nio-8080-exec-7] o.s.security.web.FilterChainProxy        : Secured GET /api/staff
2026-09-04T20:55:06.931+06:30 DEBUG 6668 --- [nio-8080-exec-5] o.s.security.web.FilterChainProxy        : Secured GET /api/students
2026-09-04T20:55:07.611+06:30 DEBUG 6668 --- [nio-8080-exec-4] o.s.security.web.FilterChainProxy        : Securing POST /api/generations/296e8ea8-1858-4437-809c-3609c92db617/lock
2026-09-04T20:55:07.615+06:30 DEBUG 6668 --- [nio-8080-exec-4] o.s.security.web.FilterChainProxy        : Secured POST /api/generations/296e8ea8-1858-4437-809c-3609c92db617/lock
2026-09-04T20:55:53.384+06:30 DEBUG 6668 --- [nio-8080-exec-1] o.s.security.web.FilterChainProxy        : Securing GET /api/timetable-lobbies
2026-09-04T20:55:53.388+06:30 DEBUG 6668 --- [nio-8080-exec-1] o.s.security.web.FilterChainProxy        : Secured GET /api/timetable-lobbies
2026-09-04T20:55:53.438+06:30 DEBUG 6668 --- [nio-8080-exec-3] o.s.security.web.FilterChainProxy        : Securing GET /api/generations/296e8ea8-1858-4437-809c-3609c92db617/lock
2026-09-04T20:55:53.441+06:30 DEBUG 6668 --- [nio-8080-exec-3] o.s.security.web.FilterChainProxy        : Secured GET /api/generations/296e8ea8-1858-4437-809c-3609c92db617/lock
2026-09-04T20:55:53.803+06:30 DEBUG 6668 --- [io-8080-exec-10] o.s.security.web.FilterChainProxy        : Securing POST /api/generations/296e8ea8-1858-4437-809c-3609c92db617/lock
2026-09-04T20:55:53.809+06:30 DEBUG 6668 --- [io-8080-exec-10] o.s.security.web.FilterChainProxy        : Secured POST /api/generations/296e8ea8-1858-4437-809c-3609c92db617/lock
2026-09-04T20:55:55.382+06:30 DEBUG 6668 --- [nio-8080-exec-2] o.s.security.web.FilterChainProxy        : Securing GET /api/generations/296e8ea8-1858-4437-809c-3609c92db617/lock
2026-09-04T20:55:55.385+06:30 DEBUG 6668 --- [nio-8080-exec-2] o.s.security.web.FilterChainProxy        : Secured GET /api/generations/296e8ea8-1858-4437-809c-3609c92db617/lock
2026-09-04T20:55:55.432+06:30 DEBUG 6668 --- [nio-8080-exec-6] o.s.security.web.FilterChainProxy        : Securing POST /api/generations/296e8ea8-1858-4437-809c-3609c92db617/lock
2026-09-04T20:55:55.435+06:30 DEBUG 6668 --- [nio-8080-exec-6] o.s.security.web.FilterChainProxy        : Secured POST /api/generations/296e8ea8-1858-4437-809c-3609c92db617/lock
2026-09-04T20:55:59.379+06:30 DEBUG 6668 --- [nio-8080-exec-9] o.s.security.web.FilterChainProxy        : Securing GET /api/generations/296e8ea8-1858-4437-809c-3609c92db617/lock
2026-09-04T20:55:59.382+06:30 DEBUG 6668 --- [nio-8080-exec-9] o.s.security.web.FilterChainProxy        : Secured GET /api/generations/296e8ea8-1858-4437-809c-3609c92db617/lock
2026-09-04T20:56:00.144+06:30 DEBUG 6668 --- [nio-8080-exec-4] o.s.security.web.FilterChainProxy        : Securing POST /api/generations/296e8ea8-1858-4437-809c-3609c92db617/lock/heartbeat
2026-09-04T20:56:00.144+06:30 DEBUG 6668 --- [nio-8080-exec-4] o.s.security.web.FilterChainProxy        : Secured POST /api/generations/296e8ea8-1858-4437-809c-3609c92db617/lock/heartbeat
2026-09-04T20:56:00.742+06:30 DEBUG 6668 --- [nio-8080-exec-7] o.s.security.web.FilterChainProxy        : Securing GET /api/timetable-lobbies
2026-09-04T20:56:00.746+06:30 DEBUG 6668 --- [nio-8080-exec-7] o.s.security.web.FilterChainProxy        : Secured GET /api/timetable-lobbies
2026-09-04T20:56:03.402+06:30 DEBUG 6668 --- [nio-8080-exec-8] o.s.security.web.FilterChainProxy        : Securing GET /api/generations/296e8ea8-1858-4437-809c-3609c92db617/lock
2026-09-04T20:56:03.405+06:30 DEBUG 6668 --- [nio-8080-exec-8] o.s.security.web.FilterChainProxy        : Secured GET /api/generations/296e8ea8-1858-4437-809c-3609c92db617/lock
2026-09-04T20:56:03.621+06:30 DEBUG 6668 --- [nio-8080-exec-5] o.s.security.web.FilterChainProxy        : Securing POST /api/generations/296e8ea8-1858-4437-809c-3609c92db617/lock/heartbeat
2026-09-04T20:56:03.627+06:30 DEBUG 6668 --- [nio-8080-exec-5] o.s.security.web.FilterChainProxy        : Secured POST /api/generations/296e8ea8-1858-4437-809c-3609c92db617/lock/heartbeat
2026-09-04T20:56:04.450+06:30 DEBUG 6668 --- [nio-8080-exec-3] o.s.security.web.FilterChainProxy        : Securing GET /api/timetable-lobbies
2026-09-04T20:56:04.454+06:30 DEBUG 6668 --- [nio-8080-exec-3] o.s.security.web.FilterChainProxy        : Secured GET /api/timetable-lobbies
2026-09-04T20:56:07.132+06:30 DEBUG 6668 --- [nio-8080-exec-2] o.s.security.web.FilterChainProxy        : Securing GET /api/timetable-lobbies
2026-09-04T20:56:07.133+06:30 DEBUG 6668 --- [nio-8080-exec-2] o.s.security.web.FilterChainProxy        : Secured GET /api/timetable-lobbies
2026-09-04T20:56:07.354+06:30 DEBUG 6668 --- [io-8080-exec-10] o.s.security.web.FilterChainProxy        : Securing GET /api/generations/296e8ea8-1858-4437-809c-3609c92db617/lock
2026-09-04T20:56:07.356+06:30 DEBUG 6668 --- [io-8080-exec-10] o.s.security.web.FilterChainProxy        : Secured GET /api/generations/296e8ea8-1858-4437-809c-3609c92db617/lock
2026-09-04T20:56:07.586+06:30 DEBUG 6668 --- [nio-8080-exec-6] o.s.security.web.FilterChainProxy        : Securing POST /api/generations/296e8ea8-1858-4437-809c-3609c92db617/lock/heartbeat
2026-09-04T20:56:07.589+06:30 DEBUG 6668 --- [nio-8080-exec-6] o.s.security.web.FilterChainProxy        : Secured POST /api/generations/296e8ea8-1858-4437-809c-3609c92db617/lock/heartbeat
2026-09-04T20:56:11.385+06:30 DEBUG 6668 --- [nio-8080-exec-9] o.s.security.web.FilterChainProxy        : Securing GET /api/generations/296e8ea8-1858-4437-809c-3609c92db617/lock
2026-09-04T20:56:11.393+06:30 DEBUG 6668 --- [nio-8080-exec-9] o.s.security.web.FilterChainProxy        : Secured GET /api/generations/296e8ea8-1858-4437-809c-3609c92db617/lock
2026-09-04T20:56:11.955+06:30 DEBUG 6668 --- [nio-8080-exec-1] o.s.security.web.FilterChainProxy        : Securing POST /api/generations/296e8ea8-1858-4437-809c-3609c92db617/lock/heartbeat
2026-09-04T20:56:11.958+06:30 DEBUG 6668 --- [nio-8080-exec-1] o.s.security.web.FilterChainProxy        : Secured POST /api/generations/296e8ea8-1858-4437-809c-3609c92db617/lock/heartbeat
2026-09-04T20:56:12.729+06:30 DEBUG 6668 --- [nio-8080-exec-4] o.s.security.web.FilterChainProxy        : Securing GET /api/timetable-lobbies
2026-09-04T20:56:12.732+06:30 DEBUG 6668 --- [nio-8080-exec-4] o.s.security.web.FilterChainProxy        : Secured GET /api/timetable-lobbies
2026-09-04T20:56:15.405+06:30 DEBUG 6668 --- [nio-8080-exec-7] o.s.security.web.FilterChainProxy        : Securing GET /api/generations/296e8ea8-1858-4437-809c-3609c92db617/lock
2026-09-04T20:56:15.416+06:30 DEBUG 6668 --- [nio-8080-exec-7] o.s.security.web.FilterChainProxy        : Secured GET /api/generations/296e8ea8-1858-4437-809c-3609c92db617/lock
2026-09-04T20:56:16.106+06:30 DEBUG 6668 --- [nio-8080-exec-5] o.s.security.web.FilterChainProxy        : Securing POST /api/generations/296e8ea8-1858-4437-809c-3609c92db617/lock/heartbeat
2026-09-04T20:56:16.106+06:30 DEBUG 6668 --- [nio-8080-exec-5] o.s.security.web.FilterChainProxy        : Secured POST /api/generations/296e8ea8-1858-4437-809c-3609c92db617/lock/heartbeat
2026-09-04T20:56:17.850+06:30 DEBUG 6668 --- [nio-8080-exec-3] o.s.security.web.FilterChainProxy        : Securing GET /api/timetable-lobbies
2026-09-04T20:56:17.854+06:30 DEBUG 6668 --- [nio-8080-exec-3] o.s.security.web.FilterChainProxy        : Secured GET /api/timetable-lobbies
2026-09-04T20:56:18.884+06:30 DEBUG 6668 --- [io-8080-exec-10] o.s.security.web.FilterChainProxy        : Securing GET /api/users
2026-09-04T20:56:18.886+06:30 DEBUG 6668 --- [io-8080-exec-10] o.s.security.web.FilterChainProxy        : Secured GET /api/users
2026-09-04T20:56:18.887+06:30 DEBUG 6668 --- [nio-8080-exec-6] o.s.security.web.FilterChainProxy        : Securing GET /api/staff
2026-09-04T20:56:18.888+06:30 DEBUG 6668 --- [nio-8080-exec-9] o.s.security.web.FilterChainProxy        : Securing GET /api/students
2026-09-04T20:56:18.889+06:30 DEBUG 6668 --- [nio-8080-exec-6] o.s.security.web.FilterChainProxy        : Secured GET /api/staff
2026-09-04T20:56:18.889+06:30 DEBUG 6668 --- [nio-8080-exec-9] o.s.security.web.FilterChainProxy        : Secured GET /api/students
2026-09-04T20:56:19.375+06:30 DEBUG 6668 --- [nio-8080-exec-2] o.s.security.web.FilterChainProxy        : Securing GET /api/generations/296e8ea8-1858-4437-809c-3609c92db617/lock
2026-09-04T20:56:19.377+06:30 DEBUG 6668 --- [nio-8080-exec-2] o.s.security.web.FilterChainProxy        : Secured GET /api/generations/296e8ea8-1858-4437-809c-3609c92db617/lock
2026-09-04T20:56:19.649+06:30 DEBUG 6668 --- [nio-8080-exec-1] o.s.security.web.FilterChainProxy        : Securing POST /api/generations/296e8ea8-1858-4437-809c-3609c92db617/lock/heartbeat
2026-09-04T20:56:19.653+06:30 DEBUG 6668 --- [nio-8080-exec-1] o.s.security.web.FilterChainProxy        : Secured POST /api/generations/296e8ea8-1858-4437-809c-3609c92db617/lock/heartbeat
2026-09-04T20:56:20.717+06:30 DEBUG 6668 --- [nio-8080-exec-8] o.s.security.web.FilterChainProxy        : Securing GET /api/timetable-lobbies
2026-09-04T20:56:20.719+06:30 DEBUG 6668 --- [nio-8080-exec-8] o.s.security.web.FilterChainProxy        : Secured GET /api/timetable-lobbies
2026-09-04T20:56:23.375+06:30 DEBUG 6668 --- [nio-8080-exec-7] o.s.security.web.FilterChainProxy        : Securing GET /api/generations/296e8ea8-1858-4437-809c-3609c92db617/lock
2026-09-04T20:56:23.379+06:30 DEBUG 6668 --- [nio-8080-exec-7] o.s.security.web.FilterChainProxy        : Secured GET /api/generations/296e8ea8-1858-4437-809c-3609c92db617/lock
2026-09-04T20:56:23.725+06:30 DEBUG 6668 --- [nio-8080-exec-4] o.s.security.web.FilterChainProxy        : Securing POST /api/generations/296e8ea8-1858-4437-809c-3609c92db617/lock/heartbeat
2026-09-04T20:56:23.729+06:30 DEBUG 6668 --- [nio-8080-exec-4] o.s.security.web.FilterChainProxy        : Secured POST /api/generations/296e8ea8-1858-4437-809c-3609c92db617/lock/heartbeat
2026-09-04T20:56:25.840+06:30 DEBUG 6668 --- [nio-8080-exec-5] o.s.security.web.FilterChainProxy        : Securing GET /api/timetable-lobbies
2026-09-04T20:56:25.842+06:30 DEBUG 6668 --- [nio-8080-exec-5] o.s.security.web.FilterChainProxy        : Secured GET /api/timetable-lobbies
2026-09-04T20:56:27.396+06:30 DEBUG 6668 --- [nio-8080-exec-9] o.s.security.web.FilterChainProxy        : Securing GET /api/generations/296e8ea8-1858-4437-809c-3609c92db617/lock
2026-09-04T20:56:27.396+06:30 DEBUG 6668 --- [nio-8080-exec-9] o.s.security.web.FilterChainProxy        : Secured GET /api/generations/296e8ea8-1858-4437-809c-3609c92db617/lock
2026-09-04T20:56:28.324+06:30 DEBUG 6668 --- [nio-8080-exec-2] o.s.security.web.FilterChainProxy        : Securing POST /api/generations/296e8ea8-1858-4437-809c-3609c92db617/lock/heartbeat
2026-09-04T20:56:28.328+06:30 DEBUG 6668 --- [nio-8080-exec-2] o.s.security.web.FilterChainProxy        : Secured POST /api/generations/296e8ea8-1858-4437-809c-3609c92db617/lock/heartbeat
2026-09-04T20:56:30.439+06:30 DEBUG 6668 --- [nio-8080-exec-6] o.s.security.web.FilterChainProxy        : Securing GET /api/timetable-lobbies
2026-09-04T20:56:30.445+06:30 DEBUG 6668 --- [nio-8080-exec-6] o.s.security.web.FilterChainProxy        : Secured GET /api/timetable-lobbies
2026-09-04T20:56:31.852+06:30 DEBUG 6668 --- [io-8080-exec-10] o.s.security.web.FilterChainProxy        : Securing GET /api/generations/296e8ea8-1858-4437-809c-3609c92db617/lock
2026-09-04T20:56:31.852+06:30 DEBUG 6668 --- [io-8080-exec-10] o.s.security.web.FilterChainProxy        : Secured GET /api/generations/296e8ea8-1858-4437-809c-3609c92db617/lock
2026-09-04T20:56:32.854+06:30 DEBUG 6668 --- [nio-8080-exec-1] o.s.security.web.FilterChainProxy        : Securing POST /api/generations/296e8ea8-1858-4437-809c-3609c92db617/lock/heartbeat
2026-09-04T20:56:32.867+06:30 DEBUG 6668 --- [nio-8080-exec-1] o.s.security.web.FilterChainProxy        : Secured POST /api/generations/296e8ea8-1858-4437-809c-3609c92db617/lock/heartbeat
2026-09-04T20:56:35.843+06:30 DEBUG 6668 --- [nio-8080-exec-3] o.s.security.web.FilterChainProxy        : Securing GET /api/generations/296e8ea8-1858-4437-809c-3609c92db617/lock
2026-09-04T20:56:35.849+06:30 DEBUG 6668 --- [nio-8080-exec-3] o.s.security.web.FilterChainProxy        : Secured GET /api/generations/296e8ea8-1858-4437-809c-3609c92db617/lock
2026-09-04T20:56:36.131+06:30 DEBUG 6668 --- [nio-8080-exec-8] o.s.security.web.FilterChainProxy        : Securing POST /api/generations/296e8ea8-1858-4437-809c-3609c92db617/lock/heartbeat
2026-09-04T20:56:36.131+06:30 DEBUG 6668 --- [nio-8080-exec-8] o.s.security.web.FilterChainProxy        : Secured POST /api/generations/296e8ea8-1858-4437-809c-3609c92db617/lock/heartbeat
2026-09-04T20:56:40.171+06:30 DEBUG 6668 --- [nio-8080-exec-7] o.s.security.web.FilterChainProxy        : Securing GET /api/generations/296e8ea8-1858-4437-809c-3609c92db617/lock
2026-09-04T20:56:40.183+06:30 DEBUG 6668 --- [nio-8080-exec-7] o.s.security.web.FilterChainProxy        : Secured GET /api/generations/296e8ea8-1858-4437-809c-3609c92db617/lock
2026-09-04T20:56:40.467+06:30 DEBUG 6668 --- [nio-8080-exec-4] o.s.security.web.FilterChainProxy        : Securing POST /api/generations/296e8ea8-1858-4437-809c-3609c92db617/lock/heartbeat
2026-09-04T20:56:40.472+06:30 DEBUG 6668 --- [nio-8080-exec-4] o.s.security.web.FilterChainProxy        : Secured POST /api/generations/296e8ea8-1858-4437-809c-3609c92db617/lock/heartbeat
2026-09-04T20:56:43.845+06:30 DEBUG 6668 --- [nio-8080-exec-9] o.s.security.web.FilterChainProxy        : Securing GET /api/generations/296e8ea8-1858-4437-809c-3609c92db617/lock
2026-09-04T20:56:43.850+06:30 DEBUG 6668 --- [nio-8080-exec-9] o.s.security.web.FilterChainProxy        : Secured GET /api/generations/296e8ea8-1858-4437-809c-3609c92db617/lock
2026-09-04T20:56:44.452+06:30 DEBUG 6668 --- [nio-8080-exec-5] o.s.security.web.FilterChainProxy        : Securing POST /api/generations/296e8ea8-1858-4437-809c-3609c92db617/lock/heartbeat
2026-09-04T20:56:44.459+06:30 DEBUG 6668 --- [nio-8080-exec-5] o.s.security.web.FilterChainProxy        : Secured POST /api/generations/296e8ea8-1858-4437-809c-3609c92db617/lock/heartbeat
2026-09-04T20:56:47.842+06:30 DEBUG 6668 --- [nio-8080-exec-2] o.s.security.web.FilterChainProxy        : Securing GET /api/generations/296e8ea8-1858-4437-809c-3609c92db617/lock
2026-09-04T20:56:47.842+06:30 DEBUG 6668 --- [nio-8080-exec-2] o.s.security.web.FilterChainProxy        : Secured GET /api/generations/296e8ea8-1858-4437-809c-3609c92db617/lock
2026-09-04T20:56:48.470+06:30 DEBUG 6668 --- [io-8080-exec-10] o.s.security.web.FilterChainProxy        : Securing POST /api/generations/296e8ea8-1858-4437-809c-3609c92db617/lock/heartbeat
2026-09-04T20:56:48.472+06:30 DEBUG 6668 --- [io-8080-exec-10] o.s.security.web.FilterChainProxy        : Secured POST /api/generations/296e8ea8-1858-4437-809c-3609c92db617/lock/heartbeat
2026-09-04T20:56:51.854+06:30 DEBUG 6668 --- [nio-8080-exec-6] o.s.security.web.FilterChainProxy        : Securing GET /api/generations/296e8ea8-1858-4437-809c-3609c92db617/lock
2026-09-04T20:56:51.856+06:30 DEBUG 6668 --- [nio-8080-exec-6] o.s.security.web.FilterChainProxy        : Secured GET /api/generations/296e8ea8-1858-4437-809c-3609c92db617/lock
2026-09-04T20:56:52.075+06:30 DEBUG 6668 --- [nio-8080-exec-1] o.s.security.web.FilterChainProxy        : Securing POST /api/generations/296e8ea8-1858-4437-809c-3609c92db617/lock/heartbeat
2026-09-04T20:56:52.079+06:30 DEBUG 6668 --- [nio-8080-exec-1] o.s.security.web.FilterChainProxy        : Secured POST /api/generations/296e8ea8-1858-4437-809c-3609c92db617/lock/heartbeat
2026-09-04T20:56:55.848+06:30 DEBUG 6668 --- [nio-8080-exec-3] o.s.security.web.FilterChainProxy        : Securing GET /api/generations/296e8ea8-1858-4437-809c-3609c92db617/lock
2026-09-04T20:56:55.853+06:30 DEBUG 6668 --- [nio-8080-exec-3] o.s.security.web.FilterChainProxy        : Secured GET /api/generations/296e8ea8-1858-4437-809c-3609c92db617/lock
2026-09-04T20:56:57.470+06:30 DEBUG 6668 --- [nio-8080-exec-8] o.s.security.web.FilterChainProxy        : Securing POST /api/generations/296e8ea8-1858-4437-809c-3609c92db617/lock/heartbeat
2026-09-04T20:56:57.474+06:30 DEBUG 6668 --- [nio-8080-exec-8] o.s.security.web.FilterChainProxy        : Secured POST /api/generations/296e8ea8-1858-4437-809c-3609c92db617/lock/heartbeat
2026-09-04T20:56:59.838+06:30 DEBUG 6668 --- [nio-8080-exec-7] o.s.security.web.FilterChainProxy        : Securing GET /api/generations/296e8ea8-1858-4437-809c-3609c92db617/lock
2026-09-04T20:56:59.838+06:30 DEBUG 6668 --- [nio-8080-exec-7] o.s.security.web.FilterChainProxy        : Secured GET /api/generations/296e8ea8-1858-4437-809c-3609c92db617/lock
2026-09-04T20:57:00.093+06:30 DEBUG 6668 --- [nio-8080-exec-4] o.s.security.web.FilterChainProxy        : Securing POST /api/generations/296e8ea8-1858-4437-809c-3609c92db617/lock/heartbeat
2026-09-04T20:57:00.095+06:30 DEBUG 6668 --- [nio-8080-exec-4] o.s.security.web.FilterChainProxy        : Secured POST /api/generations/296e8ea8-1858-4437-809c-3609c92db617/lock/heartbeat
2026-09-04T20:57:03.855+06:30 DEBUG 6668 --- [nio-8080-exec-9] o.s.security.web.FilterChainProxy        : Securing GET /api/generations/296e8ea8-1858-4437-809c-3609c92db617/lock
2026-09-04T20:57:03.855+06:30 DEBUG 6668 --- [nio-8080-exec-9] o.s.security.web.FilterChainProxy        : Secured GET /api/generations/296e8ea8-1858-4437-809c-3609c92db617/lock
2026-09-04T20:57:04.663+06:30 DEBUG 6668 --- [nio-8080-exec-5] o.s.security.web.FilterChainProxy        : Securing POST /api/generations/296e8ea8-1858-4437-809c-3609c92db617/lock/heartbeat
2026-09-04T20:57:04.663+06:30 DEBUG 6668 --- [nio-8080-exec-5] o.s.security.web.FilterChainProxy        : Secured POST /api/generations/296e8ea8-1858-4437-809c-3609c92db617/lock/heartbeat
2026-09-04T20:57:07.845+06:30 DEBUG 6668 --- [nio-8080-exec-2] o.s.security.web.FilterChainProxy        : Securing GET /api/generations/296e8ea8-1858-4437-809c-3609c92db617/lock
2026-09-04T20:57:07.845+06:30 DEBUG 6668 --- [nio-8080-exec-2] o.s.security.web.FilterChainProxy        : Secured GET /api/generations/296e8ea8-1858-4437-809c-3609c92db617/lock
2026-09-04T20:57:08.163+06:30 DEBUG 6668 --- [io-8080-exec-10] o.s.security.web.FilterChainProxy        : Securing POST /api/generations/296e8ea8-1858-4437-809c-3609c92db617/lock/heartbeat
2026-09-04T20:57:08.163+06:30 DEBUG 6668 --- [io-8080-exec-10] o.s.security.web.FilterChainProxy        : Secured POST /api/generations/296e8ea8-1858-4437-809c-3609c92db617/lock/heartbeat
2026-09-04T20:57:11.849+06:30 DEBUG 6668 --- [nio-8080-exec-6] o.s.security.web.FilterChainProxy        : Securing GET /api/generations/296e8ea8-1858-4437-809c-3609c92db617/lock
2026-09-04T20:57:11.849+06:30 DEBUG 6668 --- [nio-8080-exec-6] o.s.security.web.FilterChainProxy        : Secured GET /api/generations/296e8ea8-1858-4437-809c-3609c92db617/lock
2026-09-04T20:57:12.089+06:30 DEBUG 6668 --- [nio-8080-exec-1] o.s.security.web.FilterChainProxy        : Securing POST /api/generations/296e8ea8-1858-4437-809c-3609c92db617/lock/heartbeat
2026-09-04T20:57:12.091+06:30 DEBUG 6668 --- [nio-8080-exec-1] o.s.security.web.FilterChainProxy        : Secured POST /api/generations/296e8ea8-1858-4437-809c-3609c92db617/lock/heartbeat
2026-09-04T20:57:15.847+06:30 DEBUG 6668 --- [nio-8080-exec-3] o.s.security.web.FilterChainProxy        : Securing GET /api/generations/296e8ea8-1858-4437-809c-3609c92db617/lock
2026-09-04T20:57:15.847+06:30 DEBUG 6668 --- [nio-8080-exec-3] o.s.security.web.FilterChainProxy        : Secured GET /api/generations/296e8ea8-1858-4437-809c-3609c92db617/lock
2026-09-04T20:57:16.319+06:30 DEBUG 6668 --- [nio-8080-exec-8] o.s.security.web.FilterChainProxy        : Securing POST /api/generations/296e8ea8-1858-4437-809c-3609c92db617/lock/heartbeat
2026-09-04T20:57:16.324+06:30 DEBUG 6668 --- [nio-8080-exec-8] o.s.security.web.FilterChainProxy        : Secured POST /api/generations/296e8ea8-1858-4437-809c-3609c92db617/lock/heartbeat
2026-09-04T20:57:20.106+06:30 DEBUG 6668 --- [nio-8080-exec-5] o.s.security.web.FilterChainProxy        : Securing GET /api/generations/296e8ea8-1858-4437-809c-3609c92db617/lock
2026-09-04T20:57:20.114+06:30 DEBUG 6668 --- [nio-8080-exec-5] o.s.security.web.FilterChainProxy        : Secured GET /api/generations/296e8ea8-1858-4437-809c-3609c92db617/lock
2026-09-04T20:57:20.898+06:30 DEBUG 6668 --- [nio-8080-exec-2] o.s.security.web.FilterChainProxy        : Securing POST /api/generations/296e8ea8-1858-4437-809c-3609c92db617/lock/heartbeat
2026-09-04T20:57:20.898+06:30 DEBUG 6668 --- [nio-8080-exec-2] o.s.security.web.FilterChainProxy        : Secured POST /api/generations/296e8ea8-1858-4437-809c-3609c92db617/lock/heartbeat
2026-09-04T20:57:23.845+06:30 DEBUG 6668 --- [io-8080-exec-10] o.s.security.web.FilterChainProxy        : Securing GET /api/generations/296e8ea8-1858-4437-809c-3609c92db617/lock
2026-09-04T20:57:23.849+06:30 DEBUG 6668 --- [io-8080-exec-10] o.s.security.web.FilterChainProxy        : Secured GET /api/generations/296e8ea8-1858-4437-809c-3609c92db617/lock
2026-09-04T20:57:24.119+06:30 DEBUG 6668 --- [nio-8080-exec-6] o.s.security.web.FilterChainProxy        : Securing POST /api/generations/296e8ea8-1858-4437-809c-3609c92db617/lock/heartbeat
2026-09-04T20:57:24.119+06:30 DEBUG 6668 --- [nio-8080-exec-6] o.s.security.web.FilterChainProxy        : Secured POST /api/generations/296e8ea8-1858-4437-809c-3609c92db617/lock/heartbeat
2026-09-04T20:57:27.835+06:30 DEBUG 6668 --- [nio-8080-exec-1] o.s.security.web.FilterChainProxy        : Securing GET /api/generations/296e8ea8-1858-4437-809c-3609c92db617/lock
2026-09-04T20:57:27.835+06:30 DEBUG 6668 --- [nio-8080-exec-1] o.s.security.web.FilterChainProxy        : Secured GET /api/generations/296e8ea8-1858-4437-809c-3609c92db617/lock
2026-09-04T20:57:28.579+06:30 DEBUG 6668 --- [nio-8080-exec-3] o.s.security.web.FilterChainProxy        : Securing POST /api/generations/296e8ea8-1858-4437-809c-3609c92db617/lock/heartbeat
2026-09-04T20:57:28.579+06:30 DEBUG 6668 --- [nio-8080-exec-3] o.s.security.web.FilterChainProxy        : Secured POST /api/generations/296e8ea8-1858-4437-809c-3609c92db617/lock/heartbeat
2026-09-04T20:58:06.988+06:30 DEBUG 6668 --- [nio-8080-exec-7] o.s.security.web.FilterChainProxy        : Securing GET /api/generations/296e8ea8-1858-4437-809c-3609c92db617/lock
2026-09-04T20:58:06.993+06:30 DEBUG 6668 --- [nio-8080-exec-7] o.s.security.web.FilterChainProxy        : Secured GET /api/generations/296e8ea8-1858-4437-809c-3609c92db617/lock
2026-09-04T20:58:07.077+06:30 DEBUG 6668 --- [nio-8080-exec-5] o.s.security.web.FilterChainProxy        : Securing GET /api/students
2026-09-04T20:58:07.077+06:30 DEBUG 6668 --- [nio-8080-exec-4] o.s.security.web.FilterChainProxy        : Securing GET /api/users
2026-09-04T20:58:07.077+06:30 DEBUG 6668 --- [nio-8080-exec-9] o.s.security.web.FilterChainProxy        : Securing GET /api/staff
2026-09-04T20:58:07.087+06:30 DEBUG 6668 --- [nio-8080-exec-5] o.s.security.web.FilterChainProxy        : Secured GET /api/students
2026-09-04T20:58:07.087+06:30 DEBUG 6668 --- [nio-8080-exec-4] o.s.security.web.FilterChainProxy        : Secured GET /api/users
2026-09-04T20:58:07.089+06:30 DEBUG 6668 --- [nio-8080-exec-9] o.s.security.web.FilterChainProxy        : Secured GET /api/staff
2026-09-04T20:58:07.296+06:30 DEBUG 6668 --- [nio-8080-exec-2] o.s.security.web.FilterChainProxy        : Securing POST /api/generations/296e8ea8-1858-4437-809c-3609c92db617/lock
2026-09-04T20:58:07.301+06:30 DEBUG 6668 --- [nio-8080-exec-2] o.s.security.web.FilterChainProxy        : Secured POST /api/generations/296e8ea8-1858-4437-809c-3609c92db617/lock
