
  .   ____          _            __ _ _
 /\\ / ___'_ __ _ _(_)_ __  __ _ \ \ \ \
( ( )\___ | '_ | '_| | '_ \/ _` | \ \ \ \
 \\/  ___)| |_)| | | | | || (_| |  ) ) ) )
  '  |____| .__|_| |_|_| |_\__, | / / / /
 =========|_|==============|___/=/_/_/_/
 :: Spring Boot ::                (v3.2.5)

2026-09-04T20:59:38.529+06:30  INFO 20184 --- [           main] com.unicconnect.UniConnectApplication    : Starting UniConnectApplication using Java 21.0.11 with PID 20184 (D:\UniConnect\UniConnectServer-V2\UniConnectServer\target\classes started by Khaing Zin Phyo in D:\UniConnect\UniConnectServer-V2\UniConnectServer)
2026-09-04T20:59:38.529+06:30 DEBUG 20184 --- [           main] com.unicconnect.UniConnectApplication    : Running with Spring Boot v3.2.5, Spring v6.1.6
2026-09-04T20:59:38.534+06:30  INFO 20184 --- [           main] com.unicconnect.UniConnectApplication    : The following 1 profile is active: "dev"
2026-09-04T20:59:39.974+06:30  INFO 20184 --- [           main] .s.d.r.c.RepositoryConfigurationDelegate : Bootstrapping Spring Data JPA repositories in DEFAULT mode.
2026-09-04T20:59:40.190+06:30  INFO 20184 --- [           main] .s.d.r.c.RepositoryConfigurationDelegate : Finished Spring Data repository scanning in 194 ms. Found 27 JPA repository interfaces.
2026-09-04T20:59:41.061+06:30  INFO 20184 --- [           main] o.s.b.w.embedded.tomcat.TomcatWebServer  : Tomcat initialized with port 8080 (http)
2026-09-04T20:59:41.074+06:30  INFO 20184 --- [           main] o.apache.catalina.core.StandardService   : Starting service [Tomcat]
2026-09-04T20:59:41.084+06:30  INFO 20184 --- [           main] o.apache.catalina.core.StandardEngine    : Starting Servlet engine: [Apache Tomcat/10.1.20]
2026-09-04T20:59:41.174+06:30  INFO 20184 --- [           main] o.a.c.c.C.[Tomcat].[localhost].[/]       : Initializing Spring embedded WebApplicationContext
2026-09-04T20:59:41.174+06:30  INFO 20184 --- [           main] w.s.c.ServletWebServerApplicationContext : Root WebApplicationContext: initialization completed in 2578 ms
2026-09-04T20:59:41.254+06:30 DEBUG 20184 --- [           main] c.u.security.JwtAuthenticationFilter     : Filter 'jwtAuthenticationFilter' configured for use
2026-09-04T20:59:41.424+06:30  INFO 20184 --- [           main] o.hibernate.jpa.internal.util.LogHelper  : HHH000204: Processing PersistenceUnitInfo [name: default]
2026-09-04T20:59:41.528+06:30  INFO 20184 --- [           main] org.hibernate.Version                    : HHH000412: Hibernate ORM core version 6.4.4.Final
2026-09-04T20:59:41.574+06:30  INFO 20184 --- [           main] o.h.c.internal.RegionFactoryInitiator    : HHH000026: Second-level cache disabled
2026-09-04T20:59:41.907+06:30  INFO 20184 --- [           main] o.s.o.j.p.SpringPersistenceUnitInfo      : No LoadTimeWeaver setup: ignoring JPA class transformer
2026-09-04T20:59:41.947+06:30  INFO 20184 --- [           main] com.zaxxer.hikari.HikariDataSource       : HikariPool-1 - Starting...
2026-09-04T20:59:41.966+06:30  INFO 20184 --- [           main] com.zaxxer.hikari.HikariDataSource       : HikariPool-1 - Start completed.
2026-09-04T20:59:46.375+06:30  WARN 20184 --- [           main] org.hibernate.orm.deprecation            : HHH90000025: PostgreSQLDialect does not need to be specified explicitly using 'hibernate.dialect' (remove the property setting and it will be selected by default)
2026-09-04T20:59:48.626+06:30  INFO 20184 --- [           main] o.h.e.t.j.p.i.JtaPlatformInitiator       : HHH000489: No JTA platform available (set 'hibernate.transaction.jta.platform' to enable JTA platform integration)
2026-09-04T20:59:50.627+06:30  INFO 20184 --- [           main] j.LocalContainerEntityManagerFactoryBean : Initialized JPA EntityManagerFactory for persistence unit 'default'
2026-09-04T20:59:51.053+06:30  INFO 20184 --- [           main] o.s.d.j.r.query.QueryEnhancerFactory     : Hibernate is in classpath; If applicable, HQL parser will be used.
2026-09-04T20:59:52.825+06:30  INFO 20184 --- [           main] com.unicconnect.service.StorageService   : StorageService active mode: local
2026-09-04T20:59:53.516+06:30  INFO 20184 --- [           main] o.s.s.web.DefaultSecurityFilterChain     : Will secure any request with [org.springframework.security.web.session.DisableEncodeUrlFilter@193c3354, org.springframework.security.web.context.request.async.WebAsyncManagerIntegrationFilter@4cf52777, org.springframework.security.web.context.SecurityContextHolderFilter@57cd757a, org.springframework.security.web.header.HeaderWriterFilter@2a718598, org.springframework.web.filter.CorsFilter@7cef2f2d, org.springframework.security.web.authentication.logout.LogoutFilter@2c73dfd0, com.unicconnect.security.JwtAuthenticationFilter@29bcf51d, org.springframework.security.web.savedrequest.RequestCacheAwareFilter@147c3a88, org.springframework.security.web.servletapi.SecurityContextHolderAwareRequestFilter@47c8ced, org.springframework.security.web.authentication.AnonymousAuthenticationFilter@703b2538, org.springframework.security.web.session.SessionManagementFilter@5ac4f417, org.springframework.security.web.access.ExceptionTranslationFilter@23e58061, org.springframework.security.web.access.intercept.AuthorizationFilter@5680639f]
2026-09-04T20:59:53.865+06:30  INFO 20184 --- [           main] o.s.b.w.embedded.tomcat.TomcatWebServer  : Tomcat started on port 8080 (http) with context path ''
2026-09-04T20:59:53.877+06:30  INFO 20184 --- [           main] com.unicconnect.UniConnectApplication    : Started UniConnectApplication in 16.013 seconds (process running for 16.598)
2026-09-04T20:59:55.685+06:30  INFO 20184 --- [           main] com.unicconnect.config.DataInitializer   : Roles seeded successfully
2026-09-04T20:59:59.725+06:30  INFO 20184 --- [           main] com.unicconnect.config.DataInitializer   : Positions seeded successfully
2026-09-04T20:59:59.937+06:30  INFO 20184 --- [           main] c.unicconnect.config.DevDataInitializer  : === Dev profile active: seeding development data ===
2026-09-04T21:00:01.935+06:30  INFO 20184 --- [           main] c.unicconnect.config.DevDataInitializer  : Organizational units seeded
2026-09-04T21:00:02.479+06:30  INFO 20184 --- [           main] c.unicconnect.config.DevDataInitializer  : Semesters seeded (1-8)
2026-09-04T21:00:03.356+06:30  INFO 20184 --- [           main] c.unicconnect.config.DevDataInitializer  : Sections seeded (A, B, C, CT)
2026-09-04T21:00:03.959+06:30  INFO 20184 --- [           main] c.unicconnect.config.DevDataInitializer  : Majors seeded (CS, CT, CST)
2026-09-04T21:00:04.027+06:30  INFO 20184 --- [           main] c.unicconnect.config.DevDataInitializer  : Active academic term already exists
2026-09-04T21:00:04.769+06:30  INFO 20184 --- [           main] c.unicconnect.config.DevDataInitializer  : Positions seeded
2026-09-04T21:00:04.842+06:30  INFO 20184 --- [           main] c.unicconnect.config.DevDataInitializer  : System admin already exists: nyiminyan0099@gmail.com
2026-09-04T21:00:07.277+06:30  INFO 20184 --- [nio-8080-exec-1] o.a.c.c.C.[Tomcat].[localhost].[/]       : Initializing Spring DispatcherServlet 'dispatcherServlet'
2026-09-04T21:00:07.279+06:30  INFO 20184 --- [nio-8080-exec-1] o.s.web.servlet.DispatcherServlet        : Initializing Servlet 'dispatcherServlet'
2026-09-04T21:00:07.284+06:30  INFO 20184 --- [nio-8080-exec-1] o.s.web.servlet.DispatcherServlet        : Completed initialization in 3 ms
2026-09-04T21:00:07.327+06:30 DEBUG 20184 --- [nio-8080-exec-1] o.s.security.web.FilterChainProxy        : Securing GET /api/generations/296e8ea8-1858-4437-809c-3609c92db617/lock
2026-09-04T21:00:07.327+06:30 DEBUG 20184 --- [nio-8080-exec-2] o.s.security.web.FilterChainProxy        : Securing GET /api/staff
2026-09-04T21:00:07.327+06:30 DEBUG 20184 --- [nio-8080-exec-4] o.s.security.web.FilterChainProxy        : Securing GET /api/students
2026-09-04T21:00:07.327+06:30 DEBUG 20184 --- [nio-8080-exec-3] o.s.security.web.FilterChainProxy        : Securing GET /api/users
2026-09-04T21:00:07.554+06:30 DEBUG 20184 --- [nio-8080-exec-2] o.s.security.web.FilterChainProxy        : Secured GET /api/staff
2026-09-04T21:00:07.554+06:30 DEBUG 20184 --- [nio-8080-exec-3] o.s.security.web.FilterChainProxy        : Secured GET /api/users
2026-09-04T21:00:07.554+06:30 DEBUG 20184 --- [nio-8080-exec-4] o.s.security.web.FilterChainProxy        : Secured GET /api/students
2026-09-04T21:00:07.554+06:30 DEBUG 20184 --- [nio-8080-exec-1] o.s.security.web.FilterChainProxy        : Secured GET /api/generations/296e8ea8-1858-4437-809c-3609c92db617/lock
2026-09-04T21:00:08.057+06:30 DEBUG 20184 --- [nio-8080-exec-5] o.s.security.web.FilterChainProxy        : Securing POST /api/generations/296e8ea8-1858-4437-809c-3609c92db617/lock
2026-09-04T21:00:08.063+06:30 DEBUG 20184 --- [nio-8080-exec-5] o.s.security.web.FilterChainProxy        : Secured POST /api/generations/296e8ea8-1858-4437-809c-3609c92db617/lock
2026-09-04T21:00:14.950+06:30  INFO 20184 --- [           main] c.unicconnect.config.DevDataInitializer  : Staff seeded (30 total: 20 lecturers, 3 student affairs, 3 finance, 3 administration, 1 admin)
2026-09-04T21:00:15.224+06:30  INFO 20184 --- [           main] c.unicconnect.config.DevDataInitializer  : Students already present (245), skipping student seed
2026-09-04T21:00:15.224+06:30  INFO 20184 --- [           main] c.unicconnect.config.DevDataInitializer  : === Dev data seeding complete (attempt 1) ===
2026-09-04T21:01:06.914+06:30 DEBUG 20184 --- [nio-8080-exec-7] o.s.security.web.FilterChainProxy        : Securing GET /api/generations/296e8ea8-1858-4437-809c-3609c92db617/lock
2026-09-04T21:01:06.920+06:30 DEBUG 20184 --- [nio-8080-exec-7] o.s.security.web.FilterChainProxy        : Secured GET /api/generations/296e8ea8-1858-4437-809c-3609c92db617/lock
2026-09-04T21:01:07.507+06:30 DEBUG 20184 --- [nio-8080-exec-9] o.s.security.web.FilterChainProxy        : Securing POST /api/generations/296e8ea8-1858-4437-809c-3609c92db617/lock
2026-09-04T21:01:07.507+06:30 DEBUG 20184 --- [nio-8080-exec-9] o.s.security.web.FilterChainProxy        : Secured POST /api/generations/296e8ea8-1858-4437-809c-3609c92db617/lock
2026-09-04T21:02:06.868+06:30 DEBUG 20184 --- [nio-8080-exec-1] o.s.security.web.FilterChainProxy        : Securing GET /api/generations/296e8ea8-1858-4437-809c-3609c92db617/lock
2026-09-04T21:02:06.874+06:30 DEBUG 20184 --- [nio-8080-exec-1] o.s.security.web.FilterChainProxy        : Secured GET /api/generations/296e8ea8-1858-4437-809c-3609c92db617/lock
2026-09-04T21:02:06.918+06:30 DEBUG 20184 --- [nio-8080-exec-3] o.s.security.web.FilterChainProxy        : Securing GET /api/staff
2026-09-04T21:02:06.918+06:30 DEBUG 20184 --- [nio-8080-exec-2] o.s.security.web.FilterChainProxy        : Securing GET /api/users
2026-09-04T21:02:06.918+06:30 DEBUG 20184 --- [nio-8080-exec-4] o.s.security.web.FilterChainProxy        : Securing GET /api/students
2026-09-04T21:02:06.928+06:30 DEBUG 20184 --- [nio-8080-exec-3] o.s.security.web.FilterChainProxy        : Secured GET /api/staff
2026-09-04T21:02:06.929+06:30 DEBUG 20184 --- [nio-8080-exec-4] o.s.security.web.FilterChainProxy        : Secured GET /api/students
2026-09-04T21:02:06.929+06:30 DEBUG 20184 --- [nio-8080-exec-2] o.s.security.web.FilterChainProxy        : Secured GET /api/users
2026-09-04T21:02:07.566+06:30 DEBUG 20184 --- [nio-8080-exec-5] o.s.security.web.FilterChainProxy        : Securing POST /api/generations/296e8ea8-1858-4437-809c-3609c92db617/lock
2026-09-04T21:02:07.568+06:30 DEBUG 20184 --- [nio-8080-exec-5] o.s.security.web.FilterChainProxy        : Secured POST /api/generations/296e8ea8-1858-4437-809c-3609c92db617/lock
2026-09-04T21:03:06.892+06:30 DEBUG 20184 --- [nio-8080-exec-7] o.s.security.web.FilterChainProxy        : Securing GET /api/generations/296e8ea8-1858-4437-809c-3609c92db617/lock
2026-09-04T21:03:06.899+06:30 DEBUG 20184 --- [nio-8080-exec-7] o.s.security.web.FilterChainProxy        : Secured GET /api/generations/296e8ea8-1858-4437-809c-3609c92db617/lock
2026-09-04T21:03:07.351+06:30 DEBUG 20184 --- [io-8080-exec-10] o.s.security.web.FilterChainProxy        : Securing POST /api/generations/296e8ea8-1858-4437-809c-3609c92db617/lock
2026-09-04T21:03:07.352+06:30 DEBUG 20184 --- [io-8080-exec-10] o.s.security.web.FilterChainProxy        : Secured POST /api/generations/296e8ea8-1858-4437-809c-3609c92db617/lock
2026-09-04T21:04:06.864+06:30 DEBUG 20184 --- [nio-8080-exec-1] o.s.security.web.FilterChainProxy        : Securing GET /api/generations/296e8ea8-1858-4437-809c-3609c92db617/lock
2026-09-04T21:04:06.912+06:30 DEBUG 20184 --- [nio-8080-exec-1] o.s.s.w.a.AnonymousAuthenticationFilter  : Set SecurityContextHolder to anonymous SecurityContext
2026-09-04T21:04:06.952+06:30 DEBUG 20184 --- [nio-8080-exec-3] o.s.security.web.FilterChainProxy        : Securing GET /api/users
2026-09-04T21:04:06.958+06:30 DEBUG 20184 --- [nio-8080-exec-2] o.s.security.web.FilterChainProxy        : Securing GET /api/students
2026-09-04T21:04:06.958+06:30 DEBUG 20184 --- [nio-8080-exec-3] o.s.s.w.a.AnonymousAuthenticationFilter  : Set SecurityContextHolder to anonymous SecurityContext
2026-09-04T21:04:06.962+06:30 DEBUG 20184 --- [nio-8080-exec-2] o.s.s.w.a.AnonymousAuthenticationFilter  : Set SecurityContextHolder to anonymous SecurityContext
2026-09-04T21:04:06.968+06:30 DEBUG 20184 --- [nio-8080-exec-4] o.s.security.web.FilterChainProxy        : Securing GET /api/staff
2026-09-04T21:04:06.972+06:30 DEBUG 20184 --- [nio-8080-exec-4] o.s.s.w.a.AnonymousAuthenticationFilter  : Set SecurityContextHolder to anonymous SecurityContext
2026-09-04T21:04:06.976+06:30 DEBUG 20184 --- [nio-8080-exec-5] o.s.security.web.FilterChainProxy        : Securing POST /api/auth/refresh
2026-09-04T21:04:06.976+06:30 DEBUG 20184 --- [nio-8080-exec-5] o.s.s.w.a.AnonymousAuthenticationFilter  : Set SecurityContextHolder to anonymous SecurityContext
2026-09-04T21:04:06.982+06:30 DEBUG 20184 --- [nio-8080-exec-5] o.s.security.web.FilterChainProxy        : Secured POST /api/auth/refresh
2026-09-04T21:04:10.853+06:30 DEBUG 20184 --- [nio-8080-exec-8] o.s.security.web.FilterChainProxy        : Securing GET /api/users
2026-09-04T21:04:10.853+06:30 DEBUG 20184 --- [nio-8080-exec-9] o.s.security.web.FilterChainProxy        : Securing GET /api/staff
2026-09-04T21:04:10.853+06:30 DEBUG 20184 --- [nio-8080-exec-7] o.s.security.web.FilterChainProxy        : Securing GET /api/students
2026-09-04T21:04:10.853+06:30 DEBUG 20184 --- [nio-8080-exec-6] o.s.security.web.FilterChainProxy        : Securing GET /api/generations/296e8ea8-1858-4437-809c-3609c92db617/lock
2026-09-04T21:04:10.858+06:30 DEBUG 20184 --- [nio-8080-exec-9] o.s.security.web.FilterChainProxy        : Secured GET /api/staff
2026-09-04T21:04:10.858+06:30 DEBUG 20184 --- [nio-8080-exec-8] o.s.security.web.FilterChainProxy        : Secured GET /api/users
2026-09-04T21:04:10.858+06:30 DEBUG 20184 --- [nio-8080-exec-6] o.s.security.web.FilterChainProxy        : Secured GET /api/generations/296e8ea8-1858-4437-809c-3609c92db617/lock
2026-09-04T21:04:10.858+06:30 DEBUG 20184 --- [nio-8080-exec-7] o.s.security.web.FilterChainProxy        : Secured GET /api/students
2026-09-04T21:04:11.132+06:30 DEBUG 20184 --- [io-8080-exec-10] o.s.security.web.FilterChainProxy        : Securing POST /api/generations/296e8ea8-1858-4437-809c-3609c92db617/lock
2026-09-04T21:04:11.132+06:30 DEBUG 20184 --- [io-8080-exec-10] o.s.security.web.FilterChainProxy        : Secured POST /api/generations/296e8ea8-1858-4437-809c-3609c92db617/lock
2026-09-04T21:04:36.958+06:30 DEBUG 20184 --- [nio-8080-exec-1] o.s.security.web.FilterChainProxy        : Securing GET /api/timetable-lobbies
2026-09-04T21:04:36.959+06:30 DEBUG 20184 --- [nio-8080-exec-3] o.s.security.web.FilterChainProxy        : Securing GET /api/generations/296e8ea8-1858-4437-809c-3609c92db617/lock
2026-09-04T21:04:36.965+06:30 DEBUG 20184 --- [nio-8080-exec-1] o.s.security.web.FilterChainProxy        : Secured GET /api/timetable-lobbies
2026-09-04T21:04:36.966+06:30 DEBUG 20184 --- [nio-8080-exec-3] o.s.security.web.FilterChainProxy        : Secured GET /api/generations/296e8ea8-1858-4437-809c-3609c92db617/lock
2026-09-04T21:04:38.104+06:30 DEBUG 20184 --- [nio-8080-exec-2] o.s.security.web.FilterChainProxy        : Securing POST /api/generations/296e8ea8-1858-4437-809c-3609c92db617/lock/heartbeat
2026-09-04T21:04:38.107+06:30 DEBUG 20184 --- [nio-8080-exec-2] o.s.security.web.FilterChainProxy        : Secured POST /api/generations/296e8ea8-1858-4437-809c-3609c92db617/lock/heartbeat
2026-09-04T21:04:39.508+06:30 DEBUG 20184 --- [nio-8080-exec-4] o.s.security.web.FilterChainProxy        : Securing GET /api/generations/296e8ea8-1858-4437-809c-3609c92db617/lock
2026-09-04T21:04:39.515+06:30 DEBUG 20184 --- [nio-8080-exec-4] o.s.security.web.FilterChainProxy        : Secured GET /api/generations/296e8ea8-1858-4437-809c-3609c92db617/lock
2026-09-04T21:04:40.346+06:30 DEBUG 20184 --- [nio-8080-exec-5] o.s.security.web.FilterChainProxy        : Securing GET /api/users
2026-09-04T21:04:40.347+06:30 DEBUG 20184 --- [nio-8080-exec-6] o.s.security.web.FilterChainProxy        : Securing GET /api/students
2026-09-04T21:04:40.352+06:30 DEBUG 20184 --- [nio-8080-exec-5] o.s.security.web.FilterChainProxy        : Secured GET /api/users
2026-09-04T21:04:40.353+06:30 DEBUG 20184 --- [nio-8080-exec-6] o.s.security.web.FilterChainProxy        : Secured GET /api/students
2026-09-04T21:04:40.422+06:30 DEBUG 20184 --- [nio-8080-exec-8] o.s.security.web.FilterChainProxy        : Securing GET /api/staff
2026-09-04T21:04:40.423+06:30 DEBUG 20184 --- [nio-8080-exec-7] o.s.security.web.FilterChainProxy        : Securing GET /api/staff/me
2026-09-04T21:04:40.425+06:30 DEBUG 20184 --- [io-8080-exec-10] o.s.security.web.FilterChainProxy        : Securing GET /api/terms
2026-09-04T21:04:40.427+06:30 DEBUG 20184 --- [nio-8080-exec-8] o.s.security.web.FilterChainProxy        : Secured GET /api/staff
2026-09-04T21:04:40.427+06:30 DEBUG 20184 --- [nio-8080-exec-7] o.s.security.web.FilterChainProxy        : Secured GET /api/staff/me
2026-09-04T21:04:40.430+06:30 DEBUG 20184 --- [io-8080-exec-10] o.s.security.web.FilterChainProxy        : Secured GET /api/terms
2026-09-04T21:04:47.157+06:30  WARN 20184 --- [nio-8080-exec-4] com.zaxxer.hikari.pool.PoolBase          : HikariPool-1 - Failed to validate connection org.postgresql.jdbc.PgConnection@1802e8bd (This connection has been closed.). Possibly consider using a shorter maxLifetime value.
2026-09-04T21:04:47.157+06:30  WARN 20184 --- [nio-8080-exec-8] com.zaxxer.hikari.pool.PoolBase          : HikariPool-1 - Failed to validate connection org.postgresql.jdbc.PgConnection@360a4538 (This connection has been closed.). Possibly consider using a shorter maxLifetime value.
2026-09-04T21:04:47.157+06:30  WARN 20184 --- [nio-8080-exec-5] com.zaxxer.hikari.pool.PoolBase          : HikariPool-1 - Failed to validate connection org.postgresql.jdbc.PgConnection@7aef60d5 (This connection has been closed.). Possibly consider using a shorter maxLifetime value.
2026-09-04T21:04:47.157+06:30  WARN 20184 --- [nio-8080-exec-6] com.zaxxer.hikari.pool.PoolBase          : HikariPool-1 - Failed to validate connection org.postgresql.jdbc.PgConnection@2e15a511 (This connection has been closed.). Possibly consider using a shorter maxLifetime value.
2026-09-04T21:04:48.293+06:30 DEBUG 20184 --- [nio-8080-exec-9] o.s.security.web.FilterChainProxy        : Securing GET /api/timetable-lobbies
2026-09-04T21:04:48.298+06:30 DEBUG 20184 --- [nio-8080-exec-9] o.s.security.web.FilterChainProxy        : Secured GET /api/timetable-lobbies
2026-09-04T21:04:49.097+06:30 DEBUG 20184 --- [nio-8080-exec-3] o.s.security.web.FilterChainProxy        : Securing GET /api/staff/me
2026-09-04T21:04:49.100+06:30 DEBUG 20184 --- [nio-8080-exec-3] o.s.security.web.FilterChainProxy        : Secured GET /api/staff/me
2026-09-04T21:04:49.243+06:30 DEBUG 20184 --- [nio-8080-exec-2] o.s.security.web.FilterChainProxy        : Securing GET /api/terms
2026-09-04T21:04:49.247+06:30 DEBUG 20184 --- [nio-8080-exec-2] o.s.security.web.FilterChainProxy        : Secured GET /api/terms
2026-09-04T21:04:50.234+06:30 DEBUG 20184 --- [nio-8080-exec-7] o.s.security.web.FilterChainProxy        : Securing GET /api/generations
2026-09-04T21:04:50.239+06:30 DEBUG 20184 --- [nio-8080-exec-7] o.s.security.web.FilterChainProxy        : Secured GET /api/generations
2026-09-04T21:04:50.885+06:30 DEBUG 20184 --- [io-8080-exec-10] o.s.security.web.FilterChainProxy        : Securing GET /api/generations/manage?termId=efc68a91-5818-41aa-b4fb-893e240ea0ed
2026-09-04T21:04:50.888+06:30 DEBUG 20184 --- [io-8080-exec-10] o.s.security.web.FilterChainProxy        : Secured GET /api/generations/manage?termId=efc68a91-5818-41aa-b4fb-893e240ea0ed
2026-09-04T21:04:52.655+06:30 DEBUG 20184 --- [nio-8080-exec-8] o.s.security.web.FilterChainProxy        : Securing GET /api/generations
2026-09-04T21:04:52.659+06:30 DEBUG 20184 --- [nio-8080-exec-8] o.s.security.web.FilterChainProxy        : Secured GET /api/generations
2026-09-04T21:04:54.615+06:30 DEBUG 20184 --- [nio-8080-exec-4] o.s.security.web.FilterChainProxy        : Securing GET /api/time-slots
2026-09-04T21:04:54.627+06:30 DEBUG 20184 --- [nio-8080-exec-4] o.s.security.web.FilterChainProxy        : Secured GET /api/time-slots
2026-09-04T21:04:54.652+06:30 DEBUG 20184 --- [nio-8080-exec-1] o.s.security.web.FilterChainProxy        : Securing GET /api/generations/manage?termId=efc68a91-5818-41aa-b4fb-893e240ea0ed
2026-09-04T21:04:54.653+06:30 DEBUG 20184 --- [nio-8080-exec-5] o.s.security.web.FilterChainProxy        : Securing GET /api/generations/296e8ea8-1858-4437-809c-3609c92db617
2026-09-04T21:04:54.656+06:30 DEBUG 20184 --- [nio-8080-exec-5] o.s.security.web.FilterChainProxy        : Secured GET /api/generations/296e8ea8-1858-4437-809c-3609c92db617
2026-09-04T21:04:54.656+06:30 DEBUG 20184 --- [nio-8080-exec-1] o.s.security.web.FilterChainProxy        : Secured GET /api/generations/manage?termId=efc68a91-5818-41aa-b4fb-893e240ea0ed
2026-09-04T21:04:55.683+06:30 DEBUG 20184 --- [nio-8080-exec-2] o.s.security.web.FilterChainProxy        : Securing GET /api/time-slots
2026-09-04T21:04:55.691+06:30 DEBUG 20184 --- [nio-8080-exec-2] o.s.security.web.FilterChainProxy        : Secured GET /api/time-slots
2026-09-04T21:04:56.177+06:30 DEBUG 20184 --- [nio-8080-exec-3] o.s.security.web.FilterChainProxy        : Securing GET /api/generations/296e8ea8-1858-4437-809c-3609c92db617
2026-09-04T21:04:56.182+06:30 DEBUG 20184 --- [nio-8080-exec-3] o.s.security.web.FilterChainProxy        : Secured GET /api/generations/296e8ea8-1858-4437-809c-3609c92db617
2026-09-04T21:04:56.193+06:30 DEBUG 20184 --- [nio-8080-exec-6] o.s.security.web.FilterChainProxy        : Securing GET /api/exam-types
2026-09-04T21:04:56.196+06:30 DEBUG 20184 --- [nio-8080-exec-6] o.s.security.web.FilterChainProxy        : Secured GET /api/exam-types
2026-09-04T21:04:56.437+06:30 DEBUG 20184 --- [nio-8080-exec-7] o.s.security.web.FilterChainProxy        : Securing GET /api/timetable-lobbies
2026-09-04T21:04:56.442+06:30 DEBUG 20184 --- [nio-8080-exec-7] o.s.security.web.FilterChainProxy        : Secured GET /api/timetable-lobbies
2026-09-04T21:04:57.202+06:30 DEBUG 20184 --- [io-8080-exec-10] o.s.security.web.FilterChainProxy        : Securing GET /api/exam-types
2026-09-04T21:04:57.208+06:30 DEBUG 20184 --- [io-8080-exec-10] o.s.security.web.FilterChainProxy        : Secured GET /api/exam-types
2026-09-04T21:05:09.328+06:30 DEBUG 20184 --- [nio-8080-exec-4] o.s.security.web.FilterChainProxy        : Securing GET /api/timetable-lobbies
2026-09-04T21:05:09.374+06:30 DEBUG 20184 --- [nio-8080-exec-4] o.s.security.web.FilterChainProxy        : Secured GET /api/timetable-lobbies
2026-09-04T21:05:11.951+06:30 DEBUG 20184 --- [nio-8080-exec-2] o.s.security.web.FilterChainProxy        : Securing GET /api/timetable-lobbies
2026-09-04T21:05:11.957+06:30 DEBUG 20184 --- [nio-8080-exec-2] o.s.security.web.FilterChainProxy        : Secured GET /api/timetable-lobbies
2026-09-04T21:05:14.434+06:30 DEBUG 20184 --- [nio-8080-exec-5] o.s.security.web.FilterChainProxy        : Securing GET /api/timetable-lobbies
2026-09-04T21:05:14.437+06:30 DEBUG 20184 --- [nio-8080-exec-5] o.s.security.web.FilterChainProxy        : Secured GET /api/timetable-lobbies
2026-09-04T21:05:14.492+06:30 DEBUG 20184 --- [nio-8080-exec-8] o.s.security.web.FilterChainProxy        : Securing GET /api/generations/scope?termId=efc68a91-5818-41aa-b4fb-893e240ea0ed&examTypeId=4f885c79-0eb3-a8b3-d35d-dee741a88907
2026-09-04T21:05:14.492+06:30 DEBUG 20184 --- [nio-8080-exec-9] o.s.security.web.FilterChainProxy        : Securing GET /api/generations/manage?termId=efc68a91-5818-41aa-b4fb-893e240ea0ed
2026-09-04T21:05:14.492+06:30 DEBUG 20184 --- [nio-8080-exec-6] o.s.security.web.FilterChainProxy        : Securing GET /api/generations/296e8ea8-1858-4437-809c-3609c92db617/schedules
2026-09-04T21:05:14.492+06:30 DEBUG 20184 --- [nio-8080-exec-8] o.s.security.web.FilterChainProxy        : Secured GET /api/generations/scope?termId=efc68a91-5818-41aa-b4fb-893e240ea0ed&examTypeId=4f885c79-0eb3-a8b3-d35d-dee741a88907
2026-09-04T21:05:14.492+06:30 DEBUG 20184 --- [nio-8080-exec-9] o.s.security.web.FilterChainProxy        : Secured GET /api/generations/manage?termId=efc68a91-5818-41aa-b4fb-893e240ea0ed
2026-09-04T21:05:14.492+06:30 DEBUG 20184 --- [nio-8080-exec-6] o.s.security.web.FilterChainProxy        : Secured GET /api/generations/296e8ea8-1858-4437-809c-3609c92db617/schedules
2026-09-04T21:05:17.228+06:30 DEBUG 20184 --- [nio-8080-exec-3] o.s.security.web.FilterChainProxy        : Securing GET /api/timetable-lobbies
2026-09-04T21:05:17.231+06:30 DEBUG 20184 --- [nio-8080-exec-3] o.s.security.web.FilterChainProxy        : Secured GET /api/timetable-lobbies
2026-09-04T21:05:17.696+06:30 DEBUG 20184 --- [io-8080-exec-10] o.s.security.web.FilterChainProxy        : Securing GET /api/generations/296e8ea8-1858-4437-809c-3609c92db617/lock
2026-09-04T21:05:17.700+06:30 DEBUG 20184 --- [io-8080-exec-10] o.s.security.web.FilterChainProxy        : Secured GET /api/generations/296e8ea8-1858-4437-809c-3609c92db617/lock
2026-09-04T21:05:17.808+06:30 DEBUG 20184 --- [nio-8080-exec-1] o.s.security.web.FilterChainProxy        : Securing POST /api/generations/296e8ea8-1858-4437-809c-3609c92db617/lock
2026-09-04T21:05:17.810+06:30 DEBUG 20184 --- [nio-8080-exec-1] o.s.security.web.FilterChainProxy        : Secured POST /api/generations/296e8ea8-1858-4437-809c-3609c92db617/lock
2026-09-04T21:05:18.884+06:30 DEBUG 20184 --- [nio-8080-exec-7] o.s.security.web.FilterChainProxy        : Securing GET /api/timetable-lobbies
2026-09-04T21:05:18.886+06:30 DEBUG 20184 --- [nio-8080-exec-7] o.s.security.web.FilterChainProxy        : Secured GET /api/timetable-lobbies
2026-09-04T21:05:21.675+06:30 DEBUG 20184 --- [nio-8080-exec-4] o.s.security.web.FilterChainProxy        : Securing GET /api/generations/296e8ea8-1858-4437-809c-3609c92db617/lock
2026-09-04T21:05:21.676+06:30 DEBUG 20184 --- [nio-8080-exec-4] o.s.security.web.FilterChainProxy        : Secured GET /api/generations/296e8ea8-1858-4437-809c-3609c92db617/lock
2026-09-04T21:05:25.183+06:30 DEBUG 20184 --- [nio-8080-exec-2] o.s.security.web.FilterChainProxy        : Securing GET /api/generations/manage?termId=efc68a91-5818-41aa-b4fb-893e240ea0ed
2026-09-04T21:05:25.185+06:30 DEBUG 20184 --- [nio-8080-exec-8] o.s.security.web.FilterChainProxy        : Securing GET /api/generations/scope?termId=efc68a91-5818-41aa-b4fb-893e240ea0ed&examTypeId=4f885c79-0eb3-a8b3-d35d-dee741a88907
2026-09-04T21:05:25.186+06:30 DEBUG 20184 --- [nio-8080-exec-2] o.s.security.web.FilterChainProxy        : Secured GET /api/generations/manage?termId=efc68a91-5818-41aa-b4fb-893e240ea0ed
2026-09-04T21:05:25.187+06:30 DEBUG 20184 --- [nio-8080-exec-8] o.s.security.web.FilterChainProxy        : Secured GET /api/generations/scope?termId=efc68a91-5818-41aa-b4fb-893e240ea0ed&examTypeId=4f885c79-0eb3-a8b3-d35d-dee741a88907
2026-09-04T21:05:25.203+06:30 DEBUG 20184 --- [nio-8080-exec-6] o.s.security.web.FilterChainProxy        : Securing GET /api/generations/296e8ea8-1858-4437-809c-3609c92db617/schedules
2026-09-04T21:05:25.205+06:30 DEBUG 20184 --- [nio-8080-exec-6] o.s.security.web.FilterChainProxy        : Secured GET /api/generations/296e8ea8-1858-4437-809c-3609c92db617/schedules
2026-09-04T21:05:25.233+06:30 DEBUG 20184 --- [nio-8080-exec-9] o.s.security.web.FilterChainProxy        : Securing POST /api/generations/296e8ea8-1858-4437-809c-3609c92db617/lock/heartbeat
2026-09-04T21:05:25.234+06:30 DEBUG 20184 --- [nio-8080-exec-9] o.s.security.web.FilterChainProxy        : Secured POST /api/generations/296e8ea8-1858-4437-809c-3609c92db617/lock/heartbeat
2026-09-04T21:05:25.682+06:30 DEBUG 20184 --- [io-8080-exec-10] o.s.security.web.FilterChainProxy        : Securing GET /api/generations/296e8ea8-1858-4437-809c-3609c92db617/lock
2026-09-04T21:05:25.685+06:30 DEBUG 20184 --- [io-8080-exec-10] o.s.security.web.FilterChainProxy        : Secured GET /api/generations/296e8ea8-1858-4437-809c-3609c92db617/lock
2026-09-04T21:05:26.093+06:30 DEBUG 20184 --- [nio-8080-exec-1] o.s.security.web.FilterChainProxy        : Securing POST /api/generations/296e8ea8-1858-4437-809c-3609c92db617/lock/heartbeat
2026-09-04T21:05:26.093+06:30 DEBUG 20184 --- [nio-8080-exec-1] o.s.security.web.FilterChainProxy        : Secured POST /api/generations/296e8ea8-1858-4437-809c-3609c92db617/lock/heartbeat
2026-09-04T21:05:28.479+06:30 DEBUG 20184 --- [nio-8080-exec-5] o.s.security.web.FilterChainProxy        : Securing GET /api/timetable-lobbies
2026-09-04T21:05:28.482+06:30 DEBUG 20184 --- [nio-8080-exec-5] o.s.security.web.FilterChainProxy        : Secured GET /api/timetable-lobbies
2026-09-04T21:05:29.683+06:30 DEBUG 20184 --- [nio-8080-exec-3] o.s.security.web.FilterChainProxy        : Securing GET /api/generations/296e8ea8-1858-4437-809c-3609c92db617/lock
2026-09-04T21:05:29.685+06:30 DEBUG 20184 --- [nio-8080-exec-3] o.s.security.web.FilterChainProxy        : Secured GET /api/generations/296e8ea8-1858-4437-809c-3609c92db617/lock
2026-09-04T21:05:30.359+06:30 DEBUG 20184 --- [nio-8080-exec-4] o.s.security.web.FilterChainProxy        : Securing POST /api/generations/296e8ea8-1858-4437-809c-3609c92db617/lock/heartbeat
2026-09-04T21:05:30.361+06:30 DEBUG 20184 --- [nio-8080-exec-4] o.s.security.web.FilterChainProxy        : Secured POST /api/generations/296e8ea8-1858-4437-809c-3609c92db617/lock/heartbeat
2026-09-04T21:05:33.668+06:30 DEBUG 20184 --- [nio-8080-exec-8] o.s.security.web.FilterChainProxy        : Securing GET /api/generations/296e8ea8-1858-4437-809c-3609c92db617/lock
2026-09-04T21:05:33.668+06:30 DEBUG 20184 --- [nio-8080-exec-8] o.s.security.web.FilterChainProxy        : Secured GET /api/generations/296e8ea8-1858-4437-809c-3609c92db617/lock
2026-09-04T21:05:34.091+06:30 DEBUG 20184 --- [io-8080-exec-10] o.s.security.web.FilterChainProxy        : Securing POST /api/generations/296e8ea8-1858-4437-809c-3609c92db617/lock/heartbeat
2026-09-04T21:05:34.093+06:30 DEBUG 20184 --- [io-8080-exec-10] o.s.security.web.FilterChainProxy        : Secured POST /api/generations/296e8ea8-1858-4437-809c-3609c92db617/lock/heartbeat
2026-09-04T21:05:35.507+06:30 DEBUG 20184 --- [nio-8080-exec-6] o.s.security.web.FilterChainProxy        : Securing GET /api/timetable-lobbies
2026-09-04T21:05:35.508+06:30 DEBUG 20184 --- [nio-8080-exec-6] o.s.security.web.FilterChainProxy        : Secured GET /api/timetable-lobbies
2026-09-04T21:05:37.709+06:30 DEBUG 20184 --- [nio-8080-exec-2] o.s.security.web.FilterChainProxy        : Securing GET /api/generations/296e8ea8-1858-4437-809c-3609c92db617/lock
2026-09-04T21:05:37.710+06:30 DEBUG 20184 --- [nio-8080-exec-2] o.s.security.web.FilterChainProxy        : Secured GET /api/generations/296e8ea8-1858-4437-809c-3609c92db617/lock
2026-09-04T21:05:38.099+06:30 DEBUG 20184 --- [nio-8080-exec-9] o.s.security.web.FilterChainProxy        : Securing POST /api/generations/296e8ea8-1858-4437-809c-3609c92db617/lock/heartbeat
2026-09-04T21:05:38.110+06:30 DEBUG 20184 --- [nio-8080-exec-9] o.s.security.web.FilterChainProxy        : Secured POST /api/generations/296e8ea8-1858-4437-809c-3609c92db617/lock/heartbeat
2026-09-04T21:05:38.775+06:30 DEBUG 20184 --- [nio-8080-exec-7] o.s.security.web.FilterChainProxy        : Securing GET /api/timetable-lobbies
2026-09-04T21:05:38.777+06:30 DEBUG 20184 --- [nio-8080-exec-7] o.s.security.web.FilterChainProxy        : Secured GET /api/timetable-lobbies
2026-09-04T21:05:41.677+06:30 DEBUG 20184 --- [nio-8080-exec-1] o.s.security.web.FilterChainProxy        : Securing GET /api/generations/296e8ea8-1858-4437-809c-3609c92db617/lock
2026-09-04T21:05:41.679+06:30 DEBUG 20184 --- [nio-8080-exec-1] o.s.security.web.FilterChainProxy        : Secured GET /api/generations/296e8ea8-1858-4437-809c-3609c92db617/lock
2026-09-04T21:05:42.162+06:30 DEBUG 20184 --- [nio-8080-exec-3] o.s.security.web.FilterChainProxy        : Securing GET /api/timetable-lobbies
2026-09-04T21:05:42.164+06:30 DEBUG 20184 --- [nio-8080-exec-3] o.s.security.web.FilterChainProxy        : Secured GET /api/timetable-lobbies
2026-09-04T21:05:42.219+06:30 DEBUG 20184 --- [nio-8080-exec-8] o.s.security.web.FilterChainProxy        : Securing POST /api/generations/296e8ea8-1858-4437-809c-3609c92db617/lock/heartbeat
2026-09-04T21:05:42.219+06:30 DEBUG 20184 --- [nio-8080-exec-8] o.s.security.web.FilterChainProxy        : Secured POST /api/generations/296e8ea8-1858-4437-809c-3609c92db617/lock/heartbeat
2026-09-04T21:05:45.689+06:30 DEBUG 20184 --- [nio-8080-exec-4] o.s.security.web.FilterChainProxy        : Securing GET /api/generations/296e8ea8-1858-4437-809c-3609c92db617/lock
2026-09-04T21:05:45.691+06:30 DEBUG 20184 --- [nio-8080-exec-4] o.s.security.web.FilterChainProxy        : Secured GET /api/generations/296e8ea8-1858-4437-809c-3609c92db617/lock
2026-09-04T21:05:46.532+06:30 DEBUG 20184 --- [nio-8080-exec-5] o.s.security.web.FilterChainProxy        : Securing POST /api/generations/296e8ea8-1858-4437-809c-3609c92db617/lock/heartbeat
2026-09-04T21:05:46.533+06:30 DEBUG 20184 --- [nio-8080-exec-5] o.s.security.web.FilterChainProxy        : Secured POST /api/generations/296e8ea8-1858-4437-809c-3609c92db617/lock/heartbeat
2026-09-04T21:05:49.673+06:30 DEBUG 20184 --- [nio-8080-exec-6] o.s.security.web.FilterChainProxy        : Securing GET /api/generations/296e8ea8-1858-4437-809c-3609c92db617/lock
2026-09-04T21:05:49.674+06:30 DEBUG 20184 --- [nio-8080-exec-6] o.s.security.web.FilterChainProxy        : Secured GET /api/generations/296e8ea8-1858-4437-809c-3609c92db617/lock
2026-09-04T21:05:50.351+06:30 DEBUG 20184 --- [nio-8080-exec-9] o.s.security.web.FilterChainProxy        : Securing POST /api/generations/296e8ea8-1858-4437-809c-3609c92db617/lock/heartbeat
2026-09-04T21:05:50.353+06:30 DEBUG 20184 --- [nio-8080-exec-9] o.s.security.web.FilterChainProxy        : Secured POST /api/generations/296e8ea8-1858-4437-809c-3609c92db617/lock/heartbeat
2026-09-04T21:05:53.178+06:30 DEBUG 20184 --- [nio-8080-exec-7] o.s.security.web.FilterChainProxy        : Securing GET /api/timetable-lobbies
2026-09-04T21:05:53.180+06:30 DEBUG 20184 --- [nio-8080-exec-7] o.s.security.web.FilterChainProxy        : Secured GET /api/timetable-lobbies
2026-09-04T21:05:53.686+06:30 DEBUG 20184 --- [nio-8080-exec-1] o.s.security.web.FilterChainProxy        : Securing GET /api/generations/296e8ea8-1858-4437-809c-3609c92db617/lock
2026-09-04T21:05:53.688+06:30 DEBUG 20184 --- [nio-8080-exec-1] o.s.security.web.FilterChainProxy        : Secured GET /api/generations/296e8ea8-1858-4437-809c-3609c92db617/lock
2026-09-04T21:05:53.978+06:30 DEBUG 20184 --- [nio-8080-exec-4] o.s.security.web.FilterChainProxy        : Securing POST /api/generations/296e8ea8-1858-4437-809c-3609c92db617/lock/heartbeat
2026-09-04T21:05:53.981+06:30 DEBUG 20184 --- [nio-8080-exec-4] o.s.security.web.FilterChainProxy        : Secured POST /api/generations/296e8ea8-1858-4437-809c-3609c92db617/lock/heartbeat
2026-09-04T21:05:55.314+06:30 DEBUG 20184 --- [io-8080-exec-10] o.s.security.web.FilterChainProxy        : Securing GET /api/users
2026-09-04T21:05:55.315+06:30 DEBUG 20184 --- [io-8080-exec-10] o.s.security.web.FilterChainProxy        : Secured GET /api/users
2026-09-04T21:05:55.329+06:30 DEBUG 20184 --- [nio-8080-exec-2] o.s.security.web.FilterChainProxy        : Securing GET /api/students
2026-09-04T21:05:55.329+06:30 DEBUG 20184 --- [nio-8080-exec-6] o.s.security.web.FilterChainProxy        : Securing GET /api/staff
2026-09-04T21:05:55.333+06:30 DEBUG 20184 --- [nio-8080-exec-6] o.s.security.web.FilterChainProxy        : Secured GET /api/staff
2026-09-04T21:05:55.335+06:30 DEBUG 20184 --- [nio-8080-exec-2] o.s.security.web.FilterChainProxy        : Secured GET /api/students
2026-09-04T21:05:57.417+06:30 DEBUG 20184 --- [nio-8080-exec-8] o.s.security.web.FilterChainProxy        : Securing GET /api/timetable-lobbies
2026-09-04T21:05:57.420+06:30 DEBUG 20184 --- [nio-8080-exec-8] o.s.security.web.FilterChainProxy        : Secured GET /api/timetable-lobbies
2026-09-04T21:05:57.672+06:30 DEBUG 20184 --- [nio-8080-exec-5] o.s.security.web.FilterChainProxy        : Securing GET /api/generations/296e8ea8-1858-4437-809c-3609c92db617/lock
2026-09-04T21:05:57.675+06:30 DEBUG 20184 --- [nio-8080-exec-5] o.s.security.web.FilterChainProxy        : Secured GET /api/generations/296e8ea8-1858-4437-809c-3609c92db617/lock
2026-09-04T21:05:57.900+06:30 DEBUG 20184 --- [nio-8080-exec-3] o.s.security.web.FilterChainProxy        : Securing POST /api/generations/296e8ea8-1858-4437-809c-3609c92db617/lock/heartbeat
2026-09-04T21:05:57.902+06:30 DEBUG 20184 --- [nio-8080-exec-3] o.s.security.web.FilterChainProxy        : Secured POST /api/generations/296e8ea8-1858-4437-809c-3609c92db617/lock/heartbeat
2026-09-04T21:06:01.387+06:30 DEBUG 20184 --- [nio-8080-exec-9] o.s.security.web.FilterChainProxy        : Securing GET /api/timetable-lobbies
2026-09-04T21:06:01.390+06:30 DEBUG 20184 --- [nio-8080-exec-9] o.s.security.web.FilterChainProxy        : Secured GET /api/timetable-lobbies
2026-09-04T21:06:01.832+06:30 DEBUG 20184 --- [nio-8080-exec-1] o.s.security.web.FilterChainProxy        : Securing GET /api/generations/296e8ea8-1858-4437-809c-3609c92db617/lock
2026-09-04T21:06:01.832+06:30 DEBUG 20184 --- [nio-8080-exec-1] o.s.security.web.FilterChainProxy        : Secured GET /api/generations/296e8ea8-1858-4437-809c-3609c92db617/lock
2026-09-04T21:06:02.050+06:30 DEBUG 20184 --- [nio-8080-exec-4] o.s.security.web.FilterChainProxy        : Securing POST /api/generations/296e8ea8-1858-4437-809c-3609c92db617/lock/heartbeat
2026-09-04T21:06:02.061+06:30 DEBUG 20184 --- [nio-8080-exec-4] o.s.security.web.FilterChainProxy        : Secured POST /api/generations/296e8ea8-1858-4437-809c-3609c92db617/lock/heartbeat
2026-09-04T21:06:05.838+06:30 DEBUG 20184 --- [nio-8080-exec-6] o.s.security.web.FilterChainProxy        : Securing GET /api/generations/296e8ea8-1858-4437-809c-3609c92db617/lock
2026-09-04T21:06:05.841+06:30 DEBUG 20184 --- [nio-8080-exec-6] o.s.security.web.FilterChainProxy        : Secured GET /api/generations/296e8ea8-1858-4437-809c-3609c92db617/lock
2026-09-04T21:06:06.254+06:30 DEBUG 20184 --- [io-8080-exec-10] o.s.security.web.FilterChainProxy        : Securing POST /api/generations/296e8ea8-1858-4437-809c-3609c92db617/lock/heartbeat
2026-09-04T21:06:06.256+06:30 DEBUG 20184 --- [io-8080-exec-10] o.s.security.web.FilterChainProxy        : Secured POST /api/generations/296e8ea8-1858-4437-809c-3609c92db617/lock/heartbeat
2026-09-04T21:06:09.831+06:30 DEBUG 20184 --- [nio-8080-exec-7] o.s.security.web.FilterChainProxy        : Securing GET /api/generations/296e8ea8-1858-4437-809c-3609c92db617/lock
2026-09-04T21:06:09.831+06:30 DEBUG 20184 --- [nio-8080-exec-7] o.s.security.web.FilterChainProxy        : Secured GET /api/generations/296e8ea8-1858-4437-809c-3609c92db617/lock
2026-09-04T21:06:10.131+06:30 DEBUG 20184 --- [nio-8080-exec-2] o.s.security.web.FilterChainProxy        : Securing POST /api/generations/296e8ea8-1858-4437-809c-3609c92db617/lock/heartbeat
2026-09-04T21:06:10.131+06:30 DEBUG 20184 --- [nio-8080-exec-2] o.s.security.web.FilterChainProxy        : Secured POST /api/generations/296e8ea8-1858-4437-809c-3609c92db617/lock/heartbeat
2026-09-04T21:06:13.841+06:30 DEBUG 20184 --- [nio-8080-exec-5] o.s.security.web.FilterChainProxy        : Securing GET /api/generations/296e8ea8-1858-4437-809c-3609c92db617/lock
2026-09-04T21:06:13.841+06:30 DEBUG 20184 --- [nio-8080-exec-5] o.s.security.web.FilterChainProxy        : Secured GET /api/generations/296e8ea8-1858-4437-809c-3609c92db617/lock
2026-09-04T21:06:14.701+06:30 DEBUG 20184 --- [nio-8080-exec-3] o.s.security.web.FilterChainProxy        : Securing POST /api/generations/296e8ea8-1858-4437-809c-3609c92db617/lock/heartbeat
2026-09-04T21:06:14.701+06:30 DEBUG 20184 --- [nio-8080-exec-3] o.s.security.web.FilterChainProxy        : Secured POST /api/generations/296e8ea8-1858-4437-809c-3609c92db617/lock/heartbeat
2026-09-04T21:06:16.440+06:30 DEBUG 20184 --- [nio-8080-exec-8] o.s.security.web.FilterChainProxy        : Securing GET /api/timetable-lobbies
2026-09-04T21:06:16.445+06:30 DEBUG 20184 --- [nio-8080-exec-8] o.s.security.web.FilterChainProxy        : Secured GET /api/timetable-lobbies
2026-09-04T21:06:17.689+06:30 DEBUG 20184 --- [nio-8080-exec-1] o.s.security.web.FilterChainProxy        : Securing GET /api/generations/296e8ea8-1858-4437-809c-3609c92db617/lock
2026-09-04T21:06:17.691+06:30 DEBUG 20184 --- [nio-8080-exec-1] o.s.security.web.FilterChainProxy        : Secured GET /api/generations/296e8ea8-1858-4437-809c-3609c92db617/lock
2026-09-04T21:06:18.336+06:30 DEBUG 20184 --- [nio-8080-exec-4] o.s.security.web.FilterChainProxy        : Securing POST /api/generations/296e8ea8-1858-4437-809c-3609c92db617/lock/heartbeat
2026-09-04T21:06:18.338+06:30 DEBUG 20184 --- [nio-8080-exec-4] o.s.security.web.FilterChainProxy        : Secured POST /api/generations/296e8ea8-1858-4437-809c-3609c92db617/lock/heartbeat
2026-09-04T21:06:20.368+06:30 DEBUG 20184 --- [nio-8080-exec-6] o.s.security.web.FilterChainProxy        : Securing GET /api/timetable-lobbies
2026-09-04T21:06:20.372+06:30 DEBUG 20184 --- [nio-8080-exec-6] o.s.security.web.FilterChainProxy        : Secured GET /api/timetable-lobbies
2026-09-04T21:06:21.696+06:30 DEBUG 20184 --- [nio-8080-exec-9] o.s.security.web.FilterChainProxy        : Securing GET /api/generations/296e8ea8-1858-4437-809c-3609c92db617/lock
2026-09-04T21:06:21.700+06:30 DEBUG 20184 --- [nio-8080-exec-9] o.s.security.web.FilterChainProxy        : Secured GET /api/generations/296e8ea8-1858-4437-809c-3609c92db617/lock
2026-09-04T21:06:22.477+06:30 DEBUG 20184 --- [io-8080-exec-10] o.s.security.web.FilterChainProxy        : Securing POST /api/generations/296e8ea8-1858-4437-809c-3609c92db617/lock/heartbeat
2026-09-04T21:06:22.481+06:30 DEBUG 20184 --- [io-8080-exec-10] o.s.security.web.FilterChainProxy        : Secured POST /api/generations/296e8ea8-1858-4437-809c-3609c92db617/lock/heartbeat
2026-09-04T21:06:25.832+06:30 DEBUG 20184 --- [nio-8080-exec-2] o.s.security.web.FilterChainProxy        : Securing GET /api/generations/296e8ea8-1858-4437-809c-3609c92db617/lock
2026-09-04T21:06:25.832+06:30 DEBUG 20184 --- [nio-8080-exec-2] o.s.security.web.FilterChainProxy        : Secured GET /api/generations/296e8ea8-1858-4437-809c-3609c92db617/lock
2026-09-04T21:06:26.412+06:30 DEBUG 20184 --- [nio-8080-exec-5] o.s.security.web.FilterChainProxy        : Securing POST /api/generations/296e8ea8-1858-4437-809c-3609c92db617/lock/heartbeat
2026-09-04T21:06:26.418+06:30 DEBUG 20184 --- [nio-8080-exec-3] o.s.security.web.FilterChainProxy        : Securing GET /api/timetable-lobbies
2026-09-04T21:06:26.418+06:30 DEBUG 20184 --- [nio-8080-exec-5] o.s.security.web.FilterChainProxy        : Secured POST /api/generations/296e8ea8-1858-4437-809c-3609c92db617/lock/heartbeat
2026-09-04T21:06:26.422+06:30 DEBUG 20184 --- [nio-8080-exec-3] o.s.security.web.FilterChainProxy        : Secured GET /api/timetable-lobbies
2026-09-04T21:06:29.835+06:30 DEBUG 20184 --- [nio-8080-exec-1] o.s.security.web.FilterChainProxy        : Securing GET /api/generations/296e8ea8-1858-4437-809c-3609c92db617/lock
2026-09-04T21:06:29.842+06:30 DEBUG 20184 --- [nio-8080-exec-1] o.s.security.web.FilterChainProxy        : Secured GET /api/generations/296e8ea8-1858-4437-809c-3609c92db617/lock
2026-09-04T21:06:30.652+06:30 DEBUG 20184 --- [nio-8080-exec-4] o.s.security.web.FilterChainProxy        : Securing POST /api/generations/296e8ea8-1858-4437-809c-3609c92db617/lock/heartbeat
2026-09-04T21:06:30.652+06:30 DEBUG 20184 --- [nio-8080-exec-4] o.s.security.web.FilterChainProxy        : Secured POST /api/generations/296e8ea8-1858-4437-809c-3609c92db617/lock/heartbeat
2026-09-04T21:06:33.836+06:30 DEBUG 20184 --- [nio-8080-exec-8] o.s.security.web.FilterChainProxy        : Securing GET /api/generations/296e8ea8-1858-4437-809c-3609c92db617/lock
2026-09-04T21:06:33.839+06:30 DEBUG 20184 --- [nio-8080-exec-8] o.s.security.web.FilterChainProxy        : Secured GET /api/generations/296e8ea8-1858-4437-809c-3609c92db617/lock
2026-09-04T21:06:35.338+06:30 DEBUG 20184 --- [nio-8080-exec-9] o.s.security.web.FilterChainProxy        : Securing POST /api/generations/296e8ea8-1858-4437-809c-3609c92db617/lock/heartbeat
2026-09-04T21:06:35.342+06:30 DEBUG 20184 --- [nio-8080-exec-9] o.s.security.web.FilterChainProxy        : Secured POST /api/generations/296e8ea8-1858-4437-809c-3609c92db617/lock/heartbeat
2026-09-04T21:06:36.551+06:30 DEBUG 20184 --- [nio-8080-exec-7] o.s.security.web.FilterChainProxy        : Securing GET /api/timetable-lobbies
2026-09-04T21:06:36.553+06:30 DEBUG 20184 --- [nio-8080-exec-7] o.s.security.web.FilterChainProxy        : Secured GET /api/timetable-lobbies
2026-09-04T21:06:37.838+06:30 DEBUG 20184 --- [io-8080-exec-10] o.s.security.web.FilterChainProxy        : Securing GET /api/generations/296e8ea8-1858-4437-809c-3609c92db617/lock
2026-09-04T21:06:37.843+06:30 DEBUG 20184 --- [io-8080-exec-10] o.s.security.web.FilterChainProxy        : Secured GET /api/generations/296e8ea8-1858-4437-809c-3609c92db617/lock
2026-09-04T21:06:39.696+06:30 DEBUG 20184 --- [nio-8080-exec-2] o.s.security.web.FilterChainProxy        : Securing POST /api/generations/296e8ea8-1858-4437-809c-3609c92db617/lock/heartbeat
2026-09-04T21:06:39.703+06:30 DEBUG 20184 --- [nio-8080-exec-2] o.s.security.web.FilterChainProxy        : Secured POST /api/generations/296e8ea8-1858-4437-809c-3609c92db617/lock/heartbeat
2026-09-04T21:06:41.839+06:30 DEBUG 20184 --- [nio-8080-exec-6] o.s.security.web.FilterChainProxy        : Securing GET /api/generations/296e8ea8-1858-4437-809c-3609c92db617/lock
2026-09-04T21:06:41.845+06:30 DEBUG 20184 --- [nio-8080-exec-6] o.s.security.web.FilterChainProxy        : Secured GET /api/generations/296e8ea8-1858-4437-809c-3609c92db617/lock
2026-09-04T21:06:42.403+06:30 DEBUG 20184 --- [nio-8080-exec-5] o.s.security.web.FilterChainProxy        : Securing POST /api/generations/296e8ea8-1858-4437-809c-3609c92db617/lock/heartbeat
2026-09-04T21:06:42.403+06:30 DEBUG 20184 --- [nio-8080-exec-5] o.s.security.web.FilterChainProxy        : Secured POST /api/generations/296e8ea8-1858-4437-809c-3609c92db617/lock/heartbeat
2026-09-04T21:06:45.833+06:30 DEBUG 20184 --- [nio-8080-exec-1] o.s.security.web.FilterChainProxy        : Securing GET /api/generations/296e8ea8-1858-4437-809c-3609c92db617/lock
2026-09-04T21:06:45.840+06:30 DEBUG 20184 --- [nio-8080-exec-1] o.s.security.web.FilterChainProxy        : Secured GET /api/generations/296e8ea8-1858-4437-809c-3609c92db617/lock
2026-09-04T21:06:46.167+06:30 DEBUG 20184 --- [nio-8080-exec-8] o.s.security.web.FilterChainProxy        : Securing POST /api/generations/296e8ea8-1858-4437-809c-3609c92db617/lock/heartbeat
2026-09-04T21:06:46.167+06:30 DEBUG 20184 --- [nio-8080-exec-8] o.s.security.web.FilterChainProxy        : Secured POST /api/generations/296e8ea8-1858-4437-809c-3609c92db617/lock/heartbeat
2026-09-04T21:06:49.831+06:30 DEBUG 20184 --- [nio-8080-exec-4] o.s.security.web.FilterChainProxy        : Securing GET /api/generations/296e8ea8-1858-4437-809c-3609c92db617/lock
2026-09-04T21:06:49.833+06:30 DEBUG 20184 --- [nio-8080-exec-4] o.s.security.web.FilterChainProxy        : Secured GET /api/generations/296e8ea8-1858-4437-809c-3609c92db617/lock
2026-09-04T21:06:50.289+06:30 DEBUG 20184 --- [nio-8080-exec-3] o.s.security.web.FilterChainProxy        : Securing POST /api/generations/296e8ea8-1858-4437-809c-3609c92db617/lock/heartbeat
2026-09-04T21:06:50.293+06:30 DEBUG 20184 --- [nio-8080-exec-3] o.s.security.web.FilterChainProxy        : Secured POST /api/generations/296e8ea8-1858-4437-809c-3609c92db617/lock/heartbeat
2026-09-04T21:06:53.859+06:30 DEBUG 20184 --- [io-8080-exec-10] o.s.security.web.FilterChainProxy        : Securing GET /api/generations/296e8ea8-1858-4437-809c-3609c92db617/lock
2026-09-04T21:06:53.864+06:30 DEBUG 20184 --- [io-8080-exec-10] o.s.security.web.FilterChainProxy        : Secured GET /api/generations/296e8ea8-1858-4437-809c-3609c92db617/lock
2026-09-04T21:06:54.759+06:30 DEBUG 20184 --- [nio-8080-exec-6] o.s.security.web.FilterChainProxy        : Securing POST /api/generations/296e8ea8-1858-4437-809c-3609c92db617/lock/heartbeat
2026-09-04T21:06:54.765+06:30 DEBUG 20184 --- [nio-8080-exec-6] o.s.security.web.FilterChainProxy        : Secured POST /api/generations/296e8ea8-1858-4437-809c-3609c92db617/lock/heartbeat
2026-09-04T21:06:57.834+06:30 DEBUG 20184 --- [nio-8080-exec-5] o.s.security.web.FilterChainProxy        : Securing GET /api/generations/296e8ea8-1858-4437-809c-3609c92db617/lock
2026-09-04T21:06:57.841+06:30 DEBUG 20184 --- [nio-8080-exec-5] o.s.security.web.FilterChainProxy        : Secured GET /api/generations/296e8ea8-1858-4437-809c-3609c92db617/lock
2026-09-04T21:06:58.103+06:30 DEBUG 20184 --- [nio-8080-exec-7] o.s.security.web.FilterChainProxy        : Securing POST /api/generations/296e8ea8-1858-4437-809c-3609c92db617/lock/heartbeat
2026-09-04T21:06:58.104+06:30 DEBUG 20184 --- [nio-8080-exec-7] o.s.security.web.FilterChainProxy        : Secured POST /api/generations/296e8ea8-1858-4437-809c-3609c92db617/lock/heartbeat
2026-09-04T21:07:01.854+06:30 DEBUG 20184 --- [nio-8080-exec-1] o.s.security.web.FilterChainProxy        : Securing GET /api/generations/296e8ea8-1858-4437-809c-3609c92db617/lock
2026-09-04T21:07:01.898+06:30 DEBUG 20184 --- [nio-8080-exec-1] o.s.security.web.FilterChainProxy        : Secured GET /api/generations/296e8ea8-1858-4437-809c-3609c92db617/lock
2026-09-04T21:07:02.260+06:30 DEBUG 20184 --- [nio-8080-exec-8] o.s.security.web.FilterChainProxy        : Securing POST /api/generations/296e8ea8-1858-4437-809c-3609c92db617/lock/heartbeat
2026-09-04T21:07:02.270+06:30 DEBUG 20184 --- [nio-8080-exec-8] o.s.security.web.FilterChainProxy        : Secured POST /api/generations/296e8ea8-1858-4437-809c-3609c92db617/lock/heartbeat
2026-09-04T21:07:05.858+06:30 DEBUG 20184 --- [nio-8080-exec-4] o.s.security.web.FilterChainProxy        : Securing GET /api/generations/296e8ea8-1858-4437-809c-3609c92db617/lock
2026-09-04T21:07:05.871+06:30 DEBUG 20184 --- [nio-8080-exec-4] o.s.security.web.FilterChainProxy        : Secured GET /api/generations/296e8ea8-1858-4437-809c-3609c92db617/lock
2026-09-04T21:07:06.550+06:30 DEBUG 20184 --- [nio-8080-exec-3] o.s.security.web.FilterChainProxy        : Securing POST /api/generations/296e8ea8-1858-4437-809c-3609c92db617/lock/heartbeat
2026-09-04T21:07:06.555+06:30 DEBUG 20184 --- [nio-8080-exec-3] o.s.security.web.FilterChainProxy        : Secured POST /api/generations/296e8ea8-1858-4437-809c-3609c92db617/lock/heartbeat
2026-09-04T21:07:09.855+06:30 DEBUG 20184 --- [nio-8080-exec-9] o.s.security.web.FilterChainProxy        : Securing GET /api/generations/296e8ea8-1858-4437-809c-3609c92db617/lock
2026-09-04T21:07:09.855+06:30 DEBUG 20184 --- [nio-8080-exec-9] o.s.security.web.FilterChainProxy        : Secured GET /api/generations/296e8ea8-1858-4437-809c-3609c92db617/lock
2026-09-04T21:07:10.532+06:30 DEBUG 20184 --- [io-8080-exec-10] o.s.security.web.FilterChainProxy        : Securing POST /api/generations/296e8ea8-1858-4437-809c-3609c92db617/lock/heartbeat
2026-09-04T21:07:10.539+06:30 DEBUG 20184 --- [io-8080-exec-10] o.s.security.web.FilterChainProxy        : Secured POST /api/generations/296e8ea8-1858-4437-809c-3609c92db617/lock/heartbeat
2026-09-04T21:07:10.849+06:30 DEBUG 20184 --- [nio-8080-exec-2] o.s.security.web.FilterChainProxy        : Securing GET /api/users
2026-09-04T21:07:10.855+06:30 DEBUG 20184 --- [nio-8080-exec-2] o.s.security.web.FilterChainProxy        : Secured GET /api/users
2026-09-04T21:07:10.885+06:30 DEBUG 20184 --- [nio-8080-exec-6] o.s.security.web.FilterChainProxy        : Securing GET /api/students
2026-09-04T21:07:10.899+06:30 DEBUG 20184 --- [nio-8080-exec-6] o.s.security.web.FilterChainProxy        : Secured GET /api/students
2026-09-04T21:07:10.899+06:30 DEBUG 20184 --- [nio-8080-exec-5] o.s.security.web.FilterChainProxy        : Securing GET /api/staff
2026-09-04T21:07:10.945+06:30 DEBUG 20184 --- [nio-8080-exec-5] o.s.security.web.FilterChainProxy        : Secured GET /api/staff
2026-09-04T21:07:13.846+06:30 DEBUG 20184 --- [nio-8080-exec-7] o.s.security.web.FilterChainProxy        : Securing GET /api/generations/296e8ea8-1858-4437-809c-3609c92db617/lock
2026-09-04T21:07:13.849+06:30 DEBUG 20184 --- [nio-8080-exec-7] o.s.security.web.FilterChainProxy        : Secured GET /api/generations/296e8ea8-1858-4437-809c-3609c92db617/lock
2026-09-04T21:07:14.428+06:30 DEBUG 20184 --- [nio-8080-exec-1] o.s.security.web.FilterChainProxy        : Securing POST /api/generations/296e8ea8-1858-4437-809c-3609c92db617/lock/heartbeat
2026-09-04T21:07:14.430+06:30 DEBUG 20184 --- [nio-8080-exec-1] o.s.security.web.FilterChainProxy        : Secured POST /api/generations/296e8ea8-1858-4437-809c-3609c92db617/lock/heartbeat
2026-09-04T21:07:17.838+06:30 DEBUG 20184 --- [nio-8080-exec-8] o.s.security.web.FilterChainProxy        : Securing GET /api/generations/296e8ea8-1858-4437-809c-3609c92db617/lock
2026-09-04T21:07:17.846+06:30 DEBUG 20184 --- [nio-8080-exec-8] o.s.security.web.FilterChainProxy        : Secured GET /api/generations/296e8ea8-1858-4437-809c-3609c92db617/lock
2026-09-04T21:07:18.099+06:30 DEBUG 20184 --- [nio-8080-exec-4] o.s.security.web.FilterChainProxy        : Securing POST /api/generations/296e8ea8-1858-4437-809c-3609c92db617/lock/heartbeat
2026-09-04T21:07:18.102+06:30 DEBUG 20184 --- [nio-8080-exec-4] o.s.security.web.FilterChainProxy        : Secured POST /api/generations/296e8ea8-1858-4437-809c-3609c92db617/lock/heartbeat
2026-09-04T21:07:21.854+06:30 DEBUG 20184 --- [nio-8080-exec-3] o.s.security.web.FilterChainProxy        : Securing GET /api/generations/296e8ea8-1858-4437-809c-3609c92db617/lock
2026-09-04T21:07:21.857+06:30 DEBUG 20184 --- [nio-8080-exec-3] o.s.security.web.FilterChainProxy        : Secured GET /api/generations/296e8ea8-1858-4437-809c-3609c92db617/lock
2026-09-04T21:07:22.077+06:30 DEBUG 20184 --- [nio-8080-exec-9] o.s.security.web.FilterChainProxy        : Securing POST /api/generations/296e8ea8-1858-4437-809c-3609c92db617/lock/heartbeat
2026-09-04T21:07:22.079+06:30 DEBUG 20184 --- [nio-8080-exec-9] o.s.security.web.FilterChainProxy        : Secured POST /api/generations/296e8ea8-1858-4437-809c-3609c92db617/lock/heartbeat
2026-09-04T21:08:06.882+06:30 DEBUG 20184 --- [io-8080-exec-10] o.s.security.web.FilterChainProxy        : Securing GET /api/generations/296e8ea8-1858-4437-809c-3609c92db617/lock
2026-09-04T21:08:06.912+06:30 DEBUG 20184 --- [io-8080-exec-10] o.s.security.web.FilterChainProxy        : Secured GET /api/generations/296e8ea8-1858-4437-809c-3609c92db617/lock
2026-09-04T21:08:07.712+06:30 DEBUG 20184 --- [nio-8080-exec-5] o.s.security.web.FilterChainProxy        : Securing POST /api/generations/296e8ea8-1858-4437-809c-3609c92db617/lock
2026-09-04T21:08:07.716+06:30 DEBUG 20184 --- [nio-8080-exec-5] o.s.security.web.FilterChainProxy        : Secured POST /api/generations/296e8ea8-1858-4437-809c-3609c92db617/lock
2026-09-04T21:08:11.054+06:30 DEBUG 20184 --- [nio-8080-exec-6] o.s.security.web.FilterChainProxy        : Securing POST /api/auth/login
2026-09-04T21:08:11.054+06:30 DEBUG 20184 --- [nio-8080-exec-6] o.s.s.w.a.AnonymousAuthenticationFilter  : Set SecurityContextHolder to anonymous SecurityContext
2026-09-04T21:08:11.054+06:30 DEBUG 20184 --- [nio-8080-exec-6] o.s.security.web.FilterChainProxy        : Secured POST /api/auth/login
2026-09-04T21:08:12.847+06:30 DEBUG 20184 --- [nio-8080-exec-1] o.s.security.web.FilterChainProxy        : Securing POST /api/generations
2026-09-04T21:08:12.847+06:30 DEBUG 20184 --- [nio-8080-exec-1] o.s.security.web.FilterChainProxy        : Secured POST /api/generations
2026-09-04T21:08:14.352+06:30 DEBUG 20184 --- [nio-8080-exec-3] o.s.security.web.FilterChainProxy        : Securing POST /api/generations/fb78632d-5cce-46ca-8388-778570eb0847/snapshot/prepare
2026-09-04T21:08:14.352+06:30 DEBUG 20184 --- [nio-8080-exec-3] o.s.security.web.FilterChainProxy        : Secured POST /api/generations/fb78632d-5cce-46ca-8388-778570eb0847/snapshot/prepare
2026-09-04T21:08:15.022+06:30  INFO 20184 --- [nio-8080-exec-3] c.u.service.TimetableGenerationService   : [SNAPSHOT] WORKSPACE_ENTER generationId=fb78632d-5cce-46ca-8388-778570eb0847 workspaceId=efc68a91-5818-41aa-b4fb-893e240ea0ed
2026-09-04T21:08:18.560+06:30  INFO 20184 --- [nio-8080-exec-3] c.u.service.GenerationSnapshot           : [SNAPSHOT] LOOKUP generationId=fb78632d-5cce-46ca-8388-778570eb0847 found=false status=null
2026-09-04T21:08:18.563+06:30  INFO 20184 --- [nio-8080-exec-3] c.u.service.GenerationSnapshot           : [SNAPSHOT] CREATE generationId=fb78632d-5cce-46ca-8388-778570eb0847 snapshotId=a914faa1-5c74-4116-81fa-42b4295398b5 termId=efc68a91-5818-41aa-b4fb-893e240ea0ed examTypeId=null
2026-09-04T21:08:18.563+06:30  INFO 20184 --- [nio-8080-exec-3] c.u.service.GenerationSnapshot           : [SNAPSHOT] PREPARING generationId=fb78632d-5cce-46ca-8388-778570eb0847 snapshotId=a914faa1-5c74-4116-81fa-42b4295398b5
2026-09-04T21:08:21.181+06:30  INFO 20184 --- [nio-8080-exec-3] c.u.service.GenerationSnapshot           : [SNAPSHOT] STORE generationId=fb78632d-5cce-46ca-8388-778570eb0847 snapshotId=a914faa1-5c74-4116-81fa-42b4295398b5 key=fb78632d-5cce-46ca-8388-778570eb0847 sourceVersion=efc68a91-5818-41aa-b4fb-893e240ea0edA214H-955154677M33H120045719CMR-2082149435S4H501015944E8H998842484T6H-1402550967
2026-09-04T21:08:21.373+06:30  INFO 20184 --- [nio-8080-exec-3] c.u.service.GenerationSnapshot           : === PARTITION SUMMARY (generation=fb78632d-5cce-46ca-8388-778570eb0847) ===
2026-09-04T21:08:21.373+06:30  INFO 20184 --- [nio-8080-exec-3] c.u.service.GenerationSnapshot           :   Sem-7: assignments=38, singletons=32, combineGroups=2, groupedAssignments=6, courseIds=14, requiredSections=ALL
2026-09-04T21:08:21.373+06:30  INFO 20184 --- [nio-8080-exec-3] c.u.service.GenerationSnapshot           :   Sem-1: assignments=27, singletons=21, combineGroups=3, groupedAssignments=6, courseIds=7, requiredSections=ALL
2026-09-04T21:08:21.373+06:30  INFO 20184 --- [nio-8080-exec-3] c.u.service.GenerationSnapshot           :   Sem-5: assignments=34, singletons=31, combineGroups=1, groupedAssignments=3, courseIds=12, requiredSections=ALL
2026-09-04T21:08:21.373+06:30  INFO 20184 --- [nio-8080-exec-3] c.u.service.GenerationSnapshot           :   Sem-8: assignments=0, singletons=0, combineGroups=0, groupedAssignments=0, courseIds=0, requiredSections=ALL
2026-09-04T21:08:21.373+06:30  INFO 20184 --- [nio-8080-exec-3] c.u.service.GenerationSnapshot           :   Sem-3: assignments=28, singletons=24, combineGroups=2, groupedAssignments=4, courseIds=7, requiredSections=ALL
2026-09-04T21:08:21.383+06:30  INFO 20184 --- [nio-8080-exec-3] c.u.service.GenerationSnapshot           :   Sem-4: assignments=28, singletons=22, combineGroups=2, groupedAssignments=6, courseIds=8, requiredSections=ALL
2026-09-04T21:08:21.383+06:30  INFO 20184 --- [nio-8080-exec-3] c.u.service.GenerationSnapshot           :   Sem-6: assignments=32, singletons=30, combineGroups=1, groupedAssignments=2, courseIds=12, requiredSections=ALL
2026-09-04T21:08:21.383+06:30  INFO 20184 --- [nio-8080-exec-3] c.u.service.GenerationSnapshot           :   Sem-2: assignments=27, singletons=21, combineGroups=3, groupedAssignments=6, courseIds=7, requiredSections=ALL
2026-09-04T21:08:21.383+06:30  INFO 20184 --- [nio-8080-exec-3] c.u.service.GenerationSnapshot           : === END PARTITION SUMMARY ===
2026-09-04T21:08:21.383+06:30  INFO 20184 --- [nio-8080-exec-3] c.u.service.GenerationSnapshot           : [SNAPSHOT] READY generationId=fb78632d-5cce-46ca-8388-778570eb0847 snapshotId=a914faa1-5c74-4116-81fa-42b4295398b5 preloadTime=2820ms dbQueries=6 assignments=214 groupMembers=33 requirements=87 timeSlots=6 semesters=8 sourceVersion=efc68a91-5818-41aa-b4fb-893e240ea0edA214H-955154677M33H120045719CMR-2082149435S4H501015944E8H998842484T6H-1402550967
2026-09-04T21:08:21.383+06:30  INFO 20184 --- [nio-8080-exec-3] c.u.service.TimetableGenerationService   : [SNAPSHOT] READY generationId=fb78632d-5cce-46ca-8388-778570eb0847 snapshotId=a914faa1-5c74-4116-81fa-42b4295398b5 sourceVersion=efc68a91-5818-41aa-b4fb-893e240ea0edA214H-955154677M33H120045719CMR-2082149435S4H501015944E8H998842484T6H-1402550967 semesters=8
2026-09-04T21:08:21.463+06:30  INFO 20184 --- [nio-8080-exec-3] c.u.service.GenerationSnapshot           : [SNAPSHOT] LOOKUP generationId=fb78632d-5cce-46ca-8388-778570eb0847 found=true status=PRELOADED
2026-09-04T21:08:21.602+06:30 DEBUG 20184 --- [io-8080-exec-10] o.s.security.web.FilterChainProxy        : Securing POST /api/generations/fb78632d-5cce-46ca-8388-778570eb0847/snapshot/prepare
2026-09-04T21:08:21.603+06:30 DEBUG 20184 --- [io-8080-exec-10] o.s.security.web.FilterChainProxy        : Secured POST /api/generations/fb78632d-5cce-46ca-8388-778570eb0847/snapshot/prepare
2026-09-04T21:08:21.733+06:30  INFO 20184 --- [io-8080-exec-10] c.u.service.TimetableGenerationService   : [SNAPSHOT] WORKSPACE_ENTER generationId=fb78632d-5cce-46ca-8388-778570eb0847 workspaceId=efc68a91-5818-41aa-b4fb-893e240ea0ed
2026-09-04T21:08:23.403+06:30  INFO 20184 --- [io-8080-exec-10] c.u.service.GenerationSnapshot           : [SNAPSHOT] LOOKUP generationId=fb78632d-5cce-46ca-8388-778570eb0847 found=true status=PRELOADED
2026-09-04T21:08:23.403+06:30  INFO 20184 --- [io-8080-exec-10] c.u.service.TimetableGenerationService   : [SNAPSHOT] REUSE generationId=fb78632d-5cce-46ca-8388-778570eb0847 snapshotId=a914faa1-5c74-4116-81fa-42b4295398b5 sourceVersion=efc68a91-5818-41aa-b4fb-893e240ea0edA214H-955154677M33H120045719CMR-2082149435S4H501015944E8H998842484T6H-1402550967
2026-09-04T21:08:23.603+06:30  INFO 20184 --- [io-8080-exec-10] c.u.service.GenerationSnapshot           : === PARTITION SUMMARY (generation=fb78632d-5cce-46ca-8388-778570eb0847) ===
2026-09-04T21:08:23.603+06:30  INFO 20184 --- [io-8080-exec-10] c.u.service.GenerationSnapshot           :   Sem-7: assignments=38, singletons=32, combineGroups=2, groupedAssignments=6, courseIds=14, requiredSections=ALL
2026-09-04T21:08:23.603+06:30  INFO 20184 --- [io-8080-exec-10] c.u.service.GenerationSnapshot           :   Sem-1: assignments=27, singletons=21, combineGroups=3, groupedAssignments=6, courseIds=7, requiredSections=ALL
2026-09-04T21:08:23.603+06:30  INFO 20184 --- [io-8080-exec-10] c.u.service.GenerationSnapshot           :   Sem-5: assignments=34, singletons=31, combineGroups=1, groupedAssignments=3, courseIds=12, requiredSections=ALL
2026-09-04T21:08:23.603+06:30  INFO 20184 --- [io-8080-exec-10] c.u.service.GenerationSnapshot           :   Sem-8: assignments=0, singletons=0, combineGroups=0, groupedAssignments=0, courseIds=0, requiredSections=ALL
2026-09-04T21:08:23.603+06:30  INFO 20184 --- [io-8080-exec-10] c.u.service.GenerationSnapshot           :   Sem-3: assignments=28, singletons=24, combineGroups=2, groupedAssignments=4, courseIds=7, requiredSections=ALL
2026-09-04T21:08:23.603+06:30  INFO 20184 --- [io-8080-exec-10] c.u.service.GenerationSnapshot           :   Sem-4: assignments=28, singletons=22, combineGroups=2, groupedAssignments=6, courseIds=8, requiredSections=ALL
2026-09-04T21:08:23.603+06:30  INFO 20184 --- [io-8080-exec-10] c.u.service.GenerationSnapshot           :   Sem-6: assignments=32, singletons=30, combineGroups=1, groupedAssignments=2, courseIds=12, requiredSections=ALL
2026-09-04T21:08:23.603+06:30  INFO 20184 --- [io-8080-exec-10] c.u.service.GenerationSnapshot           :   Sem-2: assignments=27, singletons=21, combineGroups=3, groupedAssignments=6, courseIds=7, requiredSections=ALL
2026-09-04T21:08:23.603+06:30  INFO 20184 --- [io-8080-exec-10] c.u.service.GenerationSnapshot           : === END PARTITION SUMMARY ===
2026-09-04T21:08:23.607+06:30  INFO 20184 --- [io-8080-exec-10] c.u.service.GenerationSnapshot           : [SNAPSHOT] READY generationId=fb78632d-5cce-46ca-8388-778570eb0847 snapshotId=a914faa1-5c74-4116-81fa-42b4295398b5 preloadTime=5044ms dbQueries=7 assignments=214 groupMembers=33 requirements=87 timeSlots=6 semesters=8 sourceVersion=efc68a91-5818-41aa-b4fb-893e240ea0edA214H-955154677M33H120045719CMR-2082149435S4H501015944E8H998842484T6H-1402550967
2026-09-04T21:08:23.673+06:30  INFO 20184 --- [io-8080-exec-10] c.u.service.GenerationSnapshot           : [SNAPSHOT] LOOKUP generationId=fb78632d-5cce-46ca-8388-778570eb0847 found=true status=PRELOADED
2026-09-04T21:08:23.773+06:30 DEBUG 20184 --- [nio-8080-exec-2] o.s.security.web.FilterChainProxy        : Securing GET /api/generations/fb78632d-5cce-46ca-8388-778570eb0847/snapshot
2026-09-04T21:08:23.773+06:30 DEBUG 20184 --- [nio-8080-exec-2] o.s.security.web.FilterChainProxy        : Secured GET /api/generations/fb78632d-5cce-46ca-8388-778570eb0847/snapshot
2026-09-04T21:08:23.893+06:30  INFO 20184 --- [nio-8080-exec-2] c.u.service.GenerationSnapshot           : [SNAPSHOT] LOOKUP generationId=fb78632d-5cce-46ca-8388-778570eb0847 found=true status=PRELOADED
2026-09-04T21:08:37.827+06:30 DEBUG 20184 --- [nio-8080-exec-6] o.s.security.web.FilterChainProxy        : Securing GET /api/timetable-lobbies
2026-09-04T21:08:37.883+06:30 DEBUG 20184 --- [nio-8080-exec-6] o.s.security.web.FilterChainProxy        : Secured GET /api/timetable-lobbies
2026-09-04T21:08:38.006+06:30 DEBUG 20184 --- [nio-8080-exec-1] o.s.security.web.FilterChainProxy        : Securing GET /api/users
2026-09-04T21:08:38.007+06:30 DEBUG 20184 --- [nio-8080-exec-4] o.s.security.web.FilterChainProxy        : Securing GET /api/students
2026-09-04T21:08:38.008+06:30 DEBUG 20184 --- [nio-8080-exec-8] o.s.security.web.FilterChainProxy        : Securing GET /api/generations/296e8ea8-1858-4437-809c-3609c92db617/lock
2026-09-04T21:08:38.008+06:30 DEBUG 20184 --- [nio-8080-exec-3] o.s.security.web.FilterChainProxy        : Securing GET /api/staff
2026-09-04T21:08:38.008+06:30 DEBUG 20184 --- [nio-8080-exec-1] o.s.security.web.FilterChainProxy        : Secured GET /api/users
2026-09-04T21:08:38.011+06:30 DEBUG 20184 --- [nio-8080-exec-4] o.s.security.web.FilterChainProxy        : Secured GET /api/students
2026-09-04T21:08:38.012+06:30 DEBUG 20184 --- [nio-8080-exec-3] o.s.security.web.FilterChainProxy        : Secured GET /api/staff
2026-09-04T21:08:38.012+06:30 DEBUG 20184 --- [nio-8080-exec-8] o.s.security.web.FilterChainProxy        : Secured GET /api/generations/296e8ea8-1858-4437-809c-3609c92db617/lock
2026-09-04T21:08:38.367+06:30 DEBUG 20184 --- [nio-8080-exec-9] o.s.security.web.FilterChainProxy        : Securing POST /api/generations/296e8ea8-1858-4437-809c-3609c92db617/lock/heartbeat
2026-09-04T21:08:38.370+06:30 DEBUG 20184 --- [nio-8080-exec-9] o.s.security.web.FilterChainProxy        : Secured POST /api/generations/296e8ea8-1858-4437-809c-3609c92db617/lock/heartbeat
2026-09-04T21:08:41.652+06:30 DEBUG 20184 --- [io-8080-exec-10] o.s.security.web.FilterChainProxy        : Securing GET /api/users
2026-09-04T21:08:41.653+06:30 DEBUG 20184 --- [nio-8080-exec-5] o.s.security.web.FilterChainProxy        : Securing GET /api/students
2026-09-04T21:08:41.661+06:30 DEBUG 20184 --- [nio-8080-exec-5] o.s.security.web.FilterChainProxy        : Secured GET /api/students
2026-09-04T21:08:41.664+06:30 DEBUG 20184 --- [io-8080-exec-10] o.s.security.web.FilterChainProxy        : Secured GET /api/users
2026-09-04T21:08:41.768+06:30 DEBUG 20184 --- [nio-8080-exec-2] o.s.security.web.FilterChainProxy        : Securing GET /api/staff
2026-09-04T21:08:41.768+06:30 DEBUG 20184 --- [nio-8080-exec-7] o.s.security.web.FilterChainProxy        : Securing GET /api/staff/me
2026-09-04T21:08:41.773+06:30 DEBUG 20184 --- [nio-8080-exec-2] o.s.security.web.FilterChainProxy        : Secured GET /api/staff
2026-09-04T21:08:41.774+06:30 DEBUG 20184 --- [nio-8080-exec-7] o.s.security.web.FilterChainProxy        : Secured GET /api/staff/me
2026-09-04T21:08:41.825+06:30 DEBUG 20184 --- [nio-8080-exec-8] o.s.security.web.FilterChainProxy        : Securing GET /api/terms
2026-09-04T21:08:41.828+06:30 DEBUG 20184 --- [nio-8080-exec-8] o.s.security.web.FilterChainProxy        : Secured GET /api/terms
2026-09-04T21:08:44.001+06:30 DEBUG 20184 --- [nio-8080-exec-3] o.s.security.web.FilterChainProxy        : Securing GET /api/terms
2026-09-04T21:08:44.008+06:30 DEBUG 20184 --- [nio-8080-exec-3] o.s.security.web.FilterChainProxy        : Secured GET /api/terms
2026-09-04T21:08:45.192+06:30 DEBUG 20184 --- [nio-8080-exec-9] o.s.security.web.FilterChainProxy        : Securing GET /api/staff/me
2026-09-04T21:08:45.200+06:30 DEBUG 20184 --- [nio-8080-exec-9] o.s.security.web.FilterChainProxy        : Secured GET /api/staff/me
2026-09-04T21:08:45.227+06:30 DEBUG 20184 --- [nio-8080-exec-1] o.s.security.web.FilterChainProxy        : Securing GET /api/timetable-lobbies
2026-09-04T21:08:45.229+06:30 DEBUG 20184 --- [nio-8080-exec-1] o.s.security.web.FilterChainProxy        : Secured GET /api/timetable-lobbies
2026-09-04T21:08:45.230+06:30 DEBUG 20184 --- [nio-8080-exec-4] o.s.security.web.FilterChainProxy        : Securing GET /api/generations
2026-09-04T21:08:45.232+06:30 DEBUG 20184 --- [nio-8080-exec-4] o.s.security.web.FilterChainProxy        : Secured GET /api/generations
2026-09-04T21:08:45.566+06:30 DEBUG 20184 --- [nio-8080-exec-6] o.s.security.web.FilterChainProxy        : Securing GET /api/generations/manage?termId=efc68a91-5818-41aa-b4fb-893e240ea0ed
2026-09-04T21:08:45.568+06:30 DEBUG 20184 --- [nio-8080-exec-6] o.s.security.web.FilterChainProxy        : Secured GET /api/generations/manage?termId=efc68a91-5818-41aa-b4fb-893e240ea0ed
2026-09-04T21:08:46.825+06:30 DEBUG 20184 --- [nio-8080-exec-8] o.s.security.web.FilterChainProxy        : Securing GET /api/generations
2026-09-04T21:08:46.827+06:30 DEBUG 20184 --- [nio-8080-exec-8] o.s.security.web.FilterChainProxy        : Secured GET /api/generations
2026-09-04T21:08:47.307+06:30 DEBUG 20184 --- [nio-8080-exec-3] o.s.security.web.FilterChainProxy        : Securing GET /api/generations/fb78632d-5cce-46ca-8388-778570eb0847
2026-09-04T21:08:47.310+06:30 DEBUG 20184 --- [nio-8080-exec-3] o.s.security.web.FilterChainProxy        : Secured GET /api/generations/fb78632d-5cce-46ca-8388-778570eb0847
2026-09-04T21:08:47.341+06:30 DEBUG 20184 --- [nio-8080-exec-7] o.s.security.web.FilterChainProxy        : Securing GET /api/time-slots
2026-09-04T21:08:47.343+06:30 DEBUG 20184 --- [io-8080-exec-10] o.s.security.web.FilterChainProxy        : Securing GET /api/generations/manage?termId=efc68a91-5818-41aa-b4fb-893e240ea0ed
2026-09-04T21:08:47.345+06:30 DEBUG 20184 --- [nio-8080-exec-7] o.s.security.web.FilterChainProxy        : Secured GET /api/time-slots
2026-09-04T21:08:47.345+06:30 DEBUG 20184 --- [io-8080-exec-10] o.s.security.web.FilterChainProxy        : Secured GET /api/generations/manage?termId=efc68a91-5818-41aa-b4fb-893e240ea0ed
2026-09-04T21:08:47.930+06:30 DEBUG 20184 --- [nio-8080-exec-2] o.s.security.web.FilterChainProxy        : Securing GET /api/time-slots
2026-09-04T21:08:47.931+06:30 DEBUG 20184 --- [nio-8080-exec-2] o.s.security.web.FilterChainProxy        : Secured GET /api/time-slots
2026-09-04T21:08:48.047+06:30 DEBUG 20184 --- [nio-8080-exec-9] o.s.security.web.FilterChainProxy        : Securing GET /api/generations/fb78632d-5cce-46ca-8388-778570eb0847
2026-09-04T21:08:48.050+06:30 DEBUG 20184 --- [nio-8080-exec-9] o.s.security.web.FilterChainProxy        : Secured GET /api/generations/fb78632d-5cce-46ca-8388-778570eb0847
2026-09-04T21:08:48.072+06:30 DEBUG 20184 --- [nio-8080-exec-5] o.s.security.web.FilterChainProxy        : Securing GET /api/exam-types
2026-09-04T21:08:48.075+06:30 DEBUG 20184 --- [nio-8080-exec-5] o.s.security.web.FilterChainProxy        : Secured GET /api/exam-types
2026-09-04T21:08:48.811+06:30 DEBUG 20184 --- [nio-8080-exec-4] o.s.security.web.FilterChainProxy        : Securing GET /api/exam-types
2026-09-04T21:08:48.814+06:30 DEBUG 20184 --- [nio-8080-exec-4] o.s.security.web.FilterChainProxy        : Secured GET /api/exam-types
2026-09-04T21:08:49.203+06:30 DEBUG 20184 --- [nio-8080-exec-6] o.s.security.web.FilterChainProxy        : Securing GET /api/timetable-lobbies
2026-09-04T21:08:49.205+06:30 DEBUG 20184 --- [nio-8080-exec-6] o.s.security.web.FilterChainProxy        : Secured GET /api/timetable-lobbies
2026-09-04T21:08:51.345+06:30 DEBUG 20184 --- [nio-8080-exec-8] o.s.security.web.FilterChainProxy        : Securing GET /api/timetable-lobbies
2026-09-04T21:08:51.347+06:30 DEBUG 20184 --- [nio-8080-exec-8] o.s.security.web.FilterChainProxy        : Secured GET /api/timetable-lobbies
2026-09-04T21:08:56.161+06:30 DEBUG 20184 --- [nio-8080-exec-7] o.s.security.web.FilterChainProxy        : Securing GET /api/timetable-lobbies
2026-09-04T21:08:56.167+06:30 DEBUG 20184 --- [nio-8080-exec-7] o.s.security.web.FilterChainProxy        : Secured GET /api/timetable-lobbies
2026-09-04T21:08:56.185+06:30 DEBUG 20184 --- [nio-8080-exec-3] o.s.security.web.FilterChainProxy        : Securing GET /api/generations/manage?termId=efc68a91-5818-41aa-b4fb-893e240ea0ed
2026-09-04T21:08:56.195+06:30 DEBUG 20184 --- [nio-8080-exec-3] o.s.security.web.FilterChainProxy        : Secured GET /api/generations/manage?termId=efc68a91-5818-41aa-b4fb-893e240ea0ed
2026-09-04T21:08:56.205+06:30 DEBUG 20184 --- [nio-8080-exec-5] o.s.security.web.FilterChainProxy        : Securing GET /api/generations/scope?termId=efc68a91-5818-41aa-b4fb-893e240ea0ed&examTypeId=4f885c79-0eb3-a8b3-d35d-dee741a88907
2026-09-04T21:08:56.205+06:30 DEBUG 20184 --- [nio-8080-exec-2] o.s.security.web.FilterChainProxy        : Securing GET /api/generations/fb78632d-5cce-46ca-8388-778570eb0847/schedules
2026-09-04T21:08:56.205+06:30 DEBUG 20184 --- [nio-8080-exec-2] o.s.security.web.FilterChainProxy        : Secured GET /api/generations/fb78632d-5cce-46ca-8388-778570eb0847/schedules
2026-09-04T21:08:56.205+06:30 DEBUG 20184 --- [nio-8080-exec-5] o.s.security.web.FilterChainProxy        : Secured GET /api/generations/scope?termId=efc68a91-5818-41aa-b4fb-893e240ea0ed&examTypeId=4f885c79-0eb3-a8b3-d35d-dee741a88907
2026-09-04T21:09:04.296+06:30 DEBUG 20184 --- [nio-8080-exec-9] o.s.security.web.FilterChainProxy        : Securing GET /api/generations/fb78632d-5cce-46ca-8388-778570eb0847/lock
2026-09-04T21:09:04.302+06:30 DEBUG 20184 --- [nio-8080-exec-9] o.s.security.web.FilterChainProxy        : Secured GET /api/generations/fb78632d-5cce-46ca-8388-778570eb0847/lock
2026-09-04T21:09:04.348+06:30 DEBUG 20184 --- [io-8080-exec-10] o.s.security.web.FilterChainProxy        : Securing POST /api/generations/fb78632d-5cce-46ca-8388-778570eb0847/lock
2026-09-04T21:09:04.354+06:30 DEBUG 20184 --- [io-8080-exec-10] o.s.security.web.FilterChainProxy        : Secured POST /api/generations/fb78632d-5cce-46ca-8388-778570eb0847/lock
2026-09-04T21:09:08.858+06:30 DEBUG 20184 --- [nio-8080-exec-4] o.s.security.web.FilterChainProxy        : Securing GET /api/generations/fb78632d-5cce-46ca-8388-778570eb0847/lock
2026-09-04T21:09:08.860+06:30 DEBUG 20184 --- [nio-8080-exec-4] o.s.security.web.FilterChainProxy        : Secured GET /api/generations/fb78632d-5cce-46ca-8388-778570eb0847/lock
2026-09-04T21:09:08.918+06:30 DEBUG 20184 --- [nio-8080-exec-1] o.s.security.web.FilterChainProxy        : Securing POST /api/generations/fb78632d-5cce-46ca-8388-778570eb0847/lock
2026-09-04T21:09:08.918+06:30 DEBUG 20184 --- [nio-8080-exec-1] o.s.security.web.FilterChainProxy        : Secured POST /api/generations/fb78632d-5cce-46ca-8388-778570eb0847/lock
2026-09-04T21:09:09.373+06:30 DEBUG 20184 --- [nio-8080-exec-6] o.s.security.web.FilterChainProxy        : Securing GET /api/timetable-lobbies
2026-09-04T21:09:09.374+06:30 DEBUG 20184 --- [nio-8080-exec-6] o.s.security.web.FilterChainProxy        : Secured GET /api/timetable-lobbies
2026-09-04T21:09:10.580+06:30 DEBUG 20184 --- [nio-8080-exec-8] o.s.security.web.FilterChainProxy        : Securing GET /api/timetable-lobbies
2026-09-04T21:09:10.580+06:30 DEBUG 20184 --- [nio-8080-exec-8] o.s.security.web.FilterChainProxy        : Secured GET /api/timetable-lobbies
2026-09-04T21:09:12.192+06:30 DEBUG 20184 --- [nio-8080-exec-5] o.s.security.web.FilterChainProxy        : Securing GET /api/generations/manage?termId=efc68a91-5818-41aa-b4fb-893e240ea0ed
2026-09-04T21:09:12.192+06:30 DEBUG 20184 --- [nio-8080-exec-2] o.s.security.web.FilterChainProxy        : Securing GET /api/generations/scope?termId=efc68a91-5818-41aa-b4fb-893e240ea0ed&examTypeId=4f885c79-0eb3-a8b3-d35d-dee741a88907
2026-09-04T21:09:12.196+06:30 DEBUG 20184 --- [nio-8080-exec-5] o.s.security.web.FilterChainProxy        : Secured GET /api/generations/manage?termId=efc68a91-5818-41aa-b4fb-893e240ea0ed
2026-09-04T21:09:12.196+06:30 DEBUG 20184 --- [nio-8080-exec-2] o.s.security.web.FilterChainProxy        : Secured GET /api/generations/scope?termId=efc68a91-5818-41aa-b4fb-893e240ea0ed&examTypeId=4f885c79-0eb3-a8b3-d35d-dee741a88907
2026-09-04T21:09:12.216+06:30 DEBUG 20184 --- [nio-8080-exec-3] o.s.security.web.FilterChainProxy        : Securing GET /api/generations/fb78632d-5cce-46ca-8388-778570eb0847/schedules
2026-09-04T21:09:12.216+06:30 DEBUG 20184 --- [nio-8080-exec-3] o.s.security.web.FilterChainProxy        : Secured GET /api/generations/fb78632d-5cce-46ca-8388-778570eb0847/schedules
2026-09-04T21:09:14.318+06:30 DEBUG 20184 --- [nio-8080-exec-9] o.s.security.web.FilterChainProxy        : Securing GET /api/generations/fb78632d-5cce-46ca-8388-778570eb0847/lock
2026-09-04T21:09:14.320+06:30 DEBUG 20184 --- [nio-8080-exec-9] o.s.security.web.FilterChainProxy        : Secured GET /api/generations/fb78632d-5cce-46ca-8388-778570eb0847/lock
2026-09-04T21:09:14.969+06:30 DEBUG 20184 --- [nio-8080-exec-4] o.s.security.web.FilterChainProxy        : Securing GET /api/timetable-lobbies
2026-09-04T21:09:14.970+06:30 DEBUG 20184 --- [io-8080-exec-10] o.s.security.web.FilterChainProxy        : Securing POST /api/generations/fb78632d-5cce-46ca-8388-778570eb0847/lock/heartbeat
2026-09-04T21:09:14.975+06:30 DEBUG 20184 --- [nio-8080-exec-4] o.s.security.web.FilterChainProxy        : Secured GET /api/timetable-lobbies
2026-09-04T21:09:14.977+06:30 DEBUG 20184 --- [io-8080-exec-10] o.s.security.web.FilterChainProxy        : Secured POST /api/generations/fb78632d-5cce-46ca-8388-778570eb0847/lock/heartbeat
2026-09-04T21:09:16.377+06:30 DEBUG 20184 --- [nio-8080-exec-7] o.s.security.web.FilterChainProxy        : Securing GET /api/generations/fb78632d-5cce-46ca-8388-778570eb0847/lock
2026-09-04T21:09:16.380+06:30 DEBUG 20184 --- [nio-8080-exec-7] o.s.security.web.FilterChainProxy        : Secured GET /api/generations/fb78632d-5cce-46ca-8388-778570eb0847/lock
2026-09-04T21:09:16.564+06:30 DEBUG 20184 --- [nio-8080-exec-2] o.s.security.web.FilterChainProxy        : Securing POST /api/generations/fb78632d-5cce-46ca-8388-778570eb0847/lock/heartbeat
2026-09-04T21:09:16.567+06:30 DEBUG 20184 --- [nio-8080-exec-2] o.s.security.web.FilterChainProxy        : Secured POST /api/generations/fb78632d-5cce-46ca-8388-778570eb0847/lock/heartbeat
2026-09-04T21:09:20.841+06:30 DEBUG 20184 --- [nio-8080-exec-1] o.s.security.web.FilterChainProxy        : Securing GET /api/generations/fb78632d-5cce-46ca-8388-778570eb0847/lock
2026-09-04T21:09:20.843+06:30 DEBUG 20184 --- [nio-8080-exec-1] o.s.security.web.FilterChainProxy        : Secured GET /api/generations/fb78632d-5cce-46ca-8388-778570eb0847/lock
2026-09-04T21:09:23.809+06:30 DEBUG 20184 --- [nio-8080-exec-9] o.s.security.web.FilterChainProxy        : Securing POST /api/generations/fb78632d-5cce-46ca-8388-778570eb0847/lock/heartbeat
2026-09-04T21:09:23.811+06:30 DEBUG 20184 --- [nio-8080-exec-9] o.s.security.web.FilterChainProxy        : Secured POST /api/generations/fb78632d-5cce-46ca-8388-778570eb0847/lock/heartbeat
2026-09-04T21:09:24.820+06:30 DEBUG 20184 --- [nio-8080-exec-3] o.s.security.web.FilterChainProxy        : Securing GET /api/generations/fb78632d-5cce-46ca-8388-778570eb0847/lock
2026-09-04T21:09:24.820+06:30 DEBUG 20184 --- [nio-8080-exec-3] o.s.security.web.FilterChainProxy        : Secured GET /api/generations/fb78632d-5cce-46ca-8388-778570eb0847/lock
2026-09-04T21:09:25.497+06:30 DEBUG 20184 --- [nio-8080-exec-7] o.s.security.web.FilterChainProxy        : Securing POST /api/generations/fb78632d-5cce-46ca-8388-778570eb0847/lock/heartbeat
2026-09-04T21:09:25.497+06:30 DEBUG 20184 --- [nio-8080-exec-7] o.s.security.web.FilterChainProxy        : Secured POST /api/generations/fb78632d-5cce-46ca-8388-778570eb0847/lock/heartbeat
2026-09-04T21:09:26.031+06:30 DEBUG 20184 --- [io-8080-exec-10] o.s.security.web.FilterChainProxy        : Securing GET /api/timetable-lobbies
2026-09-04T21:09:26.033+06:30 DEBUG 20184 --- [io-8080-exec-10] o.s.security.web.FilterChainProxy        : Secured GET /api/timetable-lobbies
2026-09-04T21:09:28.838+06:30 DEBUG 20184 --- [nio-8080-exec-8] o.s.security.web.FilterChainProxy        : Securing GET /api/generations/fb78632d-5cce-46ca-8388-778570eb0847/lock
2026-09-04T21:09:28.838+06:30 DEBUG 20184 --- [nio-8080-exec-8] o.s.security.web.FilterChainProxy        : Secured GET /api/generations/fb78632d-5cce-46ca-8388-778570eb0847/lock
2026-09-04T21:09:29.298+06:30 DEBUG 20184 --- [nio-8080-exec-1] o.s.security.web.FilterChainProxy        : Securing POST /api/generations/fb78632d-5cce-46ca-8388-778570eb0847/lock/heartbeat
2026-09-04T21:09:29.298+06:30 DEBUG 20184 --- [nio-8080-exec-1] o.s.security.web.FilterChainProxy        : Secured POST /api/generations/fb78632d-5cce-46ca-8388-778570eb0847/lock/heartbeat
2026-09-04T21:09:32.842+06:30 DEBUG 20184 --- [nio-8080-exec-6] o.s.security.web.FilterChainProxy        : Securing GET /api/generations/fb78632d-5cce-46ca-8388-778570eb0847/lock
2026-09-04T21:09:32.842+06:30 DEBUG 20184 --- [nio-8080-exec-6] o.s.security.web.FilterChainProxy        : Secured GET /api/generations/fb78632d-5cce-46ca-8388-778570eb0847/lock
2026-09-04T21:09:34.418+06:30 DEBUG 20184 --- [nio-8080-exec-5] o.s.security.web.FilterChainProxy        : Securing POST /api/generations/fb78632d-5cce-46ca-8388-778570eb0847/lock/heartbeat
2026-09-04T21:09:34.418+06:30 DEBUG 20184 --- [nio-8080-exec-5] o.s.security.web.FilterChainProxy        : Secured POST /api/generations/fb78632d-5cce-46ca-8388-778570eb0847/lock/heartbeat
2026-09-04T21:09:36.858+06:30 DEBUG 20184 --- [nio-8080-exec-2] o.s.security.web.FilterChainProxy        : Securing GET /api/generations/fb78632d-5cce-46ca-8388-778570eb0847/lock
2026-09-04T21:09:36.858+06:30 DEBUG 20184 --- [nio-8080-exec-2] o.s.security.web.FilterChainProxy        : Secured GET /api/generations/fb78632d-5cce-46ca-8388-778570eb0847/lock
2026-09-04T21:09:39.824+06:30 DEBUG 20184 --- [nio-8080-exec-3] o.s.security.web.FilterChainProxy        : Securing POST /api/generations/fb78632d-5cce-46ca-8388-778570eb0847/lock/heartbeat
2026-09-04T21:09:39.828+06:30 DEBUG 20184 --- [nio-8080-exec-3] o.s.security.web.FilterChainProxy        : Secured POST /api/generations/fb78632d-5cce-46ca-8388-778570eb0847/lock/heartbeat
2026-09-04T21:09:39.949+06:30 DEBUG 20184 --- [nio-8080-exec-4] o.s.security.web.FilterChainProxy        : Securing GET /api/timetable-lobbies
2026-09-04T21:09:39.952+06:30 DEBUG 20184 --- [nio-8080-exec-4] o.s.security.web.FilterChainProxy        : Secured GET /api/timetable-lobbies
2026-09-04T21:09:40.844+06:30 DEBUG 20184 --- [nio-8080-exec-9] o.s.security.web.FilterChainProxy        : Securing GET /api/generations/fb78632d-5cce-46ca-8388-778570eb0847/lock
2026-09-04T21:09:40.844+06:30 DEBUG 20184 --- [nio-8080-exec-9] o.s.security.web.FilterChainProxy        : Secured GET /api/generations/fb78632d-5cce-46ca-8388-778570eb0847/lock
2026-09-04T21:09:41.193+06:30 DEBUG 20184 --- [nio-8080-exec-8] o.s.security.web.FilterChainProxy        : Securing POST /api/generations/fb78632d-5cce-46ca-8388-778570eb0847/lock/heartbeat
2026-09-04T21:09:41.193+06:30 DEBUG 20184 --- [nio-8080-exec-8] o.s.security.web.FilterChainProxy        : Secured POST /api/generations/fb78632d-5cce-46ca-8388-778570eb0847/lock/heartbeat
2026-09-04T21:09:44.831+06:30 DEBUG 20184 --- [nio-8080-exec-6] o.s.security.web.FilterChainProxy        : Securing GET /api/generations/fb78632d-5cce-46ca-8388-778570eb0847/lock
2026-09-04T21:09:44.831+06:30 DEBUG 20184 --- [nio-8080-exec-6] o.s.security.web.FilterChainProxy        : Secured GET /api/generations/fb78632d-5cce-46ca-8388-778570eb0847/lock
2026-09-04T21:09:47.552+06:30 DEBUG 20184 --- [nio-8080-exec-2] o.s.security.web.FilterChainProxy        : Securing POST /api/generations/fb78632d-5cce-46ca-8388-778570eb0847/lock/heartbeat
2026-09-04T21:09:47.558+06:30 DEBUG 20184 --- [nio-8080-exec-2] o.s.security.web.FilterChainProxy        : Secured POST /api/generations/fb78632d-5cce-46ca-8388-778570eb0847/lock/heartbeat
2026-09-04T21:09:48.837+06:30 DEBUG 20184 --- [nio-8080-exec-7] o.s.security.web.FilterChainProxy        : Securing GET /api/generations/fb78632d-5cce-46ca-8388-778570eb0847/lock
2026-09-04T21:09:48.843+06:30 DEBUG 20184 --- [nio-8080-exec-7] o.s.security.web.FilterChainProxy        : Secured GET /api/generations/fb78632d-5cce-46ca-8388-778570eb0847/lock
2026-09-04T21:09:54.341+06:30  WARN 20184 --- [nio-8080-exec-7] com.zaxxer.hikari.pool.PoolBase          : HikariPool-1 - Failed to validate connection org.postgresql.jdbc.PgConnection@709dc642 (This connection has been closed.). Possibly consider using a shorter maxLifetime value.
2026-09-04T21:09:54.914+06:30 DEBUG 20184 --- [nio-8080-exec-9] o.s.security.web.FilterChainProxy        : Securing GET /api/generations/fb78632d-5cce-46ca-8388-778570eb0847/lock
2026-09-04T21:09:54.965+06:30 DEBUG 20184 --- [nio-8080-exec-9] o.s.security.web.FilterChainProxy        : Secured GET /api/generations/fb78632d-5cce-46ca-8388-778570eb0847/lock
2026-09-04T21:09:54.965+06:30 DEBUG 20184 --- [io-8080-exec-10] o.s.security.web.FilterChainProxy        : Securing POST /api/generations/fb78632d-5cce-46ca-8388-778570eb0847/lock/heartbeat
2026-09-04T21:09:54.971+06:30 DEBUG 20184 --- [io-8080-exec-10] o.s.security.web.FilterChainProxy        : Secured POST /api/generations/fb78632d-5cce-46ca-8388-778570eb0847/lock/heartbeat
2026-09-04T21:09:56.000+06:30 DEBUG 20184 --- [nio-8080-exec-3] o.s.security.web.FilterChainProxy        : Securing POST /api/generations/fb78632d-5cce-46ca-8388-778570eb0847/lock/heartbeat
2026-09-04T21:09:56.005+06:30 DEBUG 20184 --- [nio-8080-exec-3] o.s.security.web.FilterChainProxy        : Secured POST /api/generations/fb78632d-5cce-46ca-8388-778570eb0847/lock/heartbeat
2026-09-04T21:09:56.854+06:30 DEBUG 20184 --- [nio-8080-exec-6] o.s.security.web.FilterChainProxy        : Securing GET /api/generations/fb78632d-5cce-46ca-8388-778570eb0847/lock
2026-09-04T21:09:56.859+06:30 DEBUG 20184 --- [nio-8080-exec-6] o.s.security.web.FilterChainProxy        : Secured GET /api/generations/fb78632d-5cce-46ca-8388-778570eb0847/lock
2026-09-04T21:09:56.910+06:30 DEBUG 20184 --- [nio-8080-exec-5] o.s.security.web.FilterChainProxy        : Securing GET /api/users
2026-09-04T21:09:56.912+06:30 DEBUG 20184 --- [nio-8080-exec-5] o.s.security.web.FilterChainProxy        : Secured GET /api/users
2026-09-04T21:09:57.940+06:30 DEBUG 20184 --- [nio-8080-exec-4] o.s.security.web.FilterChainProxy        : Securing GET /api/students
2026-09-04T21:09:57.940+06:30 DEBUG 20184 --- [nio-8080-exec-4] o.s.security.web.FilterChainProxy        : Secured GET /api/students
2026-09-04T21:09:58.216+06:30 DEBUG 20184 --- [nio-8080-exec-7] o.s.security.web.FilterChainProxy        : Securing GET /api/staff
2026-09-04T21:09:58.219+06:30 DEBUG 20184 --- [nio-8080-exec-7] o.s.security.web.FilterChainProxy        : Secured GET /api/staff
2026-09-04T21:10:01.877+06:30 DEBUG 20184 --- [nio-8080-exec-9] o.s.security.web.FilterChainProxy        : Securing POST /api/generations/fb78632d-5cce-46ca-8388-778570eb0847/lock/heartbeat
2026-09-04T21:10:01.880+06:30 DEBUG 20184 --- [nio-8080-exec-9] o.s.security.web.FilterChainProxy        : Secured POST /api/generations/fb78632d-5cce-46ca-8388-778570eb0847/lock/heartbeat
2026-09-04T21:10:01.910+06:30 DEBUG 20184 --- [nio-8080-exec-1] o.s.security.web.FilterChainProxy        : Securing GET /api/generations/fb78632d-5cce-46ca-8388-778570eb0847/lock
2026-09-04T21:10:01.920+06:30 DEBUG 20184 --- [nio-8080-exec-1] o.s.security.web.FilterChainProxy        : Secured GET /api/generations/fb78632d-5cce-46ca-8388-778570eb0847/lock
2026-09-04T21:10:02.382+06:30 DEBUG 20184 --- [nio-8080-exec-6] o.s.security.web.FilterChainProxy        : Securing POST /api/generations/fb78632d-5cce-46ca-8388-778570eb0847/lock/heartbeat
2026-09-04T21:10:02.382+06:30 DEBUG 20184 --- [nio-8080-exec-6] o.s.security.web.FilterChainProxy        : Secured POST /api/generations/fb78632d-5cce-46ca-8388-778570eb0847/lock/heartbeat
2026-09-04T21:10:04.837+06:30 DEBUG 20184 --- [nio-8080-exec-3] o.s.security.web.FilterChainProxy        : Securing GET /api/generations/fb78632d-5cce-46ca-8388-778570eb0847/lock
2026-09-04T21:10:04.840+06:30 DEBUG 20184 --- [nio-8080-exec-3] o.s.security.web.FilterChainProxy        : Secured GET /api/generations/fb78632d-5cce-46ca-8388-778570eb0847/lock
2026-09-04T21:10:05.165+06:30 DEBUG 20184 --- [io-8080-exec-10] o.s.security.web.FilterChainProxy        : Securing POST /api/generations/fb78632d-5cce-46ca-8388-778570eb0847/lock/heartbeat
2026-09-04T21:10:05.165+06:30 DEBUG 20184 --- [io-8080-exec-10] o.s.security.web.FilterChainProxy        : Secured POST /api/generations/fb78632d-5cce-46ca-8388-778570eb0847/lock/heartbeat
2026-09-04T21:10:08.851+06:30 DEBUG 20184 --- [nio-8080-exec-5] o.s.security.web.FilterChainProxy        : Securing GET /api/generations/fb78632d-5cce-46ca-8388-778570eb0847/lock
2026-09-04T21:10:08.853+06:30 DEBUG 20184 --- [nio-8080-exec-5] o.s.security.web.FilterChainProxy        : Secured GET /api/generations/fb78632d-5cce-46ca-8388-778570eb0847/lock
2026-09-04T21:10:09.376+06:30 DEBUG 20184 --- [nio-8080-exec-7] o.s.security.web.FilterChainProxy        : Securing POST /api/generations/fb78632d-5cce-46ca-8388-778570eb0847/lock/heartbeat
2026-09-04T21:10:09.381+06:30 DEBUG 20184 --- [nio-8080-exec-7] o.s.security.web.FilterChainProxy        : Secured POST /api/generations/fb78632d-5cce-46ca-8388-778570eb0847/lock/heartbeat
2026-09-04T21:10:12.832+06:30 DEBUG 20184 --- [nio-8080-exec-1] o.s.security.web.FilterChainProxy        : Securing GET /api/generations/fb78632d-5cce-46ca-8388-778570eb0847/lock
2026-09-04T21:10:12.832+06:30 DEBUG 20184 --- [nio-8080-exec-1] o.s.security.web.FilterChainProxy        : Secured GET /api/generations/fb78632d-5cce-46ca-8388-778570eb0847/lock
2026-09-04T21:10:14.371+06:30 DEBUG 20184 --- [nio-8080-exec-4] o.s.security.web.FilterChainProxy        : Securing POST /api/generations/fb78632d-5cce-46ca-8388-778570eb0847/lock/heartbeat
2026-09-04T21:10:14.371+06:30 DEBUG 20184 --- [nio-8080-exec-4] o.s.security.web.FilterChainProxy        : Secured POST /api/generations/fb78632d-5cce-46ca-8388-778570eb0847/lock/heartbeat
2026-09-04T21:10:16.852+06:30 DEBUG 20184 --- [nio-8080-exec-2] o.s.security.web.FilterChainProxy        : Securing GET /api/generations/fb78632d-5cce-46ca-8388-778570eb0847/lock
2026-09-04T21:10:16.852+06:30 DEBUG 20184 --- [nio-8080-exec-2] o.s.security.web.FilterChainProxy        : Secured GET /api/generations/fb78632d-5cce-46ca-8388-778570eb0847/lock
2026-09-04T21:10:19.889+06:30 DEBUG 20184 --- [nio-8080-exec-3] o.s.security.web.FilterChainProxy        : Securing POST /api/generations/fb78632d-5cce-46ca-8388-778570eb0847/lock/heartbeat
2026-09-04T21:10:19.891+06:30 DEBUG 20184 --- [nio-8080-exec-3] o.s.security.web.FilterChainProxy        : Secured POST /api/generations/fb78632d-5cce-46ca-8388-778570eb0847/lock/heartbeat
2026-09-04T21:11:03.376+06:30 DEBUG 20184 --- [io-8080-exec-10] o.s.security.web.FilterChainProxy        : Securing POST /api/auth/login
2026-09-04T21:11:03.384+06:30 DEBUG 20184 --- [io-8080-exec-10] o.s.s.w.a.AnonymousAuthenticationFilter  : Set SecurityContextHolder to anonymous SecurityContext
2026-09-04T21:11:03.384+06:30 DEBUG 20184 --- [io-8080-exec-10] o.s.security.web.FilterChainProxy        : Secured POST /api/auth/login
2026-09-04T21:11:04.544+06:30 DEBUG 20184 --- [nio-8080-exec-6] o.s.security.web.FilterChainProxy        : Securing POST /api/generations/fb78632d-5cce-46ca-8388-778570eb0847/generate
2026-09-04T21:11:04.546+06:30 DEBUG 20184 --- [nio-8080-exec-6] o.s.security.web.FilterChainProxy        : Secured POST /api/generations/fb78632d-5cce-46ca-8388-778570eb0847/generate
2026-09-04T21:11:04.882+06:30 ERROR 20184 --- [nio-8080-exec-6] c.u.exception.GlobalExceptionHandler     : Unhandled exception on /api/generations/fb78632d-5cce-46ca-8388-778570eb0847/generate

org.springframework.http.converter.HttpMessageNotReadableException: JSON parse error: Unexpected character ('-' (code 45)) in numeric value: expected digit (0-9) to follow minus sign, for valid numeric value
	at org.springframework.http.converter.json.AbstractJackson2HttpMessageConverter.readJavaType(AbstractJackson2HttpMessageConverter.java:406) ~[spring-web-6.1.6.jar:6.1.6]
	at org.springframework.http.converter.json.AbstractJackson2HttpMessageConverter.read(AbstractJackson2HttpMessageConverter.java:354) ~[spring-web-6.1.6.jar:6.1.6]
	at org.springframework.web.servlet.mvc.method.annotation.AbstractMessageConverterMethodArgumentResolver.readWithMessageConverters(AbstractMessageConverterMethodArgumentResolver.java:184) ~[spring-webmvc-6.1.6.jar:6.1.6]
	at org.springframework.web.servlet.mvc.method.annotation.RequestResponseBodyMethodProcessor.readWithMessageConverters(RequestResponseBodyMethodProcessor.java:161) ~[spring-webmvc-6.1.6.jar:6.1.6]
	at org.springframework.web.servlet.mvc.method.annotation.RequestResponseBodyMethodProcessor.resolveArgument(RequestResponseBodyMethodProcessor.java:135) ~[spring-webmvc-6.1.6.jar:6.1.6]
	at org.springframework.web.method.support.HandlerMethodArgumentResolverComposite.resolveArgument(HandlerMethodArgumentResolverComposite.java:122) ~[spring-web-6.1.6.jar:6.1.6]
	at org.springframework.web.method.support.InvocableHandlerMethod.getMethodArgumentValues(InvocableHandlerMethod.java:224) ~[spring-web-6.1.6.jar:6.1.6]
	at org.springframework.web.method.support.InvocableHandlerMethod.invokeForRequest(InvocableHandlerMethod.java:178) ~[spring-web-6.1.6.jar:6.1.6]
	at org.springframework.web.servlet.mvc.method.annotation.ServletInvocableHandlerMethod.invokeAndHandle(ServletInvocableHandlerMethod.java:118) ~[spring-webmvc-6.1.6.jar:6.1.6]
	at org.springframework.web.servlet.mvc.method.annotation.RequestMappingHandlerAdapter.invokeHandlerMethod(RequestMappingHandlerAdapter.java:926) ~[spring-webmvc-6.1.6.jar:6.1.6]
	at org.springframework.web.servlet.mvc.method.annotation.RequestMappingHandlerAdapter.handleInternal(RequestMappingHandlerAdapter.java:831) ~[spring-webmvc-6.1.6.jar:6.1.6]
	at org.springframework.web.servlet.mvc.method.AbstractHandlerMethodAdapter.handle(AbstractHandlerMethodAdapter.java:87) ~[spring-webmvc-6.1.6.jar:6.1.6]
	at org.springframework.web.servlet.DispatcherServlet.doDispatch(DispatcherServlet.java:1089) ~[spring-webmvc-6.1.6.jar:6.1.6]
	at org.springframework.web.servlet.DispatcherServlet.doService(DispatcherServlet.java:979) ~[spring-webmvc-6.1.6.jar:6.1.6]
	at org.springframework.web.servlet.FrameworkServlet.processRequest(FrameworkServlet.java:1014) ~[spring-webmvc-6.1.6.jar:6.1.6]
	at org.springframework.web.servlet.FrameworkServlet.doPost(FrameworkServlet.java:914) ~[spring-webmvc-6.1.6.jar:6.1.6]
	at jakarta.servlet.http.HttpServlet.service(HttpServlet.java:590) ~[tomcat-embed-core-10.1.20.jar:6.0]
	at org.springframework.web.servlet.FrameworkServlet.service(FrameworkServlet.java:885) ~[spring-webmvc-6.1.6.jar:6.1.6]
	at jakarta.servlet.http.HttpServlet.service(HttpServlet.java:658) ~[tomcat-embed-core-10.1.20.jar:6.0]
	at org.apache.catalina.core.ApplicationFilterChain.internalDoFilter(ApplicationFilterChain.java:206) ~[tomcat-embed-core-10.1.20.jar:10.1.20]
	at org.apache.catalina.core.ApplicationFilterChain.doFilter(ApplicationFilterChain.java:150) ~[tomcat-embed-core-10.1.20.jar:10.1.20]
	at org.apache.tomcat.websocket.server.WsFilter.doFilter(WsFilter.java:51) ~[tomcat-embed-websocket-10.1.20.jar:10.1.20]
	at org.apache.catalina.core.ApplicationFilterChain.internalDoFilter(ApplicationFilterChain.java:175) ~[tomcat-embed-core-10.1.20.jar:10.1.20]
	at org.apache.catalina.core.ApplicationFilterChain.doFilter(ApplicationFilterChain.java:150) ~[tomcat-embed-core-10.1.20.jar:10.1.20]
	at org.springframework.web.filter.OncePerRequestFilter.doFilter(OncePerRequestFilter.java:110) ~[spring-web-6.1.6.jar:6.1.6]
	at org.apache.catalina.core.ApplicationFilterChain.internalDoFilter(ApplicationFilterChain.java:175) ~[tomcat-embed-core-10.1.20.jar:10.1.20]
	at org.apache.catalina.core.ApplicationFilterChain.doFilter(ApplicationFilterChain.java:150) ~[tomcat-embed-core-10.1.20.jar:10.1.20]
	at org.springframework.web.filter.CompositeFilter$VirtualFilterChain.doFilter(CompositeFilter.java:108) ~[spring-web-6.1.6.jar:6.1.6]
	at org.springframework.security.web.FilterChainProxy.lambda$doFilterInternal$3(FilterChainProxy.java:231) ~[spring-security-web-6.2.4.jar:6.2.4]
	at org.springframework.security.web.FilterChainProxy$VirtualFilterChain.doFilter(FilterChainProxy.java:365) ~[spring-security-web-6.2.4.jar:6.2.4]
	at org.springframework.security.web.access.intercept.AuthorizationFilter.doFilter(AuthorizationFilter.java:100) ~[spring-security-web-6.2.4.jar:6.2.4]
	at org.springframework.security.web.FilterChainProxy$VirtualFilterChain.doFilter(FilterChainProxy.java:374) ~[spring-security-web-6.2.4.jar:6.2.4]
	at org.springframework.security.web.access.ExceptionTranslationFilter.doFilter(ExceptionTranslationFilter.java:126) ~[spring-security-web-6.2.4.jar:6.2.4]
	at org.springframework.security.web.access.ExceptionTranslationFilter.doFilter(ExceptionTranslationFilter.java:120) ~[spring-security-web-6.2.4.jar:6.2.4]
	at org.springframework.security.web.FilterChainProxy$VirtualFilterChain.doFilter(FilterChainProxy.java:374) ~[spring-security-web-6.2.4.jar:6.2.4]
	at org.springframework.security.web.session.SessionManagementFilter.doFilter(SessionManagementFilter.java:131) ~[spring-security-web-6.2.4.jar:6.2.4]
	at org.springframework.security.web.session.SessionManagementFilter.doFilter(SessionManagementFilter.java:85) ~[spring-security-web-6.2.4.jar:6.2.4]
	at org.springframework.security.web.FilterChainProxy$VirtualFilterChain.doFilter(FilterChainProxy.java:374) ~[spring-security-web-6.2.4.jar:6.2.4]
	at org.springframework.security.web.authentication.AnonymousAuthenticationFilter.doFilter(AnonymousAuthenticationFilter.java:100) ~[spring-security-web-6.2.4.jar:6.2.4]
	at org.springframework.security.web.FilterChainProxy$VirtualFilterChain.doFilter(FilterChainProxy.java:374) ~[spring-security-web-6.2.4.jar:6.2.4]
	at org.springframework.security.web.servletapi.SecurityContextHolderAwareRequestFilter.doFilter(SecurityContextHolderAwareRequestFilter.java:179) ~[spring-security-web-6.2.4.jar:6.2.4]
	at org.springframework.security.web.FilterChainProxy$VirtualFilterChain.doFilter(FilterChainProxy.java:374) ~[spring-security-web-6.2.4.jar:6.2.4]
	at org.springframework.security.web.savedrequest.RequestCacheAwareFilter.doFilter(RequestCacheAwareFilter.java:63) ~[spring-security-web-6.2.4.jar:6.2.4]
	at org.springframework.security.web.FilterChainProxy$VirtualFilterChain.doFilter(FilterChainProxy.java:374) ~[spring-security-web-6.2.4.jar:6.2.4]
	at com.unicconnect.security.JwtAuthenticationFilter.doFilterInternal(JwtAuthenticationFilter.java:49) ~[classes/:na]
	at org.springframework.web.filter.OncePerRequestFilter.doFilter(OncePerRequestFilter.java:116) ~[spring-web-6.1.6.jar:6.1.6]
	at org.springframework.security.web.FilterChainProxy$VirtualFilterChain.doFilter(FilterChainProxy.java:374) ~[spring-security-web-6.2.4.jar:6.2.4]
	at org.springframework.security.web.authentication.logout.LogoutFilter.doFilter(LogoutFilter.java:107) ~[spring-security-web-6.2.4.jar:6.2.4]
	at org.springframework.security.web.authentication.logout.LogoutFilter.doFilter(LogoutFilter.java:93) ~[spring-security-web-6.2.4.jar:6.2.4]
	at org.springframework.security.web.FilterChainProxy$VirtualFilterChain.doFilter(FilterChainProxy.java:374) ~[spring-security-web-6.2.4.jar:6.2.4]
	at org.springframework.web.filter.CorsFilter.doFilterInternal(CorsFilter.java:91) ~[spring-web-6.1.6.jar:6.1.6]
	at org.springframework.web.filter.OncePerRequestFilter.doFilter(OncePerRequestFilter.java:116) ~[spring-web-6.1.6.jar:6.1.6]
	at org.springframework.security.web.FilterChainProxy$VirtualFilterChain.doFilter(FilterChainProxy.java:374) ~[spring-security-web-6.2.4.jar:6.2.4]
	at org.springframework.security.web.header.HeaderWriterFilter.doHeadersAfter(HeaderWriterFilter.java:90) ~[spring-security-web-6.2.4.jar:6.2.4]
	at org.springframework.security.web.header.HeaderWriterFilter.doFilterInternal(HeaderWriterFilter.java:75) ~[spring-security-web-6.2.4.jar:6.2.4]
	at org.springframework.web.filter.OncePerRequestFilter.doFilter(OncePerRequestFilter.java:116) ~[spring-web-6.1.6.jar:6.1.6]
	at org.springframework.security.web.FilterChainProxy$VirtualFilterChain.doFilter(FilterChainProxy.java:374) ~[spring-security-web-6.2.4.jar:6.2.4]
	at org.springframework.security.web.context.SecurityContextHolderFilter.doFilter(SecurityContextHolderFilter.java:82) ~[spring-security-web-6.2.4.jar:6.2.4]
	at org.springframework.security.web.context.SecurityContextHolderFilter.doFilter(SecurityContextHolderFilter.java:69) ~[spring-security-web-6.2.4.jar:6.2.4]
	at org.springframework.security.web.FilterChainProxy$VirtualFilterChain.doFilter(FilterChainProxy.java:374) ~[spring-security-web-6.2.4.jar:6.2.4]
	at org.springframework.security.web.context.request.async.WebAsyncManagerIntegrationFilter.doFilterInternal(WebAsyncManagerIntegrationFilter.java:62) ~[spring-security-web-6.2.4.jar:6.2.4]
	at org.springframework.web.filter.OncePerRequestFilter.doFilter(OncePerRequestFilter.java:116) ~[spring-web-6.1.6.jar:6.1.6]
	at org.springframework.security.web.FilterChainProxy$VirtualFilterChain.doFilter(FilterChainProxy.java:374) ~[spring-security-web-6.2.4.jar:6.2.4]
	at org.springframework.security.web.session.DisableEncodeUrlFilter.doFilterInternal(DisableEncodeUrlFilter.java:42) ~[spring-security-web-6.2.4.jar:6.2.4]
	at org.springframework.web.filter.OncePerRequestFilter.doFilter(OncePerRequestFilter.java:116) ~[spring-web-6.1.6.jar:6.1.6]
	at org.springframework.security.web.FilterChainProxy$VirtualFilterChain.doFilter(FilterChainProxy.java:374) ~[spring-security-web-6.2.4.jar:6.2.4]
	at org.springframework.security.web.FilterChainProxy.doFilterInternal(FilterChainProxy.java:233) ~[spring-security-web-6.2.4.jar:6.2.4]
	at org.springframework.security.web.FilterChainProxy.doFilter(FilterChainProxy.java:191) ~[spring-security-web-6.2.4.jar:6.2.4]
	at org.springframework.web.filter.CompositeFilter$VirtualFilterChain.doFilter(CompositeFilter.java:113) ~[spring-web-6.1.6.jar:6.1.6]
	at org.springframework.web.servlet.handler.HandlerMappingIntrospector.lambda$createCacheFilter$3(HandlerMappingIntrospector.java:195) ~[spring-webmvc-6.1.6.jar:6.1.6]
	at org.springframework.web.filter.CompositeFilter$VirtualFilterChain.doFilter(CompositeFilter.java:113) ~[spring-web-6.1.6.jar:6.1.6]
	at org.springframework.web.filter.CompositeFilter.doFilter(CompositeFilter.java:74) ~[spring-web-6.1.6.jar:6.1.6]
	at org.springframework.security.config.annotation.web.configuration.WebMvcSecurityConfiguration$CompositeFilterChainProxy.doFilter(WebMvcSecurityConfiguration.java:230) ~[spring-security-config-6.2.4.jar:6.2.4]
	at org.springframework.web.filter.DelegatingFilterProxy.invokeDelegate(DelegatingFilterProxy.java:352) ~[spring-web-6.1.6.jar:6.1.6]
	at org.springframework.web.filter.DelegatingFilterProxy.doFilter(DelegatingFilterProxy.java:268) ~[spring-web-6.1.6.jar:6.1.6]
	at org.apache.catalina.core.ApplicationFilterChain.internalDoFilter(ApplicationFilterChain.java:175) ~[tomcat-embed-core-10.1.20.jar:10.1.20]
	at org.apache.catalina.core.ApplicationFilterChain.doFilter(ApplicationFilterChain.java:150) ~[tomcat-embed-core-10.1.20.jar:10.1.20]
	at org.springframework.web.filter.RequestContextFilter.doFilterInternal(RequestContextFilter.java:100) ~[spring-web-6.1.6.jar:6.1.6]
	at org.springframework.web.filter.OncePerRequestFilter.doFilter(OncePerRequestFilter.java:116) ~[spring-web-6.1.6.jar:6.1.6]
	at org.apache.catalina.core.ApplicationFilterChain.internalDoFilter(ApplicationFilterChain.java:175) ~[tomcat-embed-core-10.1.20.jar:10.1.20]
	at org.apache.catalina.core.ApplicationFilterChain.doFilter(ApplicationFilterChain.java:150) ~[tomcat-embed-core-10.1.20.jar:10.1.20]
	at org.springframework.web.filter.FormContentFilter.doFilterInternal(FormContentFilter.java:93) ~[spring-web-6.1.6.jar:6.1.6]
	at org.springframework.web.filter.OncePerRequestFilter.doFilter(OncePerRequestFilter.java:116) ~[spring-web-6.1.6.jar:6.1.6]
	at org.apache.catalina.core.ApplicationFilterChain.internalDoFilter(ApplicationFilterChain.java:175) ~[tomcat-embed-core-10.1.20.jar:10.1.20]
	at org.apache.catalina.core.ApplicationFilterChain.doFilter(ApplicationFilterChain.java:150) ~[tomcat-embed-core-10.1.20.jar:10.1.20]
	at org.springframework.web.filter.CharacterEncodingFilter.doFilterInternal(CharacterEncodingFilter.java:201) ~[spring-web-6.1.6.jar:6.1.6]
	at org.springframework.web.filter.OncePerRequestFilter.doFilter(OncePerRequestFilter.java:116) ~[spring-web-6.1.6.jar:6.1.6]
	at org.apache.catalina.core.ApplicationFilterChain.internalDoFilter(ApplicationFilterChain.java:175) ~[tomcat-embed-core-10.1.20.jar:10.1.20]
	at org.apache.catalina.core.ApplicationFilterChain.doFilter(ApplicationFilterChain.java:150) ~[tomcat-embed-core-10.1.20.jar:10.1.20]
	at org.apache.catalina.core.StandardWrapperValve.invoke(StandardWrapperValve.java:167) ~[tomcat-embed-core-10.1.20.jar:10.1.20]
	at org.apache.catalina.core.StandardContextValve.invoke(StandardContextValve.java:90) ~[tomcat-embed-core-10.1.20.jar:10.1.20]
	at org.apache.catalina.authenticator.AuthenticatorBase.invoke(AuthenticatorBase.java:482) ~[tomcat-embed-core-10.1.20.jar:10.1.20]
	at org.apache.catalina.core.StandardHostValve.invoke(StandardHostValve.java:115) ~[tomcat-embed-core-10.1.20.jar:10.1.20]
	at org.apache.catalina.valves.ErrorReportValve.invoke(ErrorReportValve.java:93) ~[tomcat-embed-core-10.1.20.jar:10.1.20]
	at org.apache.catalina.core.StandardEngineValve.invoke(StandardEngineValve.java:74) ~[tomcat-embed-core-10.1.20.jar:10.1.20]
	at org.apache.catalina.connector.CoyoteAdapter.service(CoyoteAdapter.java:344) ~[tomcat-embed-core-10.1.20.jar:10.1.20]
	at org.apache.coyote.http11.Http11Processor.service(Http11Processor.java:391) ~[tomcat-embed-core-10.1.20.jar:10.1.20]
	at org.apache.coyote.AbstractProcessorLight.process(AbstractProcessorLight.java:63) ~[tomcat-embed-core-10.1.20.jar:10.1.20]
	at org.apache.coyote.AbstractProtocol$ConnectionHandler.process(AbstractProtocol.java:896) ~[tomcat-embed-core-10.1.20.jar:10.1.20]
	at org.apache.tomcat.util.net.NioEndpoint$SocketProcessor.doRun(NioEndpoint.java:1736) ~[tomcat-embed-core-10.1.20.jar:10.1.20]
	at org.apache.tomcat.util.net.SocketProcessorBase.run(SocketProcessorBase.java:52) ~[tomcat-embed-core-10.1.20.jar:10.1.20]
	at org.apache.tomcat.util.threads.ThreadPoolExecutor.runWorker(ThreadPoolExecutor.java:1191) ~[tomcat-embed-core-10.1.20.jar:10.1.20]
	at org.apache.tomcat.util.threads.ThreadPoolExecutor$Worker.run(ThreadPoolExecutor.java:659) ~[tomcat-embed-core-10.1.20.jar:10.1.20]
	at org.apache.tomcat.util.threads.TaskThread$WrappingRunnable.run(TaskThread.java:63) ~[tomcat-embed-core-10.1.20.jar:10.1.20]
	at java.base/java.lang.Thread.run(Thread.java:1583) ~[na:na]
Caused by: com.fasterxml.jackson.core.JsonParseException: Unexpected character ('-' (code 45)) in numeric value: expected digit (0-9) to follow minus sign, for valid numeric value
 at [Source: (org.springframework.util.StreamUtils$NonClosingInputStream); line: 1, column: 3]
	at com.fasterxml.jackson.core.JsonParser._constructError(JsonParser.java:2477) ~[jackson-core-2.15.4.jar:2.15.4]
	at com.fasterxml.jackson.core.base.ParserMinimalBase._reportError(ParserMinimalBase.java:750) ~[jackson-core-2.15.4.jar:2.15.4]
	at com.fasterxml.jackson.core.base.ParserMinimalBase._reportUnexpectedNumberChar(ParserMinimalBase.java:566) ~[jackson-core-2.15.4.jar:2.15.4]
	at com.fasterxml.jackson.core.json.UTF8StreamJsonParser._handleInvalidNumberStart(UTF8StreamJsonParser.java:2927) ~[jackson-core-2.15.4.jar:2.15.4]
	at com.fasterxml.jackson.core.json.UTF8StreamJsonParser._parseSignedNumber(UTF8StreamJsonParser.java:1538) ~[jackson-core-2.15.4.jar:2.15.4]
	at com.fasterxml.jackson.core.json.UTF8StreamJsonParser._nextTokenNotInObject(UTF8StreamJsonParser.java:888) ~[jackson-core-2.15.4.jar:2.15.4]
	at com.fasterxml.jackson.core.json.UTF8StreamJsonParser.nextToken(UTF8StreamJsonParser.java:794) ~[jackson-core-2.15.4.jar:2.15.4]
	at com.fasterxml.jackson.databind.ObjectReader._initForReading(ObjectReader.java:357) ~[jackson-databind-2.15.4.jar:2.15.4]
	at com.fasterxml.jackson.databind.ObjectReader._bindAndClose(ObjectReader.java:2095) ~[jackson-databind-2.15.4.jar:2.15.4]
	at com.fasterxml.jackson.databind.ObjectReader.readValue(ObjectReader.java:1481) ~[jackson-databind-2.15.4.jar:2.15.4]
	at org.springframework.http.converter.json.AbstractJackson2HttpMessageConverter.readJavaType(AbstractJackson2HttpMessageConverter.java:395) ~[spring-web-6.1.6.jar:6.1.6]
	... 104 common frames omitted

2026-09-04T21:11:06.855+06:30 DEBUG 20184 --- [nio-8080-exec-1] o.s.security.web.FilterChainProxy        : Securing GET /api/generations/fb78632d-5cce-46ca-8388-778570eb0847/lock
2026-09-04T21:11:06.884+06:30 DEBUG 20184 --- [nio-8080-exec-1] o.s.security.web.FilterChainProxy        : Secured GET /api/generations/fb78632d-5cce-46ca-8388-778570eb0847/lock
2026-09-04T21:11:06.925+06:30 DEBUG 20184 --- [nio-8080-exec-9] o.s.security.web.FilterChainProxy        : Securing GET /api/staff
2026-09-04T21:11:06.925+06:30 DEBUG 20184 --- [nio-8080-exec-3] o.s.security.web.FilterChainProxy        : Securing GET /api/users
2026-09-04T21:11:06.925+06:30 DEBUG 20184 --- [nio-8080-exec-2] o.s.security.web.FilterChainProxy        : Securing GET /api/students
2026-09-04T21:11:06.925+06:30 DEBUG 20184 --- [nio-8080-exec-9] o.s.security.web.FilterChainProxy        : Secured GET /api/staff
2026-09-04T21:11:06.925+06:30 DEBUG 20184 --- [nio-8080-exec-3] o.s.security.web.FilterChainProxy        : Secured GET /api/users
2026-09-04T21:11:06.925+06:30 DEBUG 20184 --- [nio-8080-exec-2] o.s.security.web.FilterChainProxy        : Secured GET /api/students
2026-09-04T21:11:07.192+06:30 DEBUG 20184 --- [nio-8080-exec-4] o.s.security.web.FilterChainProxy        : Securing POST /api/generations/fb78632d-5cce-46ca-8388-778570eb0847/lock
2026-09-04T21:11:07.194+06:30 DEBUG 20184 --- [nio-8080-exec-4] o.s.security.web.FilterChainProxy        : Secured POST /api/generations/fb78632d-5cce-46ca-8388-778570eb0847/lock
2026-09-04T21:11:10.155+06:30 DEBUG 20184 --- [nio-8080-exec-7] o.s.security.web.FilterChainProxy        : Securing GET /api/generations/fb78632d-5cce-46ca-8388-778570eb0847
2026-09-04T21:11:10.155+06:30 DEBUG 20184 --- [nio-8080-exec-7] o.s.security.web.FilterChainProxy        : Secured GET /api/generations/fb78632d-5cce-46ca-8388-778570eb0847
2026-09-04T21:11:15.679+06:30 DEBUG 20184 --- [io-8080-exec-10] o.s.security.web.FilterChainProxy        : Securing GET /api/generations/fb78632d-5cce-46ca-8388-778570eb0847
2026-09-04T21:11:15.679+06:30 DEBUG 20184 --- [io-8080-exec-10] o.s.security.web.FilterChainProxy        : Secured GET /api/generations/fb78632d-5cce-46ca-8388-778570eb0847
2026-09-04T21:11:21.159+06:30 DEBUG 20184 --- [nio-8080-exec-1] o.s.security.web.FilterChainProxy        : Securing GET /api/generations/fb78632d-5cce-46ca-8388-778570eb0847
2026-09-04T21:11:21.164+06:30 DEBUG 20184 --- [nio-8080-exec-1] o.s.security.web.FilterChainProxy        : Secured GET /api/generations/fb78632d-5cce-46ca-8388-778570eb0847
2026-09-04T21:11:26.882+06:30 DEBUG 20184 --- [nio-8080-exec-9] o.s.security.web.FilterChainProxy        : Securing GET /api/generations/fb78632d-5cce-46ca-8388-778570eb0847
2026-09-04T21:11:26.882+06:30 DEBUG 20184 --- [nio-8080-exec-9] o.s.security.web.FilterChainProxy        : Secured GET /api/generations/fb78632d-5cce-46ca-8388-778570eb0847
2026-09-04T21:11:32.446+06:30 DEBUG 20184 --- [nio-8080-exec-3] o.s.security.web.FilterChainProxy        : Securing GET /api/generations/fb78632d-5cce-46ca-8388-778570eb0847
2026-09-04T21:11:32.446+06:30 DEBUG 20184 --- [nio-8080-exec-3] o.s.security.web.FilterChainProxy        : Secured GET /api/generations/fb78632d-5cce-46ca-8388-778570eb0847
2026-09-04T21:11:37.988+06:30 DEBUG 20184 --- [nio-8080-exec-8] o.s.security.web.FilterChainProxy        : Securing GET /api/generations/fb78632d-5cce-46ca-8388-778570eb0847
2026-09-04T21:11:37.988+06:30 DEBUG 20184 --- [nio-8080-exec-8] o.s.security.web.FilterChainProxy        : Secured GET /api/generations/fb78632d-5cce-46ca-8388-778570eb0847
2026-09-04T21:11:43.879+06:30 DEBUG 20184 --- [nio-8080-exec-5] o.s.security.web.FilterChainProxy        : Securing GET /api/generations/fb78632d-5cce-46ca-8388-778570eb0847
2026-09-04T21:11:43.879+06:30 DEBUG 20184 --- [nio-8080-exec-5] o.s.security.web.FilterChainProxy        : Secured GET /api/generations/fb78632d-5cce-46ca-8388-778570eb0847
2026-09-04T21:11:49.769+06:30 DEBUG 20184 --- [nio-8080-exec-1] o.s.security.web.FilterChainProxy        : Securing GET /api/generations/fb78632d-5cce-46ca-8388-778570eb0847
2026-09-04T21:11:49.777+06:30 DEBUG 20184 --- [nio-8080-exec-1] o.s.security.web.FilterChainProxy        : Secured GET /api/generations/fb78632d-5cce-46ca-8388-778570eb0847
2026-09-04T21:12:07.139+06:30 DEBUG 20184 --- [nio-8080-exec-8] o.s.security.web.FilterChainProxy        : Securing GET /api/generations/fb78632d-5cce-46ca-8388-778570eb0847/lock
2026-09-04T21:12:07.139+06:30 DEBUG 20184 --- [nio-8080-exec-8] o.s.security.web.FilterChainProxy        : Secured GET /api/generations/fb78632d-5cce-46ca-8388-778570eb0847/lock
2026-09-04T21:12:07.485+06:30 DEBUG 20184 --- [io-8080-exec-10] o.s.security.web.FilterChainProxy        : Securing POST /api/generations/fb78632d-5cce-46ca-8388-778570eb0847/lock
2026-09-04T21:12:07.489+06:30 DEBUG 20184 --- [io-8080-exec-10] o.s.security.web.FilterChainProxy        : Secured POST /api/generations/fb78632d-5cce-46ca-8388-778570eb0847/lock
2026-09-04T21:13:06.986+06:30 DEBUG 20184 --- [nio-8080-exec-5] o.s.security.web.FilterChainProxy        : Securing GET /api/generations/fb78632d-5cce-46ca-8388-778570eb0847/lock
2026-09-04T21:13:06.990+06:30 DEBUG 20184 --- [nio-8080-exec-5] o.s.security.web.FilterChainProxy        : Secured GET /api/generations/fb78632d-5cce-46ca-8388-778570eb0847/lock
2026-09-04T21:13:07.057+06:30 DEBUG 20184 --- [nio-8080-exec-1] o.s.security.web.FilterChainProxy        : Securing GET /api/users
2026-09-04T21:13:07.057+06:30 DEBUG 20184 --- [nio-8080-exec-6] o.s.security.web.FilterChainProxy        : Securing GET /api/students
2026-09-04T21:13:07.057+06:30 DEBUG 20184 --- [nio-8080-exec-4] o.s.security.web.FilterChainProxy        : Securing GET /api/staff
2026-09-04T21:13:07.057+06:30 DEBUG 20184 --- [nio-8080-exec-1] o.s.security.web.FilterChainProxy        : Secured GET /api/users
2026-09-04T21:13:07.076+06:30 DEBUG 20184 --- [nio-8080-exec-6] o.s.security.web.FilterChainProxy        : Secured GET /api/students
2026-09-04T21:13:07.076+06:30 DEBUG 20184 --- [nio-8080-exec-4] o.s.security.web.FilterChainProxy        : Secured GET /api/staff
2026-09-04T21:13:07.506+06:30 DEBUG 20184 --- [nio-8080-exec-9] o.s.security.web.FilterChainProxy        : Securing POST /api/generations/fb78632d-5cce-46ca-8388-778570eb0847/lock
2026-09-04T21:13:07.506+06:30 DEBUG 20184 --- [nio-8080-exec-9] o.s.security.web.FilterChainProxy        : Secured POST /api/generations/fb78632d-5cce-46ca-8388-778570eb0847/lock
2026-09-04T21:14:06.899+06:30 DEBUG 20184 --- [nio-8080-exec-3] o.s.security.web.FilterChainProxy        : Securing GET /api/generations/fb78632d-5cce-46ca-8388-778570eb0847/lock
2026-09-04T21:14:06.947+06:30 DEBUG 20184 --- [nio-8080-exec-3] o.s.security.web.FilterChainProxy        : Secured GET /api/generations/fb78632d-5cce-46ca-8388-778570eb0847/lock
2026-09-04T21:14:07.360+06:30 DEBUG 20184 --- [nio-8080-exec-7] o.s.security.web.FilterChainProxy        : Securing POST /api/generations/fb78632d-5cce-46ca-8388-778570eb0847/lock
2026-09-04T21:14:07.360+06:30 DEBUG 20184 --- [nio-8080-exec-7] o.s.security.web.FilterChainProxy        : Secured POST /api/generations/fb78632d-5cce-46ca-8388-778570eb0847/lock
2026-09-04T21:14:17.591+06:30 DEBUG 20184 --- [nio-8080-exec-5] o.s.security.web.FilterChainProxy        : Securing POST /api/auth/login
2026-09-04T21:14:17.591+06:30 DEBUG 20184 --- [nio-8080-exec-5] o.s.s.w.a.AnonymousAuthenticationFilter  : Set SecurityContextHolder to anonymous SecurityContext
2026-09-04T21:14:17.591+06:30 DEBUG 20184 --- [nio-8080-exec-5] o.s.security.web.FilterChainProxy        : Secured POST /api/auth/login
2026-09-04T21:14:19.242+06:30 DEBUG 20184 --- [nio-8080-exec-9] o.s.security.web.FilterChainProxy        : Securing POST /api/generations/fb78632d-5cce-46ca-8388-778570eb0847/generate
2026-09-04T21:14:19.242+06:30 DEBUG 20184 --- [nio-8080-exec-9] o.s.security.web.FilterChainProxy        : Secured POST /api/generations/fb78632d-5cce-46ca-8388-778570eb0847/generate
2026-09-04T21:14:40.216+06:30 DEBUG 20184 --- [nio-8080-exec-1] o.s.security.web.FilterChainProxy        : Securing GET /api/generations/fb78632d-5cce-46ca-8388-778570eb0847
2026-09-04T21:14:40.216+06:30 DEBUG 20184 --- [nio-8080-exec-1] o.s.security.web.FilterChainProxy        : Secured GET /api/generations/fb78632d-5cce-46ca-8388-778570eb0847
2026-09-04T21:14:56.663+06:30 DEBUG 20184 --- [nio-8080-exec-3] o.s.security.web.FilterChainProxy        : Securing GET /api/generations/fb78632d-5cce-46ca-8388-778570eb0847
2026-09-04T21:14:56.663+06:30 DEBUG 20184 --- [nio-8080-exec-3] o.s.security.web.FilterChainProxy        : Secured GET /api/generations/fb78632d-5cce-46ca-8388-778570eb0847
2026-09-04T21:15:03.887+06:30 DEBUG 20184 --- [nio-8080-exec-7] o.s.security.web.FilterChainProxy        : Securing GET /api/generations/fb78632d-5cce-46ca-8388-778570eb0847
2026-09-04T21:15:03.887+06:30 DEBUG 20184 --- [nio-8080-exec-7] o.s.security.web.FilterChainProxy        : Secured GET /api/generations/fb78632d-5cce-46ca-8388-778570eb0847
2026-09-04T21:15:06.896+06:30 DEBUG 20184 --- [nio-8080-exec-5] o.s.security.web.FilterChainProxy        : Securing GET /api/generations/fb78632d-5cce-46ca-8388-778570eb0847/lock
2026-09-04T21:15:06.896+06:30 DEBUG 20184 --- [nio-8080-exec-5] o.s.security.web.FilterChainProxy        : Secured GET /api/generations/fb78632d-5cce-46ca-8388-778570eb0847/lock
2026-09-04T21:15:06.960+06:30 DEBUG 20184 --- [nio-8080-exec-4] o.s.security.web.FilterChainProxy        : Securing GET /api/staff
2026-09-04T21:15:06.960+06:30 DEBUG 20184 --- [nio-8080-exec-9] o.s.security.web.FilterChainProxy        : Securing GET /api/users
2026-09-04T21:15:06.960+06:30 DEBUG 20184 --- [nio-8080-exec-6] o.s.security.web.FilterChainProxy        : Securing GET /api/students
2026-09-04T21:15:06.960+06:30 DEBUG 20184 --- [nio-8080-exec-4] o.s.security.web.FilterChainProxy        : Secured GET /api/staff
2026-09-04T21:15:06.960+06:30 DEBUG 20184 --- [nio-8080-exec-9] o.s.security.web.FilterChainProxy        : Secured GET /api/users
2026-09-04T21:15:06.960+06:30 DEBUG 20184 --- [nio-8080-exec-6] o.s.security.web.FilterChainProxy        : Secured GET /api/students
2026-09-04T21:15:10.956+06:30 DEBUG 20184 --- [nio-8080-exec-1] o.s.security.web.FilterChainProxy        : Securing GET /api/generations/fb78632d-5cce-46ca-8388-778570eb0847
2026-09-04T21:15:10.956+06:30 DEBUG 20184 --- [nio-8080-exec-1] o.s.security.web.FilterChainProxy        : Secured GET /api/generations/fb78632d-5cce-46ca-8388-778570eb0847
2026-09-04T21:15:12.525+06:30 DEBUG 20184 --- [nio-8080-exec-2] o.s.security.web.FilterChainProxy        : Securing POST /api/generations/fb78632d-5cce-46ca-8388-778570eb0847/lock
2026-09-04T21:15:12.525+06:30 DEBUG 20184 --- [nio-8080-exec-2] o.s.security.web.FilterChainProxy        : Secured POST /api/generations/fb78632d-5cce-46ca-8388-778570eb0847/lock
2026-09-04T21:15:22.001+06:30 DEBUG 20184 --- [nio-8080-exec-8] o.s.security.web.FilterChainProxy        : Securing GET /api/generations/fb78632d-5cce-46ca-8388-778570eb0847
2026-09-04T21:15:22.001+06:30 DEBUG 20184 --- [nio-8080-exec-8] o.s.security.web.FilterChainProxy        : Secured GET /api/generations/fb78632d-5cce-46ca-8388-778570eb0847
2026-09-04T21:15:28.866+06:30 DEBUG 20184 --- [io-8080-exec-10] o.s.security.web.FilterChainProxy        : Securing GET /api/generations/fb78632d-5cce-46ca-8388-778570eb0847
2026-09-04T21:15:28.882+06:30 DEBUG 20184 --- [io-8080-exec-10] o.s.security.web.FilterChainProxy        : Secured GET /api/generations/fb78632d-5cce-46ca-8388-778570eb0847
2026-09-04T21:15:35.457+06:30 DEBUG 20184 --- [nio-8080-exec-1] o.s.security.web.FilterChainProxy        : Securing GET /api/generations/fb78632d-5cce-46ca-8388-778570eb0847
2026-09-04T21:15:35.459+06:30 DEBUG 20184 --- [nio-8080-exec-1] o.s.security.web.FilterChainProxy        : Secured GET /api/generations/fb78632d-5cce-46ca-8388-778570eb0847
2026-09-04T21:15:42.081+06:30 DEBUG 20184 --- [nio-8080-exec-4] o.s.security.web.FilterChainProxy        : Securing GET /api/generations/fb78632d-5cce-46ca-8388-778570eb0847
2026-09-04T21:15:42.081+06:30 DEBUG 20184 --- [nio-8080-exec-4] o.s.security.web.FilterChainProxy        : Secured GET /api/generations/fb78632d-5cce-46ca-8388-778570eb0847
2026-09-04T21:15:48.779+06:30 DEBUG 20184 --- [nio-8080-exec-2] o.s.security.web.FilterChainProxy        : Securing GET /api/generations/fb78632d-5cce-46ca-8388-778570eb0847
2026-09-04T21:15:48.779+06:30 DEBUG 20184 --- [nio-8080-exec-2] o.s.security.web.FilterChainProxy        : Secured GET /api/generations/fb78632d-5cce-46ca-8388-778570eb0847
2026-09-04T21:15:55.866+06:30 DEBUG 20184 --- [nio-8080-exec-7] o.s.security.web.FilterChainProxy        : Securing GET /api/generations/fb78632d-5cce-46ca-8388-778570eb0847
2026-09-04T21:15:55.866+06:30 DEBUG 20184 --- [nio-8080-exec-7] o.s.security.web.FilterChainProxy        : Secured GET /api/generations/fb78632d-5cce-46ca-8388-778570eb0847
2026-09-04T21:16:06.939+06:30 DEBUG 20184 --- [io-8080-exec-10] o.s.security.web.FilterChainProxy        : Securing GET /api/generations/fb78632d-5cce-46ca-8388-778570eb0847/lock
2026-09-04T21:16:06.939+06:30 DEBUG 20184 --- [io-8080-exec-10] o.s.security.web.FilterChainProxy        : Secured GET /api/generations/fb78632d-5cce-46ca-8388-778570eb0847/lock
2026-09-04T21:16:07.634+06:30 DEBUG 20184 --- [nio-8080-exec-5] o.s.security.web.FilterChainProxy        : Securing POST /api/generations/fb78632d-5cce-46ca-8388-778570eb0847/lock
2026-09-04T21:16:07.634+06:30 DEBUG 20184 --- [nio-8080-exec-5] o.s.security.web.FilterChainProxy        : Secured POST /api/generations/fb78632d-5cce-46ca-8388-778570eb0847/lock
2026-09-04T21:17:06.923+06:30 DEBUG 20184 --- [nio-8080-exec-9] o.s.security.web.FilterChainProxy        : Securing GET /api/generations/fb78632d-5cce-46ca-8388-778570eb0847/lock
2026-09-04T21:17:06.939+06:30 DEBUG 20184 --- [nio-8080-exec-9] o.s.security.web.FilterChainProxy        : Secured GET /api/generations/fb78632d-5cce-46ca-8388-778570eb0847/lock
2026-09-04T21:17:06.941+06:30 DEBUG 20184 --- [nio-8080-exec-2] o.s.security.web.FilterChainProxy        : Securing GET /api/users
2026-09-04T21:17:06.944+06:30 DEBUG 20184 --- [nio-8080-exec-2] o.s.security.web.FilterChainProxy        : Secured GET /api/users
2026-09-04T21:17:06.970+06:30 DEBUG 20184 --- [nio-8080-exec-8] o.s.security.web.FilterChainProxy        : Securing GET /api/staff
2026-09-04T21:17:06.970+06:30 DEBUG 20184 --- [nio-8080-exec-7] o.s.security.web.FilterChainProxy        : Securing GET /api/students
2026-09-04T21:17:06.970+06:30 DEBUG 20184 --- [nio-8080-exec-8] o.s.security.web.FilterChainProxy        : Secured GET /api/staff
2026-09-04T21:17:06.970+06:30 DEBUG 20184 --- [nio-8080-exec-7] o.s.security.web.FilterChainProxy        : Secured GET /api/students
2026-09-04T21:17:07.398+06:30 DEBUG 20184 --- [nio-8080-exec-6] o.s.security.web.FilterChainProxy        : Securing POST /api/generations/fb78632d-5cce-46ca-8388-778570eb0847/lock
2026-09-04T21:17:07.398+06:30 DEBUG 20184 --- [nio-8080-exec-6] o.s.security.web.FilterChainProxy        : Secured POST /api/generations/fb78632d-5cce-46ca-8388-778570eb0847/lock
2026-09-04T21:17:58.667+06:30 DEBUG 20184 --- [io-8080-exec-10] o.s.security.web.FilterChainProxy        : Securing POST /api/auth/login
2026-09-04T21:17:58.667+06:30 DEBUG 20184 --- [io-8080-exec-10] o.s.s.w.a.AnonymousAuthenticationFilter  : Set SecurityContextHolder to anonymous SecurityContext
2026-09-04T21:17:58.667+06:30 DEBUG 20184 --- [io-8080-exec-10] o.s.security.web.FilterChainProxy        : Secured POST /api/auth/login
2026-09-04T21:18:01.903+06:30 DEBUG 20184 --- [nio-8080-exec-3] o.s.security.web.FilterChainProxy        : Securing GET /api/generations/scope?termId=efc68a91-5818-41aa-b4fb-893e240ea0ed
2026-09-04T21:18:01.910+06:30 DEBUG 20184 --- [nio-8080-exec-3] o.s.security.web.FilterChainProxy        : Secured GET /api/generations/scope?termId=efc68a91-5818-41aa-b4fb-893e240ea0ed
2026-09-04T21:18:06.939+06:30 DEBUG 20184 --- [nio-8080-exec-4] o.s.security.web.FilterChainProxy        : Securing GET /api/generations/fb78632d-5cce-46ca-8388-778570eb0847/lock
2026-09-04T21:18:06.944+06:30 DEBUG 20184 --- [nio-8080-exec-4] o.s.security.web.FilterChainProxy        : Secured GET /api/generations/fb78632d-5cce-46ca-8388-778570eb0847/lock
2026-09-04T21:18:07.243+06:30 DEBUG 20184 --- [nio-8080-exec-9] o.s.security.web.FilterChainProxy        : Securing POST /api/generations/fb78632d-5cce-46ca-8388-778570eb0847/lock
2026-09-04T21:18:07.243+06:30 DEBUG 20184 --- [nio-8080-exec-9] o.s.security.web.FilterChainProxy        : Secured POST /api/generations/fb78632d-5cce-46ca-8388-778570eb0847/lock
2026-09-04T21:19:05.068+06:30 DEBUG 20184 --- [nio-8080-exec-2] o.s.security.web.FilterChainProxy        : Securing POST /api/generations/fb78632d-5cce-46ca-8388-778570eb0847/generate
2026-09-04T21:19:05.070+06:30 DEBUG 20184 --- [nio-8080-exec-2] o.s.security.web.FilterChainProxy        : Secured POST /api/generations/fb78632d-5cce-46ca-8388-778570eb0847/generate
2026-09-04T21:19:06.908+06:30 DEBUG 20184 --- [io-8080-exec-10] o.s.security.web.FilterChainProxy        : Securing GET /api/generations/fb78632d-5cce-46ca-8388-778570eb0847/lock
2026-09-04T21:19:06.908+06:30 DEBUG 20184 --- [io-8080-exec-10] o.s.security.web.FilterChainProxy        : Secured GET /api/generations/fb78632d-5cce-46ca-8388-778570eb0847/lock
2026-09-04T21:19:06.971+06:30 DEBUG 20184 --- [nio-8080-exec-1] o.s.security.web.FilterChainProxy        : Securing GET /api/students
2026-09-04T21:19:06.971+06:30 DEBUG 20184 --- [nio-8080-exec-1] o.s.security.web.FilterChainProxy        : Secured GET /api/students
2026-09-04T21:19:06.971+06:30 DEBUG 20184 --- [nio-8080-exec-3] o.s.security.web.FilterChainProxy        : Securing GET /api/users
2026-09-04T21:19:06.971+06:30 DEBUG 20184 --- [nio-8080-exec-5] o.s.security.web.FilterChainProxy        : Securing GET /api/staff
2026-09-04T21:19:06.971+06:30 DEBUG 20184 --- [nio-8080-exec-3] o.s.security.web.FilterChainProxy        : Secured GET /api/users
2026-09-04T21:19:06.971+06:30 DEBUG 20184 --- [nio-8080-exec-5] o.s.security.web.FilterChainProxy        : Secured GET /api/staff
2026-09-04T21:19:07.193+06:30 DEBUG 20184 --- [nio-8080-exec-4] o.s.security.web.FilterChainProxy        : Securing POST /api/generations/fb78632d-5cce-46ca-8388-778570eb0847/lock
2026-09-04T21:19:07.193+06:30 DEBUG 20184 --- [nio-8080-exec-4] o.s.security.web.FilterChainProxy        : Secured POST /api/generations/fb78632d-5cce-46ca-8388-778570eb0847/lock
2026-09-04T21:19:41.980+06:30  INFO 20184 --- [nio-8080-exec-2] c.u.service.GenerationSnapshot           : [SNAPSHOT] LOOKUP generationId=fb78632d-5cce-46ca-8388-778570eb0847 found=true status=PRELOADED
2026-09-04T21:19:41.980+06:30  INFO 20184 --- [nio-8080-exec-2] c.u.service.TimetableGenerationService   : [SNAPSHOT] REBUILD generationId=fb78632d-5cce-46ca-8388-778570eb0847 oldSnapshotId=a914faa1-5c74-4116-81fa-42b4295398b5 reason=scope-changed
2026-09-04T21:19:41.980+06:30  INFO 20184 --- [nio-8080-exec-2] c.u.service.GenerationSnapshot           : [SNAPSHOT] CREATE generationId=fb78632d-5cce-46ca-8388-778570eb0847 snapshotId=e88b6581-4cb0-48ff-978d-7ca78722ae05 termId=efc68a91-5818-41aa-b4fb-893e240ea0ed examTypeId=null
2026-09-04T21:19:41.994+06:30  INFO 20184 --- [nio-8080-exec-2] c.u.service.GenerationSnapshot           : [SNAPSHOT] PREPARING generationId=fb78632d-5cce-46ca-8388-778570eb0847 snapshotId=e88b6581-4cb0-48ff-978d-7ca78722ae05
2026-09-04T21:19:44.389+06:30  INFO 20184 --- [nio-8080-exec-2] c.u.service.GenerationSnapshot           : [SNAPSHOT] STORE generationId=fb78632d-5cce-46ca-8388-778570eb0847 snapshotId=e88b6581-4cb0-48ff-978d-7ca78722ae05 key=fb78632d-5cce-46ca-8388-778570eb0847 sourceVersion=efc68a91-5818-41aa-b4fb-893e240ea0edA214H-955154677M33H120045719CMR-2082149435S4H501015944E8H998842484T6H-1402550967
2026-09-04T21:20:03.486+06:30  INFO 20184 --- [nio-8080-exec-2] c.u.service.GenerationSnapshot           : === PARTITION SUMMARY (generation=fb78632d-5cce-46ca-8388-778570eb0847) ===
2026-09-04T21:20:03.486+06:30  INFO 20184 --- [nio-8080-exec-2] c.u.service.GenerationSnapshot           :   Sem-7: assignments=38, singletons=32, combineGroups=2, groupedAssignments=6, courseIds=14, requiredSections=4
2026-09-04T21:20:03.486+06:30  INFO 20184 --- [nio-8080-exec-2] c.u.service.GenerationSnapshot           :   Sem-1: assignments=21, singletons=15, combineGroups=3, groupedAssignments=6, courseIds=7, requiredSections=3
2026-09-04T21:20:03.486+06:30  INFO 20184 --- [nio-8080-exec-2] c.u.service.GenerationSnapshot           :   Sem-8: assignments=0, singletons=0, combineGroups=0, groupedAssignments=0, courseIds=0, requiredSections=4
2026-09-04T21:20:03.486+06:30  INFO 20184 --- [nio-8080-exec-2] c.u.service.GenerationSnapshot           :   Sem-5: assignments=34, singletons=31, combineGroups=1, groupedAssignments=3, courseIds=12, requiredSections=4
2026-09-04T21:20:03.486+06:30  INFO 20184 --- [nio-8080-exec-2] c.u.service.GenerationSnapshot           :   Sem-3: assignments=28, singletons=24, combineGroups=2, groupedAssignments=4, courseIds=7, requiredSections=4
2026-09-04T21:20:03.494+06:30  INFO 20184 --- [nio-8080-exec-2] c.u.service.GenerationSnapshot           :   Sem-4: assignments=28, singletons=22, combineGroups=2, groupedAssignments=6, courseIds=8, requiredSections=4
2026-09-04T21:20:03.494+06:30  INFO 20184 --- [nio-8080-exec-2] c.u.service.GenerationSnapshot           :   Sem-6: assignments=32, singletons=30, combineGroups=1, groupedAssignments=2, courseIds=12, requiredSections=4
2026-09-04T21:20:03.494+06:30  INFO 20184 --- [nio-8080-exec-2] c.u.service.GenerationSnapshot           :   Sem-2: assignments=21, singletons=15, combineGroups=3, groupedAssignments=6, courseIds=7, requiredSections=3
2026-09-04T21:20:03.494+06:30  INFO 20184 --- [nio-8080-exec-2] c.u.service.GenerationSnapshot           : === END PARTITION SUMMARY ===
2026-09-04T21:20:03.494+06:30  INFO 20184 --- [nio-8080-exec-2] c.u.service.GenerationSnapshot           : [SNAPSHOT] READY generationId=fb78632d-5cce-46ca-8388-778570eb0847 snapshotId=e88b6581-4cb0-48ff-978d-7ca78722ae05 preloadTime=21500ms dbQueries=6 assignments=202 groupMembers=33 requirements=87 timeSlots=6 semesters=8 sourceVersion=efc68a91-5818-41aa-b4fb-893e240ea0edA214H-955154677M33H120045719CMR-2082149435S4H501015944E8H998842484T6H-1402550967
2026-09-04T21:20:03.494+06:30  INFO 20184 --- [nio-8080-exec-2] c.u.service.TimetableGenerationService   : [SNAPSHOT] READY generationId=fb78632d-5cce-46ca-8388-778570eb0847 snapshotId=e88b6581-4cb0-48ff-978d-7ca78722ae05 sourceVersion=efc68a91-5818-41aa-b4fb-893e240ea0edA214H-955154677M33H120045719CMR-2082149435S4H501015944E8H998842484T6H-1402550967 semesters=8
2026-09-04T21:20:03.846+06:30  INFO 20184 --- [pool-2-thread-1] c.u.service.GenerationSnapshot           : [SNAPSHOT] LOOKUP generationId=fb78632d-5cce-46ca-8388-778570eb0847 found=true status=PRELOADED
2026-09-04T21:20:03.846+06:30  INFO 20184 --- [pool-2-thread-1] c.u.service.GenerationSnapshot           : [SNAPSHOT] GENERATING generationId=fb78632d-5cce-46ca-8388-778570eb0847 snapshotId=e88b6581-4cb0-48ff-978d-7ca78722ae05
2026-09-04T21:20:03.926+06:30  INFO 20184 --- [pool-2-thread-1] c.u.service.TimetableGenerationService   : Generation fb78632d-5cce-46ca-8388-778570eb0847 scope (examType=null):
2026-09-04T21:20:04.230+06:30  INFO 20184 --- [pool-2-thread-1] c.u.service.TimetableGenerationService   :   Sem-7: A,B,C,CT
2026-09-04T21:20:04.294+06:30  INFO 20184 --- [pool-2-thread-1] c.u.service.TimetableGenerationService   :   Sem-1: A,B,C
2026-09-04T21:20:04.345+06:30  INFO 20184 --- [pool-2-thread-1] c.u.service.TimetableGenerationService   :   Sem-8: A,B,C,CT
2026-09-04T21:20:04.406+06:30  INFO 20184 --- [pool-2-thread-1] c.u.service.TimetableGenerationService   :   Sem-5: A,B,C,CT
2026-09-04T21:20:04.487+06:30  INFO 20184 --- [pool-2-thread-1] c.u.service.TimetableGenerationService   :   Sem-3: A,B,C,CT
2026-09-04T21:20:04.551+06:30  INFO 20184 --- [pool-2-thread-1] c.u.service.TimetableGenerationService   :   Sem-4: A,B,C,CT
2026-09-04T21:20:04.620+06:30  INFO 20184 --- [pool-2-thread-1] c.u.service.TimetableGenerationService   :   Sem-6: A,B,C,CT
2026-09-04T21:20:04.678+06:30  INFO 20184 --- [pool-2-thread-1] c.u.service.TimetableGenerationService   :   Sem-2: A,B,C
2026-09-04T21:20:04.678+06:30  INFO 20184 --- [pool-2-thread-1] c.u.service.TimetableGenerationService   : ========== GENERATION SCOPE DIAGNOSTIC ==========
2026-09-04T21:20:04.678+06:30  INFO 20184 --- [pool-2-thread-1] c.u.service.TimetableGenerationService   : Selected semesters:
2026-09-04T21:20:04.678+06:30  INFO 20184 --- [pool-2-thread-1] c.u.service.TimetableGenerationService   :   Sem-7: A,B,C,CT
2026-09-04T21:20:04.678+06:30  INFO 20184 --- [pool-2-thread-1] c.u.service.TimetableGenerationService   :   Sem-1: A,B,C
2026-09-04T21:20:04.678+06:30  INFO 20184 --- [pool-2-thread-1] c.u.service.TimetableGenerationService   :   Sem-8: A,B,C,CT
2026-09-04T21:20:04.678+06:30  INFO 20184 --- [pool-2-thread-1] c.u.service.TimetableGenerationService   :   Sem-5: A,B,C,CT
2026-09-04T21:20:04.678+06:30  INFO 20184 --- [pool-2-thread-1] c.u.service.TimetableGenerationService   :   Sem-3: A,B,C,CT
2026-09-04T21:20:04.678+06:30  INFO 20184 --- [pool-2-thread-1] c.u.service.TimetableGenerationService   :   Sem-4: A,B,C,CT
2026-09-04T21:20:04.678+06:30  INFO 20184 --- [pool-2-thread-1] c.u.service.TimetableGenerationService   :   Sem-6: A,B,C,CT
2026-09-04T21:20:04.678+06:30  INFO 20184 --- [pool-2-thread-1] c.u.service.TimetableGenerationService   :   Sem-2: A,B,C
2026-09-04T21:20:04.678+06:30  INFO 20184 --- [pool-2-thread-1] c.u.service.TimetableGenerationService   : AUTO-INCLUDED COMBINED GROUPS:
2026-09-04T21:20:04.694+06:30  INFO 20184 --- [pool-2-thread-1] c.u.service.TimetableGenerationService   :   Sem-6 / CS-3241 / [A+B] (members=2)
2026-09-04T21:20:04.694+06:30  INFO 20184 --- [pool-2-thread-1] c.u.service.TimetableGenerationService   :   Sem-2 / CST-1241 / [A+B] (members=2)
2026-09-04T21:20:04.694+06:30  INFO 20184 --- [pool-2-thread-1] c.u.service.TimetableGenerationService   :   Sem-5 / CST-3141 / [A+B+CT] (members=3)
2026-09-04T21:20:04.694+06:30  INFO 20184 --- [pool-2-thread-1] c.u.service.TimetableGenerationService   :   Sem-4 / CST-2241 / [A+B+CT] (members=3)
2026-09-04T21:20:04.694+06:30  INFO 20184 --- [pool-2-thread-1] c.u.service.TimetableGenerationService   :   Sem-1 / CST-1141 / [A+B] (members=2)
2026-09-04T21:20:04.694+06:30  INFO 20184 --- [pool-2-thread-1] c.u.service.TimetableGenerationService   :   Sem-3 / CST-2141 / [A+B] (members=2)
2026-09-04T21:20:04.694+06:30  INFO 20184 --- [pool-2-thread-1] c.u.service.TimetableGenerationService   :   Sem-7 / CST-4141 / [A+B+CT] (members=3)
2026-09-04T21:20:04.694+06:30  INFO 20184 --- [pool-2-thread-1] c.u.service.TimetableGenerationService   :   Sem-2 / M-1201 / [A+B] (members=2)
2026-09-04T21:20:04.694+06:30  INFO 20184 --- [pool-2-thread-1] c.u.service.TimetableGenerationService   :   Sem-2 / E-1201 / [A+B] (members=2)
2026-09-04T21:20:04.694+06:30  INFO 20184 --- [pool-2-thread-1] c.u.service.TimetableGenerationService   :   Sem-4 / E-2201 / [A+B+CT] (members=3)
2026-09-04T21:20:04.694+06:30  INFO 20184 --- [pool-2-thread-1] c.u.service.TimetableGenerationService   :   Sem-1 / M-1101 / [A+B] (members=2)
2026-09-04T21:20:04.694+06:30  INFO 20184 --- [pool-2-thread-1] c.u.service.TimetableGenerationService   :   Sem-1 / E-1101 / [A+B] (members=2)
2026-09-04T21:20:04.694+06:30  INFO 20184 --- [pool-2-thread-1] c.u.service.TimetableGenerationService   :   Sem-3 / E-2101 / [A+B] (members=2)
2026-09-04T21:20:04.694+06:30  INFO 20184 --- [pool-2-thread-1] c.u.service.TimetableGenerationService   :   Sem-7 / E-4101 / [A+B+CT] (members=3)
2026-09-04T21:20:04.694+06:30  INFO 20184 --- [pool-2-thread-1] c.u.service.TimetableGenerationService   : IGNORED COMBINED GROUPS (semester or all member sections outside scope):
2026-09-04T21:20:04.694+06:30  INFO 20184 --- [pool-2-thread-1] c.u.service.TimetableGenerationService   :   (none)
2026-09-04T21:20:04.694+06:30  INFO 20184 --- [pool-2-thread-1] c.u.service.TimetableGenerationService   : SOLVER INPUT SUMMARY:
2026-09-04T21:20:04.694+06:30  INFO 20184 --- [pool-2-thread-1] c.u.service.TimetableGenerationService   :   Sem-7: assignments=38, grouped=6, singleton=32
2026-09-04T21:20:04.694+06:30  INFO 20184 --- [pool-2-thread-1] c.u.service.TimetableGenerationService   :   Sem-3: assignments=28, grouped=4, singleton=24
2026-09-04T21:20:04.694+06:30  INFO 20184 --- [pool-2-thread-1] c.u.service.TimetableGenerationService   :   Sem-5: assignments=34, grouped=3, singleton=31
2026-09-04T21:20:04.694+06:30  INFO 20184 --- [pool-2-thread-1] c.u.service.TimetableGenerationService   :   Sem-4: assignments=28, grouped=6, singleton=22
2026-09-04T21:20:04.694+06:30  INFO 20184 --- [pool-2-thread-1] c.u.service.TimetableGenerationService   :   Sem-6: assignments=32, grouped=2, singleton=30
2026-09-04T21:20:04.694+06:30  INFO 20184 --- [pool-2-thread-1] c.u.service.TimetableGenerationService   :   Sem-2: assignments=21, grouped=6, singleton=15
2026-09-04T21:20:04.694+06:30  INFO 20184 --- [pool-2-thread-1] c.u.service.TimetableGenerationService   :   Sem-1: assignments=21, grouped=6, singleton=15
2026-09-04T21:20:04.694+06:30  INFO 20184 --- [pool-2-thread-1] c.u.service.TimetableGenerationService   :   Combined groups in solver: 14
2026-09-04T21:20:04.694+06:30  INFO 20184 --- [pool-2-thread-1] c.u.service.TimetableGenerationService   : ========== END GENERATION SCOPE DIAGNOSTIC ==========
2026-09-04T21:20:04.694+06:30  INFO 20184 --- [pool-2-thread-1] c.u.service.TimetableGenerationService   : SEMESTER Sem-6: 40 scheduling units, deadline=1788533464694ms, frozenStaff=0, frozenSections=0
2026-09-04T21:20:04.710+06:30  INFO 20184 --- [pool-2-thread-1] c.u.service.TimetableGenerationService   : SEMESTER Sem-6: 4 elective groups (candidates: [250, 250, 250, 250])
2026-09-04T21:20:04.710+06:30  INFO 20184 --- [pool-2-thread-1] c.u.service.TimetableGenerationService   : ElectiveGroupPrecheck: group=e3a77acd-ef51-44f5-9f87-c7f428235b05|029878c5-d51d-4a0a-8fb1-99642ab4dee1 section=029878c5-d51d-4a0a-8fb1-99642ab4dee1 rawCandidates=250
2026-09-04T21:20:04.710+06:30  INFO 20184 --- [pool-2-thread-1] c.u.service.TimetableGenerationService   : ElectiveGroupPrecheck: group=e3a77acd-ef51-44f5-9f87-c7f428235b05|f19a0bb5-347a-4b40-aa0a-dd7062a0d64e section=f19a0bb5-347a-4b40-aa0a-dd7062a0d64e rawCandidates=250
2026-09-04T21:20:04.710+06:30  INFO 20184 --- [pool-2-thread-1] c.u.service.TimetableGenerationService   : ElectiveGroupPrecheck: group=e3a77acd-ef51-44f5-9f87-c7f428235b05|81004274-cf05-491f-b1a3-7c8e3d5c77e7 section=81004274-cf05-491f-b1a3-7c8e3d5c77e7 rawCandidates=250
2026-09-04T21:20:04.710+06:30  INFO 20184 --- [pool-2-thread-1] c.u.service.TimetableGenerationService   : ElectiveGroupPrecheck: group=e3a77acd-ef51-44f5-9f87-c7f428235b05|adc0d7f4-3075-41d0-9366-c6e8b80f0a27 section=adc0d7f4-3075-41d0-9366-c6e8b80f0a27 rawCandidates=250
2026-09-04T21:20:04.738+06:30  INFO 20184 --- [pool-2-thread-1] c.u.service.TimetableGenerationService   : TRACE depth=0 unit=Semester 6 / Sections A + B / CS-3241 / LECTURE course=CS-3241 options=17 mrvScanned=40
2026-09-04T21:20:04.745+06:30  INFO 20184 --- [pool-2-thread-1] c.u.service.TimetableGenerationService   : [PRIORITY] depth=0 selected=CS-3241 cmr=2x2 shape=2x2 priority=3 combined=true anchor=true options=17 section=f19a0bb5,81004274
2026-09-04T21:20:04.745+06:30  INFO 20184 --- [pool-2-thread-1] c.u.service.TimetableGenerationService   : TRACE depth=0 unit=Semester 6 / Sections A + B / CS-3241 / LECTURE course=CS-3241 options=16 mrvScanned=80
2026-09-04T21:20:04.745+06:30  INFO 20184 --- [pool-2-thread-1] c.u.service.TimetableGenerationService   : [PRIORITY] depth=0 selected=CS-3241 cmr=2x2 shape=2x2 priority=3 combined=true anchor=true options=16 section=f19a0bb5,81004274
2026-09-04T21:20:04.745+06:30  INFO 20184 --- [pool-2-thread-1] c.u.service.TimetableGenerationService   : [COMBINED-ANCHOR] group=8aab8752-f9d0-48db-b835-367554a2450d course=CS-3241 sections=A+B anchorSection=A placements=[Monday P1-P2, Tuesday P1-P2]
2026-09-04T21:20:04.745+06:30  INFO 20184 --- [pool-2-thread-1] c.u.service.TimetableGenerationService   : [COMBINED-INHERIT] group=8aab8752-f9d0-48db-b835-367554a2450d section=B sourceSection=A placements=[Monday P1-P2, Tuesday P1-P2]
2026-09-04T21:20:04.757+06:30  INFO 20184 --- [pool-2-thread-1] c.u.service.TimetableGenerationService   : TRACE depth=1 unit=Semester 6 / Section A / CST-3226 / LECTURE course=CST-3226 options=22 mrvScanned=119
2026-09-04T21:20:04.757+06:30  INFO 20184 --- [pool-2-thread-1] c.u.service.TimetableGenerationService   : [PRIORITY] depth=1 selected=CST-3226 cmr=4x1 shape=4x1 priority=1 combined=false anchor=false options=22 section=81004274
2026-09-04T21:20:04.757+06:30  INFO 20184 --- [pool-2-thread-1] c.u.service.TimetableGenerationService   : TRACE depth=1 unit=Semester 6 / Section A / CST-3226 / LECTURE course=CST-3226 options=16 mrvScanned=158
2026-09-04T21:20:04.757+06:30  INFO 20184 --- [pool-2-thread-1] c.u.service.TimetableGenerationService   : [PRIORITY] depth=1 selected=CST-3226 cmr=4x1 shape=4x1 priority=1 combined=false anchor=false options=16 section=81004274
2026-09-04T21:20:04.757+06:30  INFO 20184 --- [pool-2-thread-1] c.u.service.TimetableGenerationService   : TRACE depth=1 unit=Semester 6 / Section A / CST-3226 / LECTURE course=CST-3226 options=10 mrvScanned=197
2026-09-04T21:20:04.757+06:30  INFO 20184 --- [pool-2-thread-1] c.u.service.TimetableGenerationService   : [PRIORITY] depth=1 selected=CST-3226 cmr=4x1 shape=4x1 priority=1 combined=false anchor=false options=10 section=81004274
2026-09-04T21:20:04.757+06:30  INFO 20184 --- [pool-2-thread-1] c.u.service.TimetableGenerationService   : TRACE depth=1 unit=Semester 6 / Section A / CST-3226 / LECTURE course=CST-3226 options=4 mrvScanned=236
2026-09-04T21:20:04.757+06:30  INFO 20184 --- [pool-2-thread-1] c.u.service.TimetableGenerationService   :   option: Monday P3-P3
2026-09-04T21:20:04.757+06:30  INFO 20184 --- [pool-2-thread-1] c.u.service.TimetableGenerationService   :   option: Monday P4-P4
2026-09-04T21:20:04.757+06:30  INFO 20184 --- [pool-2-thread-1] c.u.service.TimetableGenerationService   :   option: Tuesday P3-P3
2026-09-04T21:20:04.757+06:30  INFO 20184 --- [pool-2-thread-1] c.u.service.TimetableGenerationService   :   option: Tuesday P4-P4
2026-09-04T21:20:04.757+06:30  INFO 20184 --- [pool-2-thread-1] c.u.service.TimetableGenerationService   : [PRIORITY] depth=1 selected=CST-3226 cmr=4x1 shape=4x1 priority=1 combined=false anchor=false options=4 section=81004274
2026-09-04T21:20:04.757+06:30  INFO 20184 --- [pool-2-thread-1] c.u.service.TimetableGenerationService   : TRACE depth=1 unit=Semester 6 / Section B / CST-3226 / LECTURE course=CST-3226 options=19 mrvScanned=274
2026-09-04T21:20:04.757+06:30  INFO 20184 --- [pool-2-thread-1] c.u.service.TimetableGenerationService   : [PRIORITY] depth=1 selected=CST-3226 cmr=4x1 shape=4x1 priority=1 combined=false anchor=false options=19 section=f19a0bb5
2026-09-04T21:20:04.757+06:30  INFO 20184 --- [pool-2-thread-1] c.u.service.TimetableGenerationService   : TRACE depth=1 unit=Semester 6 / Section B / CST-3226 / LECTURE course=CST-3226 options=14 mrvScanned=312
2026-09-04T21:20:04.757+06:30  INFO 20184 --- [pool-2-thread-1] c.u.service.TimetableGenerationService   : [PRIORITY] depth=1 selected=CST-3226 cmr=4x1 shape=4x1 priority=1 combined=false anchor=false options=14 section=f19a0bb5
2026-09-04T21:20:04.757+06:30  INFO 20184 --- [pool-2-thread-1] c.u.service.TimetableGenerationService   : TRACE depth=1 unit=Semester 6 / Section B / CST-3226 / LECTURE course=CST-3226 options=9 mrvScanned=350
2026-09-04T21:20:04.757+06:30  INFO 20184 --- [pool-2-thread-1] c.u.service.TimetableGenerationService   : [PRIORITY] depth=1 selected=CST-3226 cmr=4x1 shape=4x1 priority=1 combined=false anchor=false options=9 section=f19a0bb5
2026-09-04T21:20:04.757+06:30  INFO 20184 --- [pool-2-thread-1] c.u.service.TimetableGenerationService   : TRACE depth=1 unit=Semester 6 / Section B / CST-3226 / LECTURE course=CST-3226 options=7 mrvScanned=388
2026-09-04T21:20:04.757+06:30  INFO 20184 --- [pool-2-thread-1] c.u.service.TimetableGenerationService   : [PRIORITY] depth=1 selected=CST-3226 cmr=4x1 shape=4x1 priority=1 combined=false anchor=false options=7 section=f19a0bb5
2026-09-04T21:20:04.757+06:30  INFO 20184 --- [pool-2-thread-1] c.u.service.TimetableGenerationService   : TRACE depth=1 unit=Semester 6 / Section CT / CST-3226 / LECTURE course=CST-3226 options=18 mrvScanned=425
2026-09-04T21:20:04.757+06:30  INFO 20184 --- [pool-2-thread-1] c.u.service.TimetableGenerationService   : [PRIORITY] depth=1 selected=CST-3226 cmr=4x1 shape=4x1 priority=1 combined=false anchor=false options=18 section=029878c5
2026-09-04T21:20:04.757+06:30  INFO 20184 --- [pool-2-thread-1] c.u.service.TimetableGenerationService   : TRACE depth=1 unit=Semester 6 / Section CT / CST-3226 / LECTURE course=CST-3226 options=16 mrvScanned=462
2026-09-04T21:20:04.757+06:30  INFO 20184 --- [pool-2-thread-1] c.u.service.TimetableGenerationService   : [PRIORITY] depth=1 selected=CST-3226 cmr=4x1 shape=4x1 priority=1 combined=false anchor=false options=16 section=029878c5
2026-09-04T21:20:04.757+06:30  INFO 20184 --- [pool-2-thread-1] c.u.service.TimetableGenerationService   : TRACE depth=1 unit=Semester 6 / Section CT / CST-3226 / LECTURE course=CST-3226 options=12 mrvScanned=499
2026-09-04T21:20:04.757+06:30  INFO 20184 --- [pool-2-thread-1] c.u.service.TimetableGenerationService   : [PRIORITY] depth=1 selected=CST-3226 cmr=4x1 shape=4x1 priority=1 combined=false anchor=false options=12 section=029878c5
2026-09-04T21:20:04.757+06:30  INFO 20184 --- [pool-2-thread-1] c.u.service.TimetableGenerationService   : TRACE depth=1 unit=Semester 6 / Section CT / CST-3226 / LECTURE course=CST-3226 options=8 mrvScanned=536
2026-09-04T21:20:04.757+06:30  INFO 20184 --- [pool-2-thread-1] c.u.service.TimetableGenerationService   : [PRIORITY] depth=1 selected=CST-3226 cmr=4x1 shape=4x1 priority=1 combined=false anchor=false options=8 section=029878c5
2026-09-04T21:20:04.757+06:30  INFO 20184 --- [pool-2-thread-1] c.u.service.TimetableGenerationService   : TRACE depth=1 unit=Semester 6 / Section C / CST-3226 / LECTURE course=CST-3226 options=18 mrvScanned=572
2026-09-04T21:20:04.757+06:30  INFO 20184 --- [pool-2-thread-1] c.u.service.TimetableGenerationService   : [PRIORITY] depth=1 selected=CST-3226 cmr=4x1 shape=4x1 priority=1 combined=false anchor=false options=18 section=adc0d7f4
2026-09-04T21:20:04.757+06:30  INFO 20184 --- [pool-2-thread-1] c.u.service.TimetableGenerationService   : TRACE depth=1 unit=Semester 6 / Section C / CST-3226 / LECTURE course=CST-3226 options=15 mrvScanned=608
2026-09-04T21:20:04.768+06:30  INFO 20184 --- [pool-2-thread-1] c.u.service.TimetableGenerationService   : [PRIORITY] depth=1 selected=CST-3226 cmr=4x1 shape=4x1 priority=1 combined=false anchor=false options=15 section=adc0d7f4
2026-09-04T21:20:04.768+06:30  INFO 20184 --- [pool-2-thread-1] c.u.service.TimetableGenerationService   : TRACE depth=1 unit=Semester 6 / Section C / CST-3226 / LECTURE course=CST-3226 options=10 mrvScanned=644
2026-09-04T21:20:04.768+06:30  INFO 20184 --- [pool-2-thread-1] c.u.service.TimetableGenerationService   : [PRIORITY] depth=1 selected=CST-3226 cmr=4x1 shape=4x1 priority=1 combined=false anchor=false options=10 section=adc0d7f4
2026-09-04T21:20:04.768+06:30  INFO 20184 --- [pool-2-thread-1] c.u.service.TimetableGenerationService   : TRACE depth=1 unit=Semester 6 / Section C / CST-3226 / LECTURE course=CST-3226 options=7 mrvScanned=680
2026-09-04T21:20:04.768+06:30  INFO 20184 --- [pool-2-thread-1] c.u.service.TimetableGenerationService   : [PRIORITY] depth=1 selected=CST-3226 cmr=4x1 shape=4x1 priority=1 combined=false anchor=false options=7 section=adc0d7f4
2026-09-04T21:20:04.768+06:30  INFO 20184 --- [pool-2-thread-1] c.u.service.TimetableGenerationService   : TRACE depth=1 unit=Semester 6 / Section CT / CT-3235 / LECTURE course=CT-3235 options=22 mrvScanned=715
2026-09-04T21:20:04.768+06:30  INFO 20184 --- [pool-2-thread-1] c.u.service.TimetableGenerationService   : [PRIORITY] depth=1 selected=CT-3235 cmr=4x1 shape=4x1 priority=1 combined=false anchor=false options=22 section=029878c5
2026-09-04T21:20:04.768+06:30  INFO 20184 --- [pool-2-thread-1] c.u.service.TimetableGenerationService   : TRACE depth=1 unit=Semester 6 / Section CT / CT-3235 / LECTURE course=CT-3235 options=17 mrvScanned=750
2026-09-04T21:20:04.768+06:30  INFO 20184 --- [pool-2-thread-1] c.u.service.TimetableGenerationService   : [PRIORITY] depth=1 selected=CT-3235 cmr=4x1 shape=4x1 priority=1 combined=false anchor=false options=17 section=029878c5
2026-09-04T21:20:04.768+06:30  INFO 20184 --- [pool-2-thread-1] c.u.service.TimetableGenerationService   : TRACE depth=1 unit=Semester 6 / Section CT / CT-3235 / LECTURE course=CT-3235 options=12 mrvScanned=785
2026-09-04T21:20:04.768+06:30  INFO 20184 --- [pool-2-thread-1] c.u.service.TimetableGenerationService   : [PRIORITY] depth=1 selected=CT-3235 cmr=4x1 shape=4x1 priority=1 combined=false anchor=false options=12 section=029878c5
2026-09-04T21:20:04.768+06:30  INFO 20184 --- [pool-2-thread-1] c.u.service.TimetableGenerationService   : TRACE depth=1 unit=Semester 6 / Section CT / CT-3235 / LECTURE course=CT-3235 options=6 mrvScanned=820
2026-09-04T21:20:04.768+06:30  INFO 20184 --- [pool-2-thread-1] c.u.service.TimetableGenerationService   : [PRIORITY] depth=1 selected=CT-3235 cmr=4x1 shape=4x1 priority=1 combined=false anchor=false options=6 section=029878c5
2026-09-04T21:20:04.768+06:30  INFO 20184 --- [pool-2-thread-1] c.u.service.TimetableGenerationService   : TRACE depth=1 unit=Semester 6 / Section CT / CT-3232 / LECTURE course=CT-3232 options=18 mrvScanned=854
2026-09-04T21:20:04.768+06:30  INFO 20184 --- [pool-2-thread-1] c.u.service.TimetableGenerationService   : [PRIORITY] depth=1 selected=CT-3232 cmr=4x1 shape=4x1 priority=1 combined=false anchor=false options=18 section=029878c5
2026-09-04T21:20:04.768+06:30  INFO 20184 --- [pool-2-thread-1] c.u.service.TimetableGenerationService   : TRACE depth=1 unit=Semester 6 / Section CT / CT-3232 / LECTURE course=CT-3232 options=15 mrvScanned=888
2026-09-04T21:20:04.768+06:30  INFO 20184 --- [pool-2-thread-1] c.u.service.TimetableGenerationService   : [PRIORITY] depth=1 selected=CT-3232 cmr=4x1 shape=4x1 priority=1 combined=false anchor=false options=15 section=029878c5
2026-09-04T21:20:04.768+06:30  INFO 20184 --- [pool-2-thread-1] c.u.service.TimetableGenerationService   : TRACE depth=1 unit=Semester 6 / Section CT / CT-3232 / LECTURE course=CT-3232 options=10 mrvScanned=922
2026-09-04T21:20:04.768+06:30  INFO 20184 --- [pool-2-thread-1] c.u.service.TimetableGenerationService   : [PRIORITY] depth=1 selected=CT-3232 cmr=4x1 shape=4x1 priority=1 combined=false anchor=false options=10 section=029878c5
2026-09-04T21:20:04.768+06:30  INFO 20184 --- [pool-2-thread-1] c.u.service.TimetableGenerationService   : TRACE depth=1 unit=Semester 6 / Section CT / CT-3232 / LECTURE course=CT-3232 options=8 mrvScanned=956
2026-09-04T21:20:04.768+06:30  INFO 20184 --- [pool-2-thread-1] c.u.service.TimetableGenerationService   : [PRIORITY] depth=1 selected=CT-3232 cmr=4x1 shape=4x1 priority=1 combined=false anchor=false options=8 section=029878c5
2026-09-04T21:20:04.773+06:30  INFO 20184 --- [pool-2-thread-1] c.u.service.TimetableGenerationService   : TRACE depth=1 unit=Semester 6 / Section CT / CST-3254 / LECTURE course=CST-3254 options=8 mrvScanned=989
2026-09-04T21:20:04.773+06:30  INFO 20184 --- [pool-2-thread-1] c.u.service.TimetableGenerationService   : [PRIORITY] depth=1 selected=CST-3254 cmr=1x2 shape=mixed 2x1+1x2 priority=2 combined=false anchor=false options=8 section=029878c5
2026-09-04T21:20:04.773+06:30  INFO 20184 --- [pool-2-thread-1] c.u.service.TimetableGenerationService   : TRACE depth=1 unit=Semester 6 / Section CT / CT-3233 / LECTURE course=CT-3233 options=7 mrvScanned=1021
2026-09-04T21:20:04.773+06:30  INFO 20184 --- [pool-2-thread-1] c.u.service.TimetableGenerationService   : [PRIORITY] depth=1 selected=CT-3233 cmr=1x2 shape=mixed 2x1+1x2 priority=2 combined=false anchor=false options=7 section=029878c5
2026-09-04T21:20:04.773+06:30  INFO 20184 --- [pool-2-thread-1] c.u.service.TimetableGenerationService   : TRACE depth=1 unit=Semester 6 / Section CT / CT-3231 / LECTURE course=CT-3231 options=5 mrvScanned=1052
2026-09-04T21:20:04.773+06:30  INFO 20184 --- [pool-2-thread-1] c.u.service.TimetableGenerationService   :   option: Tuesday P4-P5
2026-09-04T21:20:04.773+06:30  INFO 20184 --- [pool-2-thread-1] c.u.service.TimetableGenerationService   :   option: Wednesday P4-P5
2026-09-04T21:20:04.773+06:30  INFO 20184 --- [pool-2-thread-1] c.u.service.TimetableGenerationService   :   option: Wednesday P5-P6
2026-09-04T21:20:04.773+06:30  INFO 20184 --- [pool-2-thread-1] c.u.service.TimetableGenerationService   :   option: Thursday P3-P4
2026-09-04T21:20:04.773+06:30  INFO 20184 --- [pool-2-thread-1] c.u.service.TimetableGenerationService   :   option: Friday P5-P6
2026-09-04T21:20:04.773+06:30  INFO 20184 --- [pool-2-thread-1] c.u.service.TimetableGenerationService   : [PRIORITY] depth=1 selected=CT-3231 cmr=1x2 shape=mixed 2x1+1x2 priority=2 combined=false anchor=false options=5 section=029878c5
2026-09-04T21:20:04.773+06:30  INFO 20184 --- [pool-2-thread-1] c.u.service.TimetableGenerationService   : TRACE depth=1 unit=Semester 6 / Section CT / CT-3233 / LECTURE course=CT-3233 options=6 mrvScanned=1082
2026-09-04T21:20:04.773+06:30  INFO 20184 --- [pool-2-thread-1] c.u.service.TimetableGenerationService   : [PRIORITY] depth=1 selected=CT-3233 cmr=2x1 shape=mixed 2x1+1x2 priority=2 combined=false anchor=false options=6 section=029878c5
2026-09-04T21:20:04.773+06:30  INFO 20184 --- [pool-2-thread-1] c.u.service.TimetableGenerationService   : TRACE depth=1 unit=Semester 6 / Section CT / CT-3233 / LECTURE course=CT-3233 options=3 mrvScanned=1112
2026-09-04T21:20:04.773+06:30  INFO 20184 --- [pool-2-thread-1] c.u.service.TimetableGenerationService   :   option: Monday P5-P5
2026-09-04T21:20:04.773+06:30  INFO 20184 --- [pool-2-thread-1] c.u.service.TimetableGenerationService   :   option: Thursday P3-P3
2026-09-04T21:20:04.773+06:30  INFO 20184 --- [pool-2-thread-1] c.u.service.TimetableGenerationService   :   option: Thursday P4-P4
2026-09-04T21:20:04.773+06:30  INFO 20184 --- [pool-2-thread-1] c.u.service.TimetableGenerationService   : [PRIORITY] depth=1 selected=CT-3233 cmr=2x1 shape=mixed 2x1+1x2 priority=2 combined=false anchor=false options=3 section=029878c5
2026-09-04T21:20:04.773+06:30  INFO 20184 --- [pool-2-thread-1] c.u.service.TimetableGenerationService   : TRACE depth=1 unit=Semester 6 / Section CT / CST-3254 / LECTURE course=CST-3254 options=4 mrvScanned=1141
2026-09-04T21:20:04.773+06:30  INFO 20184 --- [pool-2-thread-1] c.u.service.TimetableGenerationService   :   option: Wednesday P5-P5
2026-09-04T21:20:04.773+06:30  INFO 20184 --- [pool-2-thread-1] c.u.service.TimetableGenerationService   :   option: Wednesday P6-P6
2026-09-04T21:20:04.773+06:30  INFO 20184 --- [pool-2-thread-1] c.u.service.TimetableGenerationService   :   option: Friday P5-P5
2026-09-04T21:20:04.773+06:30  INFO 20184 --- [pool-2-thread-1] c.u.service.TimetableGenerationService   :   option: Friday P6-P6
2026-09-04T21:20:04.773+06:30  INFO 20184 --- [pool-2-thread-1] c.u.service.TimetableGenerationService   : [PRIORITY] depth=1 selected=CST-3254 cmr=2x1 shape=mixed 2x1+1x2 priority=2 combined=false anchor=false options=4 section=029878c5
2026-09-04T21:20:04.773+06:30  INFO 20184 --- [pool-2-thread-1] c.u.service.TimetableGenerationService   : TRACE depth=1 unit=Semester 6 / Section CT / CST-3254 / LECTURE course=CST-3254 options=2 mrvScanned=1170
2026-09-04T21:20:04.773+06:30  INFO 20184 --- [pool-2-thread-1] c.u.service.TimetableGenerationService   :   option: Friday P5-P5
2026-09-04T21:20:04.773+06:30  INFO 20184 --- [pool-2-thread-1] c.u.service.TimetableGenerationService   :   option: Friday P6-P6
2026-09-04T21:20:04.773+06:30  INFO 20184 --- [pool-2-thread-1] c.u.service.TimetableGenerationService   : [PRIORITY] depth=1 selected=CST-3254 cmr=2x1 shape=mixed 2x1+1x2 priority=2 combined=false anchor=false options=2 section=029878c5
2026-09-04T21:20:04.773+06:30  INFO 20184 --- [pool-2-thread-1] c.u.service.TimetableGenerationService   : TRACE depth=1 unit=Semester 6 / Section CT / CT-3231 / LECTURE course=CT-3231 options=4 mrvScanned=1198
2026-09-04T21:20:04.773+06:30  INFO 20184 --- [pool-2-thread-1] c.u.service.TimetableGenerationService   :   option: Wednesday P5-P5
2026-09-04T21:20:04.773+06:30  INFO 20184 --- [pool-2-thread-1] c.u.service.TimetableGenerationService   :   option: Thursday P3-P3
2026-09-04T21:20:04.773+06:30  INFO 20184 --- [pool-2-thread-1] c.u.service.TimetableGenerationService   :   option: Thursday P4-P4
2026-09-04T21:20:04.773+06:30  INFO 20184 --- [pool-2-thread-1] c.u.service.TimetableGenerationService   :   option: Friday P6-P6
2026-09-04T21:20:04.773+06:30  INFO 20184 --- [pool-2-thread-1] c.u.service.TimetableGenerationService   : [PRIORITY] depth=1 selected=CT-3231 cmr=2x1 shape=mixed 2x1+1x2 priority=2 combined=false anchor=false options=4 section=029878c5
2026-09-04T21:20:04.773+06:30  INFO 20184 --- [pool-2-thread-1] c.u.service.TimetableGenerationService   : TRACE depth=1 unit=Semester 6 / Section CT / CT-3231 / LECTURE course=CT-3231 options=3 mrvScanned=1226
2026-09-04T21:20:04.773+06:30  INFO 20184 --- [pool-2-thread-1] c.u.service.TimetableGenerationService   :   option: Wednesday P5-P5
2026-09-04T21:20:04.773+06:30  INFO 20184 --- [pool-2-thread-1] c.u.service.TimetableGenerationService   :   option: Thursday P3-P3
2026-09-04T21:20:04.773+06:30  INFO 20184 --- [pool-2-thread-1] c.u.service.TimetableGenerationService   :   option: Thursday P4-P4
2026-09-04T21:20:04.773+06:30  INFO 20184 --- [pool-2-thread-1] c.u.service.TimetableGenerationService   : [PRIORITY] depth=1 selected=CT-3231 cmr=2x1 shape=mixed 2x1+1x2 priority=2 combined=false anchor=false options=3 section=029878c5
2026-09-04T21:20:04.773+06:30  INFO 20184 --- [pool-2-thread-1] c.u.service.TimetableGenerationService   : TRACE depth=1 unit=Semester 6 / Section C / CST-3254 / LECTURE course=CST-3254 options=6 mrvScanned=1253
2026-09-04T21:20:04.773+06:30  INFO 20184 --- [pool-2-thread-1] c.u.service.TimetableGenerationService   : [PRIORITY] depth=1 selected=CST-3254 cmr=1x2 shape=mixed 2x1+1x2 priority=2 combined=false anchor=false options=6 section=adc0d7f4
2026-09-04T21:20:04.773+06:30  INFO 20184 --- [pool-2-thread-1] c.u.service.TimetableGenerationService   : TRACE depth=1 unit=Semester 6 / Section A / CST-3254 / LECTURE course=CST-3254 options=8 mrvScanned=1279
2026-09-04T21:20:04.773+06:30  INFO 20184 --- [pool-2-thread-1] c.u.service.TimetableGenerationService   : [PRIORITY] depth=1 selected=CST-3254 cmr=1x2 shape=mixed 2x1+1x2 priority=2 combined=false anchor=false options=8 section=81004274
2026-09-04T21:20:04.773+06:30  INFO 20184 --- [pool-2-thread-1] c.u.service.TimetableGenerationService   : TRACE depth=1 unit=Semester 6 / Section A / CST-3254 / LECTURE course=CST-3254 options=8 mrvScanned=1304
2026-09-04T21:20:04.773+06:30  INFO 20184 --- [pool-2-thread-1] c.u.service.TimetableGenerationService   : [PRIORITY] depth=1 selected=CST-3254 cmr=2x1 shape=mixed 2x1+1x2 priority=2 combined=false anchor=false options=8 section=81004274
2026-09-04T21:20:04.773+06:30  INFO 20184 --- [pool-2-thread-1] c.u.service.TimetableGenerationService   : TRACE depth=1 unit=Semester 6 / Section A / CST-3254 / LECTURE course=CST-3254 options=4 mrvScanned=1329
2026-09-04T21:20:04.773+06:30  INFO 20184 --- [pool-2-thread-1] c.u.service.TimetableGenerationService   :   option: Friday P1-P1
2026-09-04T21:20:04.773+06:30  INFO 20184 --- [pool-2-thread-1] c.u.service.TimetableGenerationService   :   option: Friday P2-P2
2026-09-04T21:20:04.773+06:30  INFO 20184 --- [pool-2-thread-1] c.u.service.TimetableGenerationService   :   option: Friday P3-P3
2026-09-04T21:20:04.773+06:30  INFO 20184 --- [pool-2-thread-1] c.u.service.TimetableGenerationService   :   option: Friday P4-P4
2026-09-04T21:20:04.773+06:30  INFO 20184 --- [pool-2-thread-1] c.u.service.TimetableGenerationService   : [PRIORITY] depth=1 selected=CST-3254 cmr=2x1 shape=mixed 2x1+1x2 priority=2 combined=false anchor=false options=4 section=81004274
2026-09-04T21:20:04.773+06:30  INFO 20184 --- [pool-2-thread-1] c.u.service.TimetableGenerationService   : TRACE depth=1 unit=Semester 6 / Section A / CS-3223 / LECTURE course=CS-3223 options=8 mrvScanned=1353
2026-09-04T21:20:04.773+06:30  INFO 20184 --- [pool-2-thread-1] c.u.service.TimetableGenerationService   : [PRIORITY] depth=1 selected=CS-3223 cmr=1x2 shape=mixed 2x1+1x2 priority=2 combined=false anchor=false options=8 section=81004274
2026-09-04T21:20:04.773+06:30  INFO 20184 --- [pool-2-thread-1] c.u.service.TimetableGenerationService   : TRACE depth=1 unit=Semester 6 / Section B / CST-3254 / LECTURE course=CST-3254 options=9 mrvScanned=1376
2026-09-04T21:20:04.773+06:30  INFO 20184 --- [pool-2-thread-1] c.u.service.TimetableGenerationService   : [PRIORITY] depth=1 selected=CST-3254 cmr=1x2 shape=mixed 2x1+1x2 priority=2 combined=false anchor=false options=9 section=f19a0bb5
2026-09-04T21:20:04.773+06:30  INFO 20184 --- [pool-2-thread-1] c.u.service.TimetableGenerationService   : TRACE depth=1 unit=Semester 6 / Section C / CST-3254 / LECTURE course=CST-3254 options=10 mrvScanned=1398
2026-09-04T21:20:04.773+06:30  INFO 20184 --- [pool-2-thread-1] c.u.service.TimetableGenerationService   : [PRIORITY] depth=1 selected=CST-3254 cmr=2x1 shape=mixed 2x1+1x2 priority=2 combined=false anchor=false options=10 section=adc0d7f4
2026-09-04T21:20:04.773+06:30  INFO 20184 --- [pool-2-thread-1] c.u.service.TimetableGenerationService   : TRACE depth=1 unit=Semester 6 / Section C / CST-3254 / LECTURE course=CST-3254 options=6 mrvScanned=1420
2026-09-04T21:20:04.773+06:30  INFO 20184 --- [pool-2-thread-1] c.u.service.TimetableGenerationService   : [PRIORITY] depth=1 selected=CST-3254 cmr=2x1 shape=mixed 2x1+1x2 priority=2 combined=false anchor=false options=6 section=adc0d7f4
2026-09-04T21:20:04.773+06:30  INFO 20184 --- [pool-2-thread-1] c.u.service.TimetableGenerationService   : TRACE depth=1 unit=Semester 6 / Section B / CS-3223 / LECTURE course=CS-3223 options=11 mrvScanned=1441
2026-09-04T21:20:04.773+06:30  INFO 20184 --- [pool-2-thread-1] c.u.service.TimetableGenerationService   : [PRIORITY] depth=1 selected=CS-3223 cmr=1x2 shape=mixed 2x1+1x2 priority=2 combined=false anchor=false options=11 section=f19a0bb5
2026-09-04T21:20:04.773+06:30  INFO 20184 --- [pool-2-thread-1] c.u.service.TimetableGenerationService   : TRACE depth=1 unit=Semester 6 / Section B / CST-3254 / LECTURE course=CST-3254 options=9 mrvScanned=1461
2026-09-04T21:20:04.773+06:30  INFO 20184 --- [pool-2-thread-1] c.u.service.TimetableGenerationService   : [PRIORITY] depth=1 selected=CST-3254 cmr=2x1 shape=mixed 2x1+1x2 priority=2 combined=false anchor=false options=9 section=f19a0bb5
2026-09-04T21:20:04.773+06:30  INFO 20184 --- [pool-2-thread-1] c.u.service.TimetableGenerationService   : TRACE depth=1 unit=Semester 6 / Section B / CST-3254 / LECTURE course=CST-3254 options=8 mrvScanned=1481
2026-09-04T21:20:04.773+06:30  INFO 20184 --- [pool-2-thread-1] c.u.service.TimetableGenerationService   : [PRIORITY] depth=1 selected=CST-3254 cmr=2x1 shape=mixed 2x1+1x2 priority=2 combined=false anchor=false options=8 section=f19a0bb5
2026-09-04T21:20:04.773+06:30  INFO 20184 --- [pool-2-thread-1] c.u.service.TimetableGenerationService   : TRACE depth=1 unit=Semester 6 / Section C / CS-3223 / LECTURE course=CS-3223 options=10 mrvScanned=1500
2026-09-04T21:20:04.773+06:30  INFO 20184 --- [pool-2-thread-1] c.u.service.TimetableGenerationService   : [PRIORITY] depth=1 selected=CS-3223 cmr=1x2 shape=mixed 2x1+1x2 priority=2 combined=false anchor=false options=10 section=adc0d7f4
2026-09-04T21:20:04.789+06:30  INFO 20184 --- [pool-2-thread-1] c.u.service.TimetableGenerationService   : TRACE depth=1 unit=Semester 6 / Section A / CS-3223 / LECTURE course=CS-3223 options=10 mrvScanned=1518
2026-09-04T21:20:04.789+06:30  INFO 20184 --- [pool-2-thread-1] c.u.service.TimetableGenerationService   : [PRIORITY] depth=1 selected=CS-3223 cmr=2x1 shape=mixed 2x1+1x2 priority=2 combined=false anchor=false options=10 section=81004274
2026-09-04T21:20:04.789+06:30  INFO 20184 --- [pool-2-thread-1] c.u.service.TimetableGenerationService   : TRACE depth=1 unit=Semester 6 / Section A / CS-3223 / LECTURE course=CS-3223 options=6 mrvScanned=1536
2026-09-04T21:20:04.789+06:30  INFO 20184 --- [pool-2-thread-1] c.u.service.TimetableGenerationService   : [PRIORITY] depth=1 selected=CS-3223 cmr=2x1 shape=mixed 2x1+1x2 priority=2 combined=false anchor=false options=6 section=81004274
2026-09-04T21:20:04.789+06:30  INFO 20184 --- [pool-2-thread-1] c.u.service.TimetableGenerationService   : TRACE depth=1 unit=Semester 6 / Section C / CS-3223 / LECTURE course=CS-3223 options=9 mrvScanned=1553
2026-09-04T21:20:04.792+06:30  INFO 20184 --- [pool-2-thread-1] c.u.service.TimetableGenerationService   : [PRIORITY] depth=1 selected=CS-3223 cmr=2x1 shape=mixed 2x1+1x2 priority=2 combined=false anchor=false options=9 section=adc0d7f4
2026-09-04T21:20:04.792+06:30  INFO 20184 --- [pool-2-thread-1] c.u.service.TimetableGenerationService   : TRACE depth=1 unit=Semester 6 / Section C / CS-3223 / LECTURE course=CS-3223 options=6 mrvScanned=1570
2026-09-04T21:20:04.792+06:30  INFO 20184 --- [pool-2-thread-1] c.u.service.TimetableGenerationService   : [PRIORITY] depth=1 selected=CS-3223 cmr=2x1 shape=mixed 2x1+1x2 priority=2 combined=false anchor=false options=6 section=adc0d7f4
2026-09-04T21:20:04.792+06:30  INFO 20184 --- [pool-2-thread-1] c.u.service.TimetableGenerationService   : TRACE depth=1 unit=Semester 6 / Section B / CS-3223 / LECTURE course=CS-3223 options=10 mrvScanned=1586
2026-09-04T21:20:04.792+06:30  INFO 20184 --- [pool-2-thread-1] c.u.service.TimetableGenerationService   : [PRIORITY] depth=1 selected=CS-3223 cmr=2x1 shape=mixed 2x1+1x2 priority=2 combined=false anchor=false options=10 section=f19a0bb5
2026-09-04T21:20:04.792+06:30  INFO 20184 --- [pool-2-thread-1] c.u.service.TimetableGenerationService   : TRACE depth=1 unit=Semester 6 / Section B / CS-3223 / LECTURE course=CS-3223 options=6 mrvScanned=1602
2026-09-04T21:20:04.792+06:30  INFO 20184 --- [pool-2-thread-1] c.u.service.TimetableGenerationService   : [PRIORITY] depth=1 selected=CS-3223 cmr=2x1 shape=mixed 2x1+1x2 priority=2 combined=false anchor=false options=6 section=f19a0bb5
2026-09-04T21:20:04.792+06:30  INFO 20184 --- [pool-2-thread-1] c.u.service.TimetableGenerationService   : TRACE depth=1 unit=Semester 6 / Section B / CS-3212 / LAB course=CS-3212 options=4 mrvScanned=1617
2026-09-04T21:20:04.792+06:30  INFO 20184 --- [pool-2-thread-1] c.u.service.TimetableGenerationService   :   option: Thursday P3-P4
2026-09-04T21:20:04.792+06:30  INFO 20184 --- [pool-2-thread-1] c.u.service.TimetableGenerationService   :   option: Thursday P4-P5
2026-09-04T21:20:04.792+06:30  INFO 20184 --- [pool-2-thread-1] c.u.service.TimetableGenerationService   :   option: Friday P4-P5
2026-09-04T21:20:04.792+06:30  INFO 20184 --- [pool-2-thread-1] c.u.service.TimetableGenerationService   :   option: Friday P5-P6
2026-09-04T21:20:04.792+06:30  INFO 20184 --- [pool-2-thread-1] c.u.service.TimetableGenerationService   : [PRIORITY] depth=1 selected=CS-3212 cmr=2x2 shape=2x2 priority=3 combined=false anchor=false options=4 section=f19a0bb5
2026-09-04T21:20:04.792+06:30  INFO 20184 --- [pool-2-thread-1] c.u.service.TimetableGenerationService   : TRACE depth=1 unit=Semester 6 / Section B / CS-3212 / LAB course=CS-3212 options=2 mrvScanned=1632
2026-09-04T21:20:04.792+06:30  INFO 20184 --- [pool-2-thread-1] c.u.service.TimetableGenerationService   :   option: Thursday P3-P4
2026-09-04T21:20:04.792+06:30  INFO 20184 --- [pool-2-thread-1] c.u.service.TimetableGenerationService   :   option: Thursday P4-P5
2026-09-04T21:20:04.792+06:30  INFO 20184 --- [pool-2-thread-1] c.u.service.TimetableGenerationService   : [PRIORITY] depth=1 selected=CS-3212 cmr=2x2 shape=2x2 priority=3 combined=false anchor=false options=2 section=f19a0bb5
2026-09-04T21:20:04.792+06:30  INFO 20184 --- [pool-2-thread-1] c.u.service.TimetableGenerationService   : TRACE depth=1 unit=Semester 6 / Section A / CS-3212 / LAB course=CS-3212 options=7 mrvScanned=1646
2026-09-04T21:20:04.792+06:30  INFO 20184 --- [pool-2-thread-1] c.u.service.TimetableGenerationService   : [PRIORITY] depth=1 selected=CS-3212 cmr=2x2 shape=2x2 priority=3 combined=false anchor=false options=7 section=81004274
2026-09-04T21:20:04.792+06:30  INFO 20184 --- [pool-2-thread-1] c.u.service.TimetableGenerationService   : TRACE depth=1 unit=Semester 6 / Section A / CS-3212 / LAB course=CS-3212 options=4 mrvScanned=1660
2026-09-04T21:20:04.792+06:30  INFO 20184 --- [pool-2-thread-1] c.u.service.TimetableGenerationService   :   option: Thursday P4-P5
2026-09-04T21:20:04.792+06:30  INFO 20184 --- [pool-2-thread-1] c.u.service.TimetableGenerationService   :   option: Thursday P5-P6
2026-09-04T21:20:04.792+06:30  INFO 20184 --- [pool-2-thread-1] c.u.service.TimetableGenerationService   :   option: Friday P3-P4
2026-09-04T21:20:04.792+06:30  INFO 20184 --- [pool-2-thread-1] c.u.service.TimetableGenerationService   :   option: Friday P4-P5
2026-09-04T21:20:04.792+06:30  INFO 20184 --- [pool-2-thread-1] c.u.service.TimetableGenerationService   : [PRIORITY] depth=1 selected=CS-3212 cmr=2x2 shape=2x2 priority=3 combined=false anchor=false options=4 section=81004274
2026-09-04T21:20:04.792+06:30  INFO 20184 --- [pool-2-thread-1] c.u.service.TimetableGenerationService   : TRACE depth=1 unit=Semester 6 / Section C / CS-3212 / LAB course=CS-3212 options=8 mrvScanned=1673
2026-09-04T21:20:04.792+06:30  INFO 20184 --- [pool-2-thread-1] c.u.service.TimetableGenerationService   : [PRIORITY] depth=1 selected=CS-3212 cmr=2x2 shape=2x2 priority=3 combined=false anchor=false options=8 section=adc0d7f4
2026-09-04T21:20:04.792+06:30  INFO 20184 --- [pool-2-thread-1] c.u.service.TimetableGenerationService   : TRACE depth=1 unit=Semester 6 / Section C / CS-3212 / LAB course=CS-3212 options=5 mrvScanned=1686
2026-09-04T21:20:04.792+06:30  INFO 20184 --- [pool-2-thread-1] c.u.service.TimetableGenerationService   :   option: Monday P2-P3
2026-09-04T21:20:04.792+06:30  INFO 20184 --- [pool-2-thread-1] c.u.service.TimetableGenerationService   :   option: Monday P3-P4
2026-09-04T21:20:04.792+06:30  INFO 20184 --- [pool-2-thread-1] c.u.service.TimetableGenerationService   :   option: Friday P1-P2
2026-09-04T21:20:04.792+06:30  INFO 20184 --- [pool-2-thread-1] c.u.service.TimetableGenerationService   :   option: Friday P2-P3
2026-09-04T21:20:04.792+06:30  INFO 20184 --- [pool-2-thread-1] c.u.service.TimetableGenerationService   :   option: Friday P3-P4
2026-09-04T21:20:04.792+06:30  INFO 20184 --- [pool-2-thread-1] c.u.service.TimetableGenerationService   : [PRIORITY] depth=1 selected=CS-3212 cmr=2x2 shape=2x2 priority=3 combined=false anchor=false options=5 section=adc0d7f4
2026-09-04T21:20:04.792+06:30  INFO 20184 --- [pool-2-thread-1] c.u.service.TimetableGenerationService   : TRACE depth=1 unit=Semester 6 / Section C / CS-3241 / LECTURE course=CS-3241 options=4 mrvScanned=1698
2026-09-04T21:20:04.792+06:30  INFO 20184 --- [pool-2-thread-1] c.u.service.TimetableGenerationService   :   option: Monday P3-P4
2026-09-04T21:20:04.792+06:30  INFO 20184 --- [pool-2-thread-1] c.u.service.TimetableGenerationService   :   option: Tuesday P5-P6
2026-09-04T21:20:04.792+06:30  INFO 20184 --- [pool-2-thread-1] c.u.service.TimetableGenerationService   :   option: Thursday P5-P6
2026-09-04T21:20:04.792+06:30  INFO 20184 --- [pool-2-thread-1] c.u.service.TimetableGenerationService   :   option: Friday P1-P2
2026-09-04T21:20:04.792+06:30  INFO 20184 --- [pool-2-thread-1] c.u.service.TimetableGenerationService   : [PRIORITY] depth=1 selected=CS-3241 cmr=2x2 shape=2x2 priority=3 combined=false anchor=false options=4 section=adc0d7f4
2026-09-04T21:20:04.792+06:30  INFO 20184 --- [pool-2-thread-1] c.u.service.TimetableGenerationService   : TRACE depth=1 unit=Semester 6 / Section C / CS-3241 / LECTURE course=CS-3241 options=3 mrvScanned=1710
2026-09-04T21:20:04.792+06:30  INFO 20184 --- [pool-2-thread-1] c.u.service.TimetableGenerationService   :   option: Monday P3-P4
2026-09-04T21:20:04.792+06:30  INFO 20184 --- [pool-2-thread-1] c.u.service.TimetableGenerationService   :   option: Tuesday P5-P6
2026-09-04T21:20:04.792+06:30  INFO 20184 --- [pool-2-thread-1] c.u.service.TimetableGenerationService   :   option: Friday P1-P2
2026-09-04T21:20:04.805+06:30  INFO 20184 --- [pool-2-thread-1] c.u.service.TimetableGenerationService   : [PRIORITY] depth=1 selected=CS-3241 cmr=2x2 shape=2x2 priority=3 combined=false anchor=false options=3 section=adc0d7f4
2026-09-04T21:20:04.805+06:30  INFO 20184 --- [pool-2-thread-1] c.u.service.TimetableGenerationService   : TRACE depth=1 unit=Semester 6 / Section CT / CST-3217 / LECTURE course=CST-3217 options=1 mrvScanned=1721
2026-09-04T21:20:04.805+06:30  INFO 20184 --- [pool-2-thread-1] c.u.service.TimetableGenerationService   :   option: Monday P1-P2
2026-09-04T21:20:04.805+06:30  INFO 20184 --- [pool-2-thread-1] c.u.service.TimetableGenerationService   : [PRIORITY] depth=1 selected=CST-3217 cmr=2x2 shape=other priority=4 combined=false anchor=false options=1 section=029878c5
2026-09-04T21:20:04.805+06:30  INFO 20184 --- [pool-2-thread-1] c.u.service.TimetableGenerationService   : TRACE depth=1 unit=Semester 6 / Section CT / CST-3217 / LECTURE course=CST-3217 options=1 mrvScanned=1732
2026-09-04T21:20:04.805+06:30  INFO 20184 --- [pool-2-thread-1] c.u.service.TimetableGenerationService   :   option: Tuesday P1-P2
2026-09-04T21:20:04.805+06:30  INFO 20184 --- [pool-2-thread-1] c.u.service.TimetableGenerationService   : [PRIORITY] depth=1 selected=CST-3217 cmr=2x2 shape=other priority=4 combined=false anchor=false options=1 section=029878c5
2026-09-04T21:20:04.805+06:30  INFO 20184 --- [pool-2-thread-1] c.u.service.TimetableGenerationService   : TRACE depth=2 unit=Semester 6 / Section B / CST-3258 / LECTURE course=CST-3258 options=1 mrvScanned=1742
2026-09-04T21:20:04.805+06:30  INFO 20184 --- [pool-2-thread-1] c.u.service.TimetableGenerationService   :   option: Monday P3-P4
2026-09-04T21:20:04.805+06:30  INFO 20184 --- [pool-2-thread-1] c.u.service.TimetableGenerationService   : [PRIORITY] depth=2 selected=CST-3258 cmr=2x2 shape=other priority=4 combined=false anchor=false options=1 section=f19a0bb5
2026-09-04T21:20:04.805+06:30  INFO 20184 --- [pool-2-thread-1] c.u.service.TimetableGenerationService   : TRACE depth=2 unit=Semester 6 / Section B / CST-3258 / LECTURE course=CST-3258 options=1 mrvScanned=1752
2026-09-04T21:20:04.805+06:30  INFO 20184 --- [pool-2-thread-1] c.u.service.TimetableGenerationService   :   option: Tuesday P3-P4
2026-09-04T21:20:04.805+06:30  INFO 20184 --- [pool-2-thread-1] c.u.service.TimetableGenerationService   : [PRIORITY] depth=2 selected=CST-3258 cmr=2x2 shape=other priority=4 combined=false anchor=false options=1 section=f19a0bb5
2026-09-04T21:20:04.805+06:30  INFO 20184 --- [pool-2-thread-1] c.u.service.TimetableGenerationService   : TRACE depth=3 unit=Semester 6 / Section A / CST-3258 / LECTURE course=CST-3258 options=1 mrvScanned=1761
2026-09-04T21:20:04.805+06:30  INFO 20184 --- [pool-2-thread-1] c.u.service.TimetableGenerationService   :   option: Monday P5-P6
2026-09-04T21:20:04.805+06:30  INFO 20184 --- [pool-2-thread-1] c.u.service.TimetableGenerationService   : [PRIORITY] depth=3 selected=CST-3258 cmr=2x2 shape=other priority=4 combined=false anchor=false options=1 section=81004274
2026-09-04T21:20:04.805+06:30  INFO 20184 --- [pool-2-thread-1] c.u.service.TimetableGenerationService   : TRACE depth=3 unit=Semester 6 / Section A / CST-3258 / LECTURE course=CST-3258 options=1 mrvScanned=1770
2026-09-04T21:20:04.805+06:30  INFO 20184 --- [pool-2-thread-1] c.u.service.TimetableGenerationService   :   option: Tuesday P5-P6
2026-09-04T21:20:04.805+06:30  INFO 20184 --- [pool-2-thread-1] c.u.service.TimetableGenerationService   : [PRIORITY] depth=3 selected=CST-3258 cmr=2x2 shape=other priority=4 combined=false anchor=false options=1 section=81004274
2026-09-04T21:20:04.805+06:30  INFO 20184 --- [pool-2-thread-1] c.u.service.TimetableGenerationService   : TRACE depth=4 unit=Semester 6 / Section C / CST-3258 / LECTURE course=CST-3258 options=1 mrvScanned=1778
2026-09-04T21:20:04.805+06:30  INFO 20184 --- [pool-2-thread-1] c.u.service.TimetableGenerationService   :   option: Wednesday P1-P2
2026-09-04T21:20:04.805+06:30  INFO 20184 --- [pool-2-thread-1] c.u.service.TimetableGenerationService   : [PRIORITY] depth=4 selected=CST-3258 cmr=2x2 shape=other priority=4 combined=false anchor=false options=1 section=adc0d7f4
2026-09-04T21:20:04.805+06:30  INFO 20184 --- [pool-2-thread-1] c.u.service.TimetableGenerationService   : TRACE depth=4 unit=Semester 6 / Section C / CST-3258 / LECTURE course=CST-3258 options=1 mrvScanned=1786
2026-09-04T21:20:04.805+06:30  INFO 20184 --- [pool-2-thread-1] c.u.service.TimetableGenerationService   :   option: Thursday P1-P2
2026-09-04T21:20:04.805+06:30  INFO 20184 --- [pool-2-thread-1] c.u.service.TimetableGenerationService   : [PRIORITY] depth=4 selected=CST-3258 cmr=2x2 shape=other priority=4 combined=false anchor=false options=1 section=adc0d7f4
2026-09-04T21:20:04.805+06:30  INFO 20184 --- [pool-2-thread-1] c.u.service.TimetableGenerationService   : TRACE depth=5 unit=Semester 6 / Section CT / CST-3258 / LECTURE course=CST-3258 options=1 mrvScanned=1793
2026-09-04T21:20:04.805+06:30  INFO 20184 --- [pool-2-thread-1] c.u.service.TimetableGenerationService   :   option: Monday P1-P2
2026-09-04T21:20:04.805+06:30  INFO 20184 --- [pool-2-thread-1] c.u.service.TimetableGenerationService   : [PRIORITY] depth=5 selected=CST-3258 cmr=2x2 shape=other priority=4 combined=false anchor=false options=1 section=029878c5
2026-09-04T21:20:04.805+06:30  INFO 20184 --- [pool-2-thread-1] c.u.service.TimetableGenerationService   : TRACE depth=5 unit=Semester 6 / Section CT / CST-3258 / LECTURE course=CST-3258 options=1 mrvScanned=1800
2026-09-04T21:20:04.805+06:30  INFO 20184 --- [pool-2-thread-1] c.u.service.TimetableGenerationService   :   option: Tuesday P1-P2
2026-09-04T21:20:04.805+06:30  INFO 20184 --- [pool-2-thread-1] c.u.service.TimetableGenerationService   : [PRIORITY] depth=5 selected=CST-3258 cmr=2x2 shape=other priority=4 combined=false anchor=false options=1 section=029878c5
2026-09-04T21:20:04.805+06:30  INFO 20184 --- [pool-2-thread-1] c.u.service.TimetableGenerationService   : TRACE depth=6 unit=Semester 6 / Section A / CS-3215 / LECTURE course=CS-3215 options=1 mrvScanned=1806
2026-09-04T21:20:04.805+06:30  INFO 20184 --- [pool-2-thread-1] c.u.service.TimetableGenerationService   :   option: Monday P5-P6
2026-09-04T21:20:04.805+06:30  INFO 20184 --- [pool-2-thread-1] c.u.service.TimetableGenerationService   : [PRIORITY] depth=6 selected=CS-3215 cmr=2x2 shape=other priority=4 combined=false anchor=false options=1 section=81004274
2026-09-04T21:20:04.805+06:30  INFO 20184 --- [pool-2-thread-1] c.u.service.TimetableGenerationService   : TRACE depth=6 unit=Semester 6 / Section A / CS-3215 / LECTURE course=CS-3215 options=1 mrvScanned=1812
2026-09-04T21:20:04.805+06:30  INFO 20184 --- [pool-2-thread-1] c.u.service.TimetableGenerationService   :   option: Tuesday P5-P6
2026-09-04T21:20:04.805+06:30  INFO 20184 --- [pool-2-thread-1] c.u.service.TimetableGenerationService   : [PRIORITY] depth=6 selected=CS-3215 cmr=2x2 shape=other priority=4 combined=false anchor=false options=1 section=81004274
2026-09-04T21:20:04.805+06:30  INFO 20184 --- [pool-2-thread-1] c.u.service.TimetableGenerationService   : TRACE depth=7 unit=Semester 6 / Section C / CS-3215 / LECTURE course=CS-3215 options=1 mrvScanned=1817
2026-09-04T21:20:04.805+06:30  INFO 20184 --- [pool-2-thread-1] c.u.service.TimetableGenerationService   :   option: Wednesday P1-P2
2026-09-04T21:20:04.805+06:30  INFO 20184 --- [pool-2-thread-1] c.u.service.TimetableGenerationService   : [PRIORITY] depth=7 selected=CS-3215 cmr=2x2 shape=other priority=4 combined=false anchor=false options=1 section=adc0d7f4
2026-09-04T21:20:04.805+06:30  INFO 20184 --- [pool-2-thread-1] c.u.service.TimetableGenerationService   : TRACE depth=7 unit=Semester 6 / Section C / CS-3215 / LECTURE course=CS-3215 options=1 mrvScanned=1822
2026-09-04T21:20:04.805+06:30  INFO 20184 --- [pool-2-thread-1] c.u.service.TimetableGenerationService   :   option: Thursday P1-P2
2026-09-04T21:20:04.805+06:30  INFO 20184 --- [pool-2-thread-1] c.u.service.TimetableGenerationService   : [PRIORITY] depth=7 selected=CS-3215 cmr=2x2 shape=other priority=4 combined=false anchor=false options=1 section=adc0d7f4
2026-09-04T21:20:04.805+06:30  INFO 20184 --- [pool-2-thread-1] c.u.service.TimetableGenerationService   : ElectiveGroupCombinations: Main solver SOLVED (depth=4, combo#1, nodes=83)
2026-09-04T21:20:04.805+06:30  INFO 20184 --- [pool-2-thread-1] c.u.service.TimetableGenerationService   : ElectiveGroupCombinations: depth=3 pattern 176/250 SUCCEEDED
2026-09-04T21:20:04.805+06:30  INFO 20184 --- [pool-2-thread-1] c.u.service.TimetableGenerationService   : ElectiveGroupCombinations: depth=2 pattern 85/250 SUCCEEDED
2026-09-04T21:20:04.805+06:30  INFO 20184 --- [pool-2-thread-1] c.u.service.TimetableGenerationService   : ElectiveGroupCombinations: depth=1 pattern 43/250 SUCCEEDED
2026-09-04T21:20:04.805+06:30  INFO 20184 --- [pool-2-thread-1] c.u.service.TimetableGenerationService   : ElectiveGroupCombinations: depth=0 pattern 1/250 SUCCEEDED
2026-09-04T21:20:04.805+06:30  INFO 20184 --- [pool-2-thread-1] c.u.service.TimetableGenerationService   : [DIAG Sem-6] nodes=83, mrvCalls=83, mrvUnitsScanned=1842, gvpCalls=720, canPlaceCalls=11306, totalOptions=16872, scoringCalls=591
2026-09-04T21:20:04.805+06:30  INFO 20184 --- [pool-2-thread-1] c.u.service.TimetableGenerationService   : [DIAG Sem-6] timing: mrv=3ms, gvp=0ms, canPlace=0ms, scoring=2ms
2026-09-04T21:20:04.805+06:30  INFO 20184 --- [pool-2-thread-1] c.u.service.TimetableGenerationService   : [DIAG Sem-6] placements=83, backtracks=0
2026-09-04T21:20:04.805+06:30  INFO 20184 --- [pool-2-thread-1] c.u.service.TimetableGenerationService   : [DIAG Sem-6] cache: hits=1205, misses=637, invalidations=545
2026-09-04T21:20:04.805+06:30  INFO 20184 --- [pool-2-thread-1] c.u.service.TimetableGenerationService   : [DIAG Sem-6] feasibility: checks=0, prunes=0
2026-09-04T21:20:04.805+06:30  INFO 20184 --- [pool-2-thread-1] c.u.service.TimetableGenerationService   : [DIAG Sem-6] electiveCombos: attempted=0, crossSectionPruned=0, feasibilityPruned=0, solved=0, failedSolver=0
2026-09-04T21:20:04.805+06:30  INFO 20184 --- [pool-2-thread-1] c.u.service.TimetableGenerationService   : [DIAG Sem-6] depth profile (depth: unplaced/units/gvp/canPlace/options): 0:120/62/1237/16 | 1:65876/588/9999/1 | 2:3494/9/9/1 | 3:3531/9/9/1 | 4:3564/10/10/1 | 5:3593/6/6/1 | 6:3618/6/6/1 | 7:3639/8/8/1 | 8:0/0/0/0 | 9:0/0/0/0 | 10:0/0/0/0 | 11:3656/8/8/1 | 12:3669/6/6/1 | 13:3678/4/4/1 | 14:3683/4/4/1 | 
2026-09-04T21:20:04.805+06:30  INFO 20184 --- [pool-2-thread-1] c.u.service.TimetableGenerationService   : SEMESTER Sem-6 SOLVED in 111ms: 83 schedules placed, combos=1, nodes=83
2026-09-04T21:20:04.805+06:30  INFO 20184 --- [pool-2-thread-1] c.u.service.TimetableGenerationService   : SEMESTER Sem-2: 21 scheduling units, deadline=1788533464694ms, frozenStaff=11, frozenSections=4
2026-09-04T21:20:04.805+06:30  INFO 20184 --- [pool-2-thread-1] c.u.service.TimetableGenerationService   : SEMESTER Sem-2: 0 elective groups (candidates: [])
2026-09-04T21:20:04.805+06:30  INFO 20184 --- [pool-2-thread-1] c.u.service.TimetableGenerationService   : TRACE depth=0 unit=Semester 2 / Sections A + B / CST-1241 / LECTURE course=CST-1241 options=25 mrvScanned=21
2026-09-04T21:20:04.821+06:30  INFO 20184 --- [pool-2-thread-1] c.u.service.TimetableGenerationService   : [PRIORITY] depth=0 selected=CST-1241 cmr=2x2 shape=2x2 priority=3 combined=true anchor=true options=25 section=f19a0bb5,81004274
2026-09-04T21:20:04.821+06:30  INFO 20184 --- [pool-2-thread-1] c.u.service.TimetableGenerationService   : TRACE depth=0 unit=Semester 2 / Sections A + B / CST-1241 / LECTURE course=CST-1241 options=20 mrvScanned=42
2026-09-04T21:20:04.821+06:30  INFO 20184 --- [pool-2-thread-1] c.u.service.TimetableGenerationService   : [PRIORITY] depth=0 selected=CST-1241 cmr=2x2 shape=2x2 priority=3 combined=true anchor=true options=20 section=f19a0bb5,81004274
2026-09-04T21:20:04.821+06:30  INFO 20184 --- [pool-2-thread-1] c.u.service.TimetableGenerationService   : [COMBINED-ANCHOR] group=e2127e75-fa2f-4db6-b070-167f554f8bb0 course=CST-1241 sections=A+B anchorSection=A placements=[Monday P1-P2, Tuesday P1-P2]
2026-09-04T21:20:04.821+06:30  INFO 20184 --- [pool-2-thread-1] c.u.service.TimetableGenerationService   : [COMBINED-INHERIT] group=e2127e75-fa2f-4db6-b070-167f554f8bb0 section=B sourceSection=A placements=[Monday P1-P2, Tuesday P1-P2]
2026-09-04T21:20:04.821+06:30  INFO 20184 --- [pool-2-thread-1] c.u.service.TimetableGenerationService   : TRACE depth=1 unit=Semester 2 / Sections A + B / M-1201 / LECTURE course=M-1201 options=21 mrvScanned=62
2026-09-04T21:20:04.821+06:30  INFO 20184 --- [pool-2-thread-1] c.u.service.TimetableGenerationService   : [PRIORITY] depth=1 selected=M-1201 cmr=2x2 shape=2x2 priority=3 combined=true anchor=true options=21 section=f19a0bb5,81004274
2026-09-04T21:20:04.821+06:30  INFO 20184 --- [pool-2-thread-1] c.u.service.TimetableGenerationService   : TRACE depth=1 unit=Semester 2 / Sections A + B / M-1201 / LECTURE course=M-1201 options=16 mrvScanned=82
2026-09-04T21:20:04.821+06:30  INFO 20184 --- [pool-2-thread-1] c.u.service.TimetableGenerationService   : [PRIORITY] depth=1 selected=M-1201 cmr=2x2 shape=2x2 priority=3 combined=true anchor=true options=16 section=f19a0bb5,81004274
2026-09-04T21:20:04.821+06:30  INFO 20184 --- [pool-2-thread-1] c.u.service.TimetableGenerationService   : [COMBINED-ANCHOR] group=56fd035c-9d98-4c5b-87ef-77b0c682506d course=M-1201 sections=A+B anchorSection=A placements=[Wednesday P1-P2, Thursday P1-P2]
2026-09-04T21:20:04.821+06:30  INFO 20184 --- [pool-2-thread-1] c.u.service.TimetableGenerationService   : [COMBINED-INHERIT] group=56fd035c-9d98-4c5b-87ef-77b0c682506d section=B sourceSection=A placements=[Wednesday P1-P2, Thursday P1-P2]
2026-09-04T21:20:04.821+06:30  INFO 20184 --- [pool-2-thread-1] c.u.service.TimetableGenerationService   : TRACE depth=2 unit=Semester 2 / Sections A + B / E-1201 / LECTURE course=E-1201 options=17 mrvScanned=101
2026-09-04T21:20:04.821+06:30  INFO 20184 --- [pool-2-thread-1] c.u.service.TimetableGenerationService   : [PRIORITY] depth=2 selected=E-1201 cmr=2x2 shape=2x2 priority=3 combined=true anchor=true options=17 section=f19a0bb5,81004274
2026-09-04T21:20:04.821+06:30  INFO 20184 --- [pool-2-thread-1] c.u.service.TimetableGenerationService   : TRACE depth=2 unit=Semester 2 / Sections A + B / E-1201 / LECTURE course=E-1201 options=12 mrvScanned=120
2026-09-04T21:20:04.821+06:30  INFO 20184 --- [pool-2-thread-1] c.u.service.TimetableGenerationService   : [PRIORITY] depth=2 selected=E-1201 cmr=2x2 shape=2x2 priority=3 combined=true anchor=true options=12 section=f19a0bb5,81004274
2026-09-04T21:20:04.821+06:30  INFO 20184 --- [pool-2-thread-1] c.u.service.TimetableGenerationService   : [COMBINED-ANCHOR] group=06ce3f89-276f-42fe-89c0-64cdeb743722 course=E-1201 sections=A+B anchorSection=A placements=[Monday P3-P4, Friday P5-P6]
2026-09-04T21:20:04.821+06:30  INFO 20184 --- [pool-2-thread-1] c.u.service.TimetableGenerationService   : [COMBINED-INHERIT] group=06ce3f89-276f-42fe-89c0-64cdeb743722 section=B sourceSection=A placements=[Monday P3-P4, Friday P5-P6]
2026-09-04T21:20:04.821+06:30  INFO 20184 --- [pool-2-thread-1] c.u.service.TimetableGenerationService   : TRACE depth=3 unit=Semester 2 / Section A / CST-1223 / LECTURE course=CST-1223 options=18 mrvScanned=138
2026-09-04T21:20:04.821+06:30  INFO 20184 --- [pool-2-thread-1] c.u.service.TimetableGenerationService   : [PRIORITY] depth=3 selected=CST-1223 cmr=4x1 shape=4x1 priority=1 combined=false anchor=false options=18 section=81004274
2026-09-04T21:20:04.821+06:30  INFO 20184 --- [pool-2-thread-1] c.u.service.TimetableGenerationService   : TRACE depth=3 unit=Semester 2 / Section A / CST-1223 / LECTURE course=CST-1223 options=14 mrvScanned=156
2026-09-04T21:20:04.821+06:30  INFO 20184 --- [pool-2-thread-1] c.u.service.TimetableGenerationService   : [PRIORITY] depth=3 selected=CST-1223 cmr=4x1 shape=4x1 priority=1 combined=false anchor=false options=14 section=81004274
2026-09-04T21:20:04.821+06:30  INFO 20184 --- [pool-2-thread-1] c.u.service.TimetableGenerationService   : TRACE depth=3 unit=Semester 2 / Section A / CST-1223 / LECTURE course=CST-1223 options=10 mrvScanned=174
2026-09-04T21:20:04.821+06:30  INFO 20184 --- [pool-2-thread-1] c.u.service.TimetableGenerationService   : [PRIORITY] depth=3 selected=CST-1223 cmr=4x1 shape=4x1 priority=1 combined=false anchor=false options=10 section=81004274
2026-09-04T21:20:04.821+06:30  INFO 20184 --- [pool-2-thread-1] c.u.service.TimetableGenerationService   : TRACE depth=3 unit=Semester 2 / Section A / CST-1223 / LECTURE course=CST-1223 options=6 mrvScanned=192
2026-09-04T21:20:04.821+06:30  INFO 20184 --- [pool-2-thread-1] c.u.service.TimetableGenerationService   : [PRIORITY] depth=3 selected=CST-1223 cmr=4x1 shape=4x1 priority=1 combined=false anchor=false options=6 section=81004274
2026-09-04T21:20:04.821+06:30  INFO 20184 --- [pool-2-thread-1] c.u.service.TimetableGenerationService   : TRACE depth=3 unit=Semester 2 / Section B / CST-1223 / LECTURE course=CST-1223 options=14 mrvScanned=209
2026-09-04T21:20:04.821+06:30  INFO 20184 --- [pool-2-thread-1] c.u.service.TimetableGenerationService   : [PRIORITY] depth=3 selected=CST-1223 cmr=4x1 shape=4x1 priority=1 combined=false anchor=false options=14 section=f19a0bb5
2026-09-04T21:20:04.821+06:30  INFO 20184 --- [pool-2-thread-1] c.u.service.TimetableGenerationService   : TRACE depth=3 unit=Semester 2 / Section B / CST-1223 / LECTURE course=CST-1223 options=11 mrvScanned=226
2026-09-04T21:20:04.821+06:30  INFO 20184 --- [pool-2-thread-1] c.u.service.TimetableGenerationService   : [PRIORITY] depth=3 selected=CST-1223 cmr=4x1 shape=4x1 priority=1 combined=false anchor=false options=11 section=f19a0bb5
2026-09-04T21:20:04.821+06:30  INFO 20184 --- [pool-2-thread-1] c.u.service.TimetableGenerationService   : TRACE depth=3 unit=Semester 2 / Section B / CST-1223 / LECTURE course=CST-1223 options=8 mrvScanned=243
2026-09-04T21:20:04.821+06:30  INFO 20184 --- [pool-2-thread-1] c.u.service.TimetableGenerationService   : [PRIORITY] depth=3 selected=CST-1223 cmr=4x1 shape=4x1 priority=1 combined=false anchor=false options=8 section=f19a0bb5
2026-09-04T21:20:04.821+06:30  INFO 20184 --- [pool-2-thread-1] c.u.service.TimetableGenerationService   : TRACE depth=3 unit=Semester 2 / Section B / CST-1223 / LECTURE course=CST-1223 options=5 mrvScanned=260
2026-09-04T21:20:04.821+06:30  INFO 20184 --- [pool-2-thread-1] c.u.service.TimetableGenerationService   :   option: Monday P5-P5
2026-09-04T21:20:04.821+06:30  INFO 20184 --- [pool-2-thread-1] c.u.service.TimetableGenerationService   :   option: Monday P6-P6
2026-09-04T21:20:04.821+06:30  INFO 20184 --- [pool-2-thread-1] c.u.service.TimetableGenerationService   :   option: Friday P1-P1
2026-09-04T21:20:04.821+06:30  INFO 20184 --- [pool-2-thread-1] c.u.service.TimetableGenerationService   :   option: Friday P2-P2
2026-09-04T21:20:04.821+06:30  INFO 20184 --- [pool-2-thread-1] c.u.service.TimetableGenerationService   :   option: Friday P3-P3
2026-09-04T21:20:04.821+06:30  INFO 20184 --- [pool-2-thread-1] c.u.service.TimetableGenerationService   : [PRIORITY] depth=3 selected=CST-1223 cmr=4x1 shape=4x1 priority=1 combined=false anchor=false options=5 section=f19a0bb5
2026-09-04T21:20:04.821+06:30  INFO 20184 --- [pool-2-thread-1] c.u.service.TimetableGenerationService   : TRACE depth=3 unit=Semester 2 / Section C / CST-1223 / LECTURE course=CST-1223 options=22 mrvScanned=276
2026-09-04T21:20:04.821+06:30  INFO 20184 --- [pool-2-thread-1] c.u.service.TimetableGenerationService   : [PRIORITY] depth=3 selected=CST-1223 cmr=4x1 shape=4x1 priority=1 combined=false anchor=false options=22 section=adc0d7f4
2026-09-04T21:20:04.821+06:30  INFO 20184 --- [pool-2-thread-1] c.u.service.TimetableGenerationService   : TRACE depth=3 unit=Semester 2 / Section C / CST-1223 / LECTURE course=CST-1223 options=16 mrvScanned=292
2026-09-04T21:20:04.821+06:30  INFO 20184 --- [pool-2-thread-1] c.u.service.TimetableGenerationService   : [PRIORITY] depth=3 selected=CST-1223 cmr=4x1 shape=4x1 priority=1 combined=false anchor=false options=16 section=adc0d7f4
2026-09-04T21:20:04.821+06:30  INFO 20184 --- [pool-2-thread-1] c.u.service.TimetableGenerationService   : TRACE depth=3 unit=Semester 2 / Section C / CST-1223 / LECTURE course=CST-1223 options=12 mrvScanned=308
2026-09-04T21:20:04.821+06:30  INFO 20184 --- [pool-2-thread-1] c.u.service.TimetableGenerationService   : [PRIORITY] depth=3 selected=CST-1223 cmr=4x1 shape=4x1 priority=1 combined=false anchor=false options=12 section=adc0d7f4
2026-09-04T21:20:04.821+06:30  INFO 20184 --- [pool-2-thread-1] c.u.service.TimetableGenerationService   : TRACE depth=3 unit=Semester 2 / Section C / CST-1223 / LECTURE course=CST-1223 options=8 mrvScanned=324
2026-09-04T21:20:04.821+06:30  INFO 20184 --- [pool-2-thread-1] c.u.service.TimetableGenerationService   : [PRIORITY] depth=3 selected=CST-1223 cmr=4x1 shape=4x1 priority=1 combined=false anchor=false options=8 section=adc0d7f4
2026-09-04T21:20:04.821+06:30  INFO 20184 --- [pool-2-thread-1] c.u.service.TimetableGenerationService   : TRACE depth=3 unit=Semester 2 / Section A / CST-1234 / LECTURE course=CST-1234 options=9 mrvScanned=339
2026-09-04T21:20:04.821+06:30  INFO 20184 --- [pool-2-thread-1] c.u.service.TimetableGenerationService   : [PRIORITY] depth=3 selected=CST-1234 cmr=1x2 shape=mixed 2x1+1x2 priority=2 combined=false anchor=false options=9 section=81004274
2026-09-04T21:20:04.821+06:30  INFO 20184 --- [pool-2-thread-1] c.u.service.TimetableGenerationService   : TRACE depth=3 unit=Semester 2 / Section B / CST-1234 / LECTURE course=CST-1234 options=7 mrvScanned=353
2026-09-04T21:20:04.821+06:30  INFO 20184 --- [pool-2-thread-1] c.u.service.TimetableGenerationService   : [PRIORITY] depth=3 selected=CST-1234 cmr=1x2 shape=mixed 2x1+1x2 priority=2 combined=false anchor=false options=7 section=f19a0bb5
2026-09-04T21:20:04.821+06:30  INFO 20184 --- [pool-2-thread-1] c.u.service.TimetableGenerationService   : TRACE depth=3 unit=Semester 2 / Section A / CST-1234 / LECTURE course=CST-1234 options=9 mrvScanned=366
2026-09-04T21:20:04.821+06:30  INFO 20184 --- [pool-2-thread-1] c.u.service.TimetableGenerationService   : [PRIORITY] depth=3 selected=CST-1234 cmr=2x1 shape=mixed 2x1+1x2 priority=2 combined=false anchor=false options=9 section=81004274
2026-09-04T21:20:04.821+06:30  INFO 20184 --- [pool-2-thread-1] c.u.service.TimetableGenerationService   : TRACE depth=3 unit=Semester 2 / Section A / CST-1234 / LECTURE course=CST-1234 options=6 mrvScanned=379
2026-09-04T21:20:04.821+06:30  INFO 20184 --- [pool-2-thread-1] c.u.service.TimetableGenerationService   : [PRIORITY] depth=3 selected=CST-1234 cmr=2x1 shape=mixed 2x1+1x2 priority=2 combined=false anchor=false options=6 section=81004274
2026-09-04T21:20:04.821+06:30  INFO 20184 --- [pool-2-thread-1] c.u.service.TimetableGenerationService   : TRACE depth=3 unit=Semester 2 / Section B / CST-1234 / LECTURE course=CST-1234 options=9 mrvScanned=391
2026-09-04T21:20:04.821+06:30  INFO 20184 --- [pool-2-thread-1] c.u.service.TimetableGenerationService   : [PRIORITY] depth=3 selected=CST-1234 cmr=2x1 shape=mixed 2x1+1x2 priority=2 combined=false anchor=false options=9 section=f19a0bb5
2026-09-04T21:20:04.821+06:30  INFO 20184 --- [pool-2-thread-1] c.u.service.TimetableGenerationService   : TRACE depth=3 unit=Semester 2 / Section B / CST-1234 / LECTURE course=CST-1234 options=8 mrvScanned=403
2026-09-04T21:20:04.821+06:30  INFO 20184 --- [pool-2-thread-1] c.u.service.TimetableGenerationService   : [PRIORITY] depth=3 selected=CST-1234 cmr=2x1 shape=mixed 2x1+1x2 priority=2 combined=false anchor=false options=8 section=f19a0bb5
2026-09-04T21:20:04.821+06:30  INFO 20184 --- [pool-2-thread-1] c.u.service.TimetableGenerationService   : TRACE depth=3 unit=Semester 2 / Section C / CST-1234 / LECTURE course=CST-1234 options=11 mrvScanned=414
2026-09-04T21:20:04.821+06:30  INFO 20184 --- [pool-2-thread-1] c.u.service.TimetableGenerationService   : [PRIORITY] depth=3 selected=CST-1234 cmr=1x2 shape=mixed 2x1+1x2 priority=2 combined=false anchor=false options=11 section=adc0d7f4
2026-09-04T21:20:04.821+06:30  INFO 20184 --- [pool-2-thread-1] c.u.service.TimetableGenerationService   : TRACE depth=3 unit=Semester 2 / Section C / CST-1234 / LECTURE course=CST-1234 options=13 mrvScanned=424
2026-09-04T21:20:04.837+06:30  INFO 20184 --- [pool-2-thread-1] c.u.service.TimetableGenerationService   : [PRIORITY] depth=3 selected=CST-1234 cmr=2x1 shape=mixed 2x1+1x2 priority=2 combined=false anchor=false options=13 section=adc0d7f4
2026-09-04T21:20:04.837+06:30  INFO 20184 --- [pool-2-thread-1] c.u.service.TimetableGenerationService   : TRACE depth=3 unit=Semester 2 / Section C / CST-1234 / LECTURE course=CST-1234 options=9 mrvScanned=434
2026-09-04T21:20:04.837+06:30  INFO 20184 --- [pool-2-thread-1] c.u.service.TimetableGenerationService   : [PRIORITY] depth=3 selected=CST-1234 cmr=2x1 shape=mixed 2x1+1x2 priority=2 combined=false anchor=false options=9 section=adc0d7f4
2026-09-04T21:20:04.837+06:30  INFO 20184 --- [pool-2-thread-1] c.u.service.TimetableGenerationService   : TRACE depth=3 unit=Semester 2 / Section A / CST-1212 / LAB course=CST-1212 options=5 mrvScanned=443
2026-09-04T21:20:04.837+06:30  INFO 20184 --- [pool-2-thread-1] c.u.service.TimetableGenerationService   :   option: Monday P5-P6
2026-09-04T21:20:04.839+06:30  INFO 20184 --- [pool-2-thread-1] c.u.service.TimetableGenerationService   :   option: Wednesday P5-P6
2026-09-04T21:20:04.839+06:30  INFO 20184 --- [pool-2-thread-1] c.u.service.TimetableGenerationService   :   option: Thursday P4-P5
2026-09-04T21:20:04.839+06:30  INFO 20184 --- [pool-2-thread-1] c.u.service.TimetableGenerationService   :   option: Friday P1-P2
2026-09-04T21:20:04.839+06:30  INFO 20184 --- [pool-2-thread-1] c.u.service.TimetableGenerationService   :   option: Friday P2-P3
2026-09-04T21:20:04.839+06:30  INFO 20184 --- [pool-2-thread-1] c.u.service.TimetableGenerationService   : [PRIORITY] depth=3 selected=CST-1212 cmr=2x2 shape=2x2 priority=3 combined=false anchor=false options=5 section=81004274
2026-09-04T21:20:04.839+06:30  INFO 20184 --- [pool-2-thread-1] c.u.service.TimetableGenerationService   : TRACE depth=3 unit=Semester 2 / Section A / CST-1212 / LAB course=CST-1212 options=4 mrvScanned=452
2026-09-04T21:20:04.839+06:30  INFO 20184 --- [pool-2-thread-1] c.u.service.TimetableGenerationService   :   option: Monday P5-P6
2026-09-04T21:20:04.839+06:30  INFO 20184 --- [pool-2-thread-1] c.u.service.TimetableGenerationService   :   option: Thursday P4-P5
2026-09-04T21:20:04.839+06:30  INFO 20184 --- [pool-2-thread-1] c.u.service.TimetableGenerationService   :   option: Friday P1-P2
2026-09-04T21:20:04.839+06:30  INFO 20184 --- [pool-2-thread-1] c.u.service.TimetableGenerationService   :   option: Friday P2-P3
2026-09-04T21:20:04.839+06:30  INFO 20184 --- [pool-2-thread-1] c.u.service.TimetableGenerationService   : [PRIORITY] depth=3 selected=CST-1212 cmr=2x2 shape=2x2 priority=3 combined=false anchor=false options=4 section=81004274
2026-09-04T21:20:04.839+06:30  INFO 20184 --- [pool-2-thread-1] c.u.service.TimetableGenerationService   : TRACE depth=4 unit=Semester 2 / Section A / P-1201 / LECTURE course=P-1201 options=3 mrvScanned=460
2026-09-04T21:20:04.839+06:30  INFO 20184 --- [pool-2-thread-1] c.u.service.TimetableGenerationService   :   option: Thursday P4-P5
2026-09-04T21:20:04.839+06:30  INFO 20184 --- [pool-2-thread-1] c.u.service.TimetableGenerationService   :   option: Friday P1-P2
2026-09-04T21:20:04.844+06:30  INFO 20184 --- [pool-2-thread-1] c.u.service.TimetableGenerationService   :   option: Friday P2-P3
2026-09-04T21:20:04.844+06:30  INFO 20184 --- [pool-2-thread-1] c.u.service.TimetableGenerationService   : [PRIORITY] depth=4 selected=P-1201 cmr=2x2 shape=2x2 priority=3 combined=false anchor=false options=3 section=81004274
2026-09-04T21:20:04.844+06:30  INFO 20184 --- [pool-2-thread-1] c.u.service.TimetableGenerationService   : TRACE depth=4 unit=Semester 2 / Section A / P-1201 / LECTURE course=P-1201 options=2 mrvScanned=468
2026-09-04T21:20:04.844+06:30  INFO 20184 --- [pool-2-thread-1] c.u.service.TimetableGenerationService   :   option: Friday P1-P2
2026-09-04T21:20:04.844+06:30  INFO 20184 --- [pool-2-thread-1] c.u.service.TimetableGenerationService   :   option: Friday P2-P3
2026-09-04T21:20:04.844+06:30  INFO 20184 --- [pool-2-thread-1] c.u.service.TimetableGenerationService   : [PRIORITY] depth=4 selected=P-1201 cmr=2x2 shape=2x2 priority=3 combined=false anchor=false options=2 section=81004274
2026-09-04T21:20:04.844+06:30  INFO 20184 --- [pool-2-thread-1] c.u.service.TimetableGenerationService   : TRACE depth=4 unit=Semester 2 / Section B / P-1201 / LECTURE course=P-1201 options=3 mrvScanned=475
2026-09-04T21:20:04.844+06:30  INFO 20184 --- [pool-2-thread-1] c.u.service.TimetableGenerationService   :   option: Tuesday P4-P5
2026-09-04T21:20:04.844+06:30  INFO 20184 --- [pool-2-thread-1] c.u.service.TimetableGenerationService   :   option: Wednesday P4-P5
2026-09-04T21:20:04.846+06:30  INFO 20184 --- [pool-2-thread-1] c.u.service.TimetableGenerationService   :   option: Friday P3-P4
2026-09-04T21:20:04.846+06:30  INFO 20184 --- [pool-2-thread-1] c.u.service.TimetableGenerationService   : [PRIORITY] depth=4 selected=P-1201 cmr=2x2 shape=2x2 priority=3 combined=false anchor=false options=3 section=f19a0bb5
2026-09-04T21:20:04.846+06:30  INFO 20184 --- [pool-2-thread-1] c.u.service.TimetableGenerationService   : TRACE depth=4 unit=Semester 2 / Section B / P-1201 / LECTURE course=P-1201 options=2 mrvScanned=482
2026-09-04T21:20:04.846+06:30  INFO 20184 --- [pool-2-thread-1] c.u.service.TimetableGenerationService   :   option: Wednesday P4-P5
2026-09-04T21:20:04.846+06:30  INFO 20184 --- [pool-2-thread-1] c.u.service.TimetableGenerationService   :   option: Friday P3-P4
2026-09-04T21:20:04.846+06:30  INFO 20184 --- [pool-2-thread-1] c.u.service.TimetableGenerationService   : [PRIORITY] depth=4 selected=P-1201 cmr=2x2 shape=2x2 priority=3 combined=false anchor=false options=2 section=f19a0bb5
2026-09-04T21:20:04.846+06:30  INFO 20184 --- [pool-2-thread-1] c.u.service.TimetableGenerationService   : TRACE depth=4 unit=Semester 2 / Section B / CST-1212 / LAB course=CST-1212 options=4 mrvScanned=488
2026-09-04T21:20:04.848+06:30  INFO 20184 --- [pool-2-thread-1] c.u.service.TimetableGenerationService   :   option: Thursday P4-P5
2026-09-04T21:20:04.848+06:30  INFO 20184 --- [pool-2-thread-1] c.u.service.TimetableGenerationService   :   option: Thursday P5-P6
2026-09-04T21:20:04.848+06:30  INFO 20184 --- [pool-2-thread-1] c.u.service.TimetableGenerationService   :   option: Friday P2-P3
2026-09-04T21:20:04.848+06:30  INFO 20184 --- [pool-2-thread-1] c.u.service.TimetableGenerationService   :   option: Friday P3-P4
2026-09-04T21:20:04.848+06:30  INFO 20184 --- [pool-2-thread-1] c.u.service.TimetableGenerationService   : [PRIORITY] depth=4 selected=CST-1212 cmr=2x2 shape=2x2 priority=3 combined=false anchor=false options=4 section=f19a0bb5
2026-09-04T21:20:04.848+06:30  INFO 20184 --- [pool-2-thread-1] c.u.service.TimetableGenerationService   : TRACE depth=4 unit=Semester 2 / Section B / CST-1212 / LAB course=CST-1212 options=2 mrvScanned=494
2026-09-04T21:20:04.848+06:30  INFO 20184 --- [pool-2-thread-1] c.u.service.TimetableGenerationService   :   option: Friday P2-P3
2026-09-04T21:20:04.848+06:30  INFO 20184 --- [pool-2-thread-1] c.u.service.TimetableGenerationService   :   option: Friday P3-P4
2026-09-04T21:20:04.848+06:30  INFO 20184 --- [pool-2-thread-1] c.u.service.TimetableGenerationService   : [PRIORITY] depth=4 selected=CST-1212 cmr=2x2 shape=2x2 priority=3 combined=false anchor=false options=2 section=f19a0bb5
2026-09-04T21:20:04.850+06:30  INFO 20184 --- [pool-2-thread-1] c.u.service.TimetableGenerationService   : TRACE depth=5 unit=Semester 2 / Section C / P-1201 / LECTURE course=P-1201 options=9 mrvScanned=499
2026-09-04T21:20:04.850+06:30  INFO 20184 --- [pool-2-thread-1] c.u.service.TimetableGenerationService   : [PRIORITY] depth=5 selected=P-1201 cmr=2x2 shape=2x2 priority=3 combined=false anchor=false options=9 section=adc0d7f4
2026-09-04T21:20:04.850+06:30  INFO 20184 --- [pool-2-thread-1] c.u.service.TimetableGenerationService   : TRACE depth=5 unit=Semester 2 / Section C / CST-1212 / LAB course=CST-1212 options=8 mrvScanned=504
2026-09-04T21:20:04.850+06:30  INFO 20184 --- [pool-2-thread-1] c.u.service.TimetableGenerationService   : [PRIORITY] depth=5 selected=CST-1212 cmr=2x2 shape=2x2 priority=3 combined=false anchor=false options=8 section=adc0d7f4
2026-09-04T21:20:04.850+06:30  INFO 20184 --- [pool-2-thread-1] c.u.service.TimetableGenerationService   : TRACE depth=5 unit=Semester 2 / Section C / CST-1212 / LAB course=CST-1212 options=7 mrvScanned=509
2026-09-04T21:20:04.850+06:30  INFO 20184 --- [pool-2-thread-1] c.u.service.TimetableGenerationService   : [PRIORITY] depth=5 selected=CST-1212 cmr=2x2 shape=2x2 priority=3 combined=false anchor=false options=7 section=adc0d7f4
2026-09-04T21:20:04.852+06:30  INFO 20184 --- [pool-2-thread-1] c.u.service.TimetableGenerationService   : TRACE depth=8 unit=Semester 2 / Section C / P-1201 / LECTURE course=P-1201 options=5 mrvScanned=513
2026-09-04T21:20:04.852+06:30  INFO 20184 --- [pool-2-thread-1] c.u.service.TimetableGenerationService   :   option: Monday P4-P5
2026-09-04T21:20:04.852+06:30  INFO 20184 --- [pool-2-thread-1] c.u.service.TimetableGenerationService   :   option: Tuesday P2-P3
2026-09-04T21:20:04.852+06:30  INFO 20184 --- [pool-2-thread-1] c.u.service.TimetableGenerationService   :   option: Friday P3-P4
2026-09-04T21:20:04.852+06:30  INFO 20184 --- [pool-2-thread-1] c.u.service.TimetableGenerationService   :   option: Friday P4-P5
2026-09-04T21:20:04.852+06:30  INFO 20184 --- [pool-2-thread-1] c.u.service.TimetableGenerationService   :   option: Friday P5-P6
2026-09-04T21:20:04.852+06:30  INFO 20184 --- [pool-2-thread-1] c.u.service.TimetableGenerationService   : [PRIORITY] depth=8 selected=P-1201 cmr=2x2 shape=2x2 priority=3 combined=false anchor=false options=5 section=adc0d7f4
2026-09-04T21:20:04.852+06:30  INFO 20184 --- [pool-2-thread-1] c.u.service.TimetableGenerationService   : TRACE depth=9 unit=Semester 2 / Section C / E-1201 / LECTURE course=E-1201 options=6 mrvScanned=516
2026-09-04T21:20:04.852+06:30  INFO 20184 --- [pool-2-thread-1] c.u.service.TimetableGenerationService   : [PRIORITY] depth=9 selected=E-1201 cmr=2x2 shape=2x2 priority=3 combined=false anchor=false options=6 section=adc0d7f4
2026-09-04T21:20:04.852+06:30  INFO 20184 --- [pool-2-thread-1] c.u.service.TimetableGenerationService   : TRACE depth=9 unit=Semester 2 / Section C / E-1201 / LECTURE course=E-1201 options=5 mrvScanned=519
2026-09-04T21:20:04.852+06:30  INFO 20184 --- [pool-2-thread-1] c.u.service.TimetableGenerationService   :   option: Tuesday P4-P5
2026-09-04T21:20:04.852+06:30  INFO 20184 --- [pool-2-thread-1] c.u.service.TimetableGenerationService   :   option: Wednesday P4-P5
2026-09-04T21:20:04.852+06:30  INFO 20184 --- [pool-2-thread-1] c.u.service.TimetableGenerationService   :   option: Wednesday P5-P6
2026-09-04T21:20:04.852+06:30  INFO 20184 --- [pool-2-thread-1] c.u.service.TimetableGenerationService   :   option: Thursday P4-P5
2026-09-04T21:20:04.852+06:30  INFO 20184 --- [pool-2-thread-1] c.u.service.TimetableGenerationService   :   option: Thursday P5-P6
2026-09-04T21:20:04.852+06:30  INFO 20184 --- [pool-2-thread-1] c.u.service.TimetableGenerationService   : [PRIORITY] depth=9 selected=E-1201 cmr=2x2 shape=2x2 priority=3 combined=false anchor=false options=5 section=adc0d7f4
2026-09-04T21:20:04.852+06:30  INFO 20184 --- [pool-2-thread-1] c.u.service.TimetableGenerationService   : TRACE depth=9 unit=Semester 2 / Section C / M-1201 / LECTURE course=M-1201 options=6 mrvScanned=521
2026-09-04T21:20:04.852+06:30  INFO 20184 --- [pool-2-thread-1] c.u.service.TimetableGenerationService   : [PRIORITY] depth=9 selected=M-1201 cmr=2x2 shape=2x2 priority=3 combined=false anchor=false options=6 section=adc0d7f4
2026-09-04T21:20:04.852+06:30  INFO 20184 --- [pool-2-thread-1] c.u.service.TimetableGenerationService   : TRACE depth=9 unit=Semester 2 / Section C / M-1201 / LECTURE course=M-1201 options=5 mrvScanned=523
2026-09-04T21:20:04.852+06:30  INFO 20184 --- [pool-2-thread-1] c.u.service.TimetableGenerationService   :   option: Monday P4-P5
2026-09-04T21:20:04.852+06:30  INFO 20184 --- [pool-2-thread-1] c.u.service.TimetableGenerationService   :   option: Wednesday P4-P5
2026-09-04T21:20:04.852+06:30  INFO 20184 --- [pool-2-thread-1] c.u.service.TimetableGenerationService   :   option: Wednesday P5-P6
2026-09-04T21:20:04.852+06:30  INFO 20184 --- [pool-2-thread-1] c.u.service.TimetableGenerationService   :   option: Thursday P4-P5
2026-09-04T21:20:04.852+06:30  INFO 20184 --- [pool-2-thread-1] c.u.service.TimetableGenerationService   :   option: Thursday P5-P6
2026-09-04T21:20:04.852+06:30  INFO 20184 --- [pool-2-thread-1] c.u.service.TimetableGenerationService   : [PRIORITY] depth=9 selected=M-1201 cmr=2x2 shape=2x2 priority=3 combined=false anchor=false options=5 section=adc0d7f4
2026-09-04T21:20:04.852+06:30  INFO 20184 --- [pool-2-thread-1] c.u.service.TimetableGenerationService   : ElectiveGroupCombinations: Main solver SOLVED (depth=0, combo#2, nodes=128)
2026-09-04T21:20:04.852+06:30  INFO 20184 --- [pool-2-thread-1] c.u.service.TimetableGenerationService   : [DIAG Sem-2] nodes=45, mrvCalls=45, mrvUnitsScanned=525, gvpCalls=318, canPlaceCalls=7963, totalOptions=8705, scoringCalls=418
2026-09-04T21:20:04.852+06:30  INFO 20184 --- [pool-2-thread-1] c.u.service.TimetableGenerationService   : [DIAG Sem-2] timing: mrv=1ms, gvp=0ms, canPlace=0ms, scoring=1ms
2026-09-04T21:20:04.852+06:30  INFO 20184 --- [pool-2-thread-1] c.u.service.TimetableGenerationService   : [DIAG Sem-2] placements=45, backtracks=0
2026-09-04T21:20:04.852+06:30  INFO 20184 --- [pool-2-thread-1] c.u.service.TimetableGenerationService   : [DIAG Sem-2] cache: hits=252, misses=273, invalidations=228
2026-09-04T21:20:04.852+06:30  INFO 20184 --- [pool-2-thread-1] c.u.service.TimetableGenerationService   : [DIAG Sem-2] feasibility: checks=0, prunes=0
2026-09-04T21:20:04.852+06:30  INFO 20184 --- [pool-2-thread-1] c.u.service.TimetableGenerationService   : [DIAG Sem-2] electiveCombos: attempted=0, crossSectionPruned=0, feasibilityPruned=0, solved=0, failedSolver=0
2026-09-04T21:20:04.852+06:30  INFO 20184 --- [pool-2-thread-1] c.u.service.TimetableGenerationService   : [DIAG Sem-2] depth profile (depth: unplaced/units/gvp/canPlace/options): 0:63/37/965/20 | 1:144/28/730/16 | 2:221/26/680/12 | 3:7196/169/4228/4 | 4:2867/21/495/2 | 5:1512/14/330/7 | 6:0/0/0/0 | 7:0/0/0/0 | 8:513/5/115/5 | 9:2079/14/330/5 | 10:0/0/0/0 | 11:1049/4/90/2 | 
2026-09-04T21:20:04.852+06:30  INFO 20184 --- [pool-2-thread-1] c.u.service.TimetableGenerationService   : SEMESTER Sem-2 SOLVED in 47ms: 128 schedules placed, combos=2, nodes=128
2026-09-04T21:20:04.852+06:30  INFO 20184 --- [pool-2-thread-1] c.u.service.TimetableGenerationService   : SEMESTER Sem-5: 44 scheduling units, deadline=1788533464694ms, frozenStaff=18, frozenSections=7
2026-09-04T21:20:04.852+06:30  INFO 20184 --- [pool-2-thread-1] c.u.service.TimetableGenerationService   : SEMESTER Sem-5: 3 elective groups (candidates: [9, 9, 9])
2026-09-04T21:20:04.852+06:30  INFO 20184 --- [pool-2-thread-1] c.u.service.TimetableGenerationService   : ElectiveGroupPrecheck: group=45088805-eefe-47b3-a7d4-eed0c8ec7f0c|f19a0bb5-347a-4b40-aa0a-dd7062a0d64e section=f19a0bb5-347a-4b40-aa0a-dd7062a0d64e rawCandidates=9
2026-09-04T21:20:04.852+06:30  INFO 20184 --- [pool-2-thread-1] c.u.service.TimetableGenerationService   : ElectiveGroupPrecheck: group=45088805-eefe-47b3-a7d4-eed0c8ec7f0c|81004274-cf05-491f-b1a3-7c8e3d5c77e7 section=81004274-cf05-491f-b1a3-7c8e3d5c77e7 rawCandidates=9
2026-09-04T21:20:04.852+06:30  INFO 20184 --- [pool-2-thread-1] c.u.service.TimetableGenerationService   : ElectiveGroupPrecheck: group=45088805-eefe-47b3-a7d4-eed0c8ec7f0c|adc0d7f4-3075-41d0-9366-c6e8b80f0a27 section=adc0d7f4-3075-41d0-9366-c6e8b80f0a27 rawCandidates=9
2026-09-04T21:20:04.852+06:30 DEBUG 20184 --- [pool-2-thread-1] c.u.service.TimetableGenerationService   : ElectiveGroupCombinations: depth=0 pattern 1/9 pruned by forward check
2026-09-04T21:20:04.852+06:30 DEBUG 20184 --- [pool-2-thread-1] c.u.service.TimetableGenerationService   : ElectiveGroupCombinations: depth=0 pattern 2/9 pruned by forward check
2026-09-04T21:20:04.863+06:30 DEBUG 20184 --- [pool-2-thread-1] c.u.service.TimetableGenerationService   : ElectiveGroupCombinations: depth=0 pattern 3/9 pruned by forward check
2026-09-04T21:20:04.863+06:30 DEBUG 20184 --- [pool-2-thread-1] c.u.service.TimetableGenerationService   : ElectiveGroupCombinations: depth=0 pattern 4/9 pruned by forward check
2026-09-04T21:20:04.863+06:30 DEBUG 20184 --- [pool-2-thread-1] c.u.service.TimetableGenerationService   : ElectiveGroupCombinations: depth=0 pattern 5/9 pruned by forward check
2026-09-04T21:20:04.863+06:30 DEBUG 20184 --- [pool-2-thread-1] c.u.service.TimetableGenerationService   : ElectiveGroupCombinations: depth=0 pattern 6/9 pruned by forward check
2026-09-04T21:20:04.863+06:30 DEBUG 20184 --- [pool-2-thread-1] c.u.service.TimetableGenerationService   : ElectiveGroupCombinations: depth=0 pattern 7/9 pruned by forward check
2026-09-04T21:20:04.863+06:30 DEBUG 20184 --- [pool-2-thread-1] c.u.service.TimetableGenerationService   : ElectiveGroupCombinations: depth=0 pattern 8/9 pruned by forward check
2026-09-04T21:20:04.868+06:30 DEBUG 20184 --- [pool-2-thread-1] c.u.service.TimetableGenerationService   : ElectiveGroupCombinations: depth=0 pattern 9/9 pruned by forward check
2026-09-04T21:20:04.868+06:30  INFO 20184 --- [pool-2-thread-1] c.u.service.TimetableGenerationService   : [DIAG Sem-5] nodes=45, mrvCalls=45, mrvUnitsScanned=525, gvpCalls=633, canPlaceCalls=16783, totalOptions=8705, scoringCalls=418
2026-09-04T21:20:04.869+06:30  INFO 20184 --- [pool-2-thread-1] c.u.service.TimetableGenerationService   : [DIAG Sem-5] timing: mrv=1ms, gvp=0ms, canPlace=0ms, scoring=1ms
2026-09-04T21:20:04.869+06:30  INFO 20184 --- [pool-2-thread-1] c.u.service.TimetableGenerationService   : [DIAG Sem-5] placements=45, backtracks=0
2026-09-04T21:20:04.869+06:30  INFO 20184 --- [pool-2-thread-1] c.u.service.TimetableGenerationService   : [DIAG Sem-5] cache: hits=252, misses=273, invalidations=228
2026-09-04T21:20:04.869+06:30  INFO 20184 --- [pool-2-thread-1] c.u.service.TimetableGenerationService   : [DIAG Sem-5] feasibility: checks=9, prunes=9
2026-09-04T21:20:04.869+06:30  INFO 20184 --- [pool-2-thread-1] c.u.service.TimetableGenerationService   : [DIAG Sem-5] electiveCombos: attempted=0, crossSectionPruned=0, feasibilityPruned=0, solved=0, failedSolver=0
2026-09-04T21:20:04.869+06:30  INFO 20184 --- [pool-2-thread-1] c.u.service.TimetableGenerationService   : [DIAG Sem-5] depth profile (depth: unplaced/units/gvp/canPlace/options): 0:63/37/965/20 | 1:144/28/730/16 | 2:221/26/680/12 | 3:7196/169/4228/4 | 4:2867/21/495/2 | 5:1512/14/330/7 | 6:0/0/0/0 | 7:0/0/0/0 | 8:513/5/115/5 | 9:2079/14/330/5 | 10:0/0/0/0 | 11:1049/4/90/2 | 
2026-09-04T21:20:04.869+06:30  INFO 20184 --- [pool-2-thread-1] c.u.service.TimetableGenerationService   : SEMESTER Sem-5 FAILED in 16ms: electiveCombos=2, nodes=128
2026-09-04T21:20:04.869+06:30  INFO 20184 --- [pool-2-thread-1] c.u.service.TimetableGenerationService   : SolverContext [Sem-5]: combos=2, solveAttempts=2, nodes=128, forwardPrunes=9, prefilterSkipped=301, elapsed=175ms, timeUp=false
2026-09-04T21:20:04.869+06:30  INFO 20184 --- [pool-2-thread-1] c.u.service.GenerationSnapshot           : [SNAPSHOT] FAILED generationId=fb78632d-5cce-46ca-8388-778570eb0847 snapshotId=e88b6581-4cb0-48ff-978d-7ca78722ae05
2026-09-04T21:20:04.869+06:30  INFO 20184 --- [pool-2-thread-1] c.u.service.GenerationSnapshot           : [SNAPSHOT] REMOVED generationId=fb78632d-5cce-46ca-8388-778570eb0847 snapshotId=e88b6581-4cb0-48ff-978d-7ca78722ae05
2026-09-04T21:20:04.935+06:30 ERROR 20184 --- [pool-2-thread-1] c.u.service.TimetableGenerationService   : Background timetable generation failed for generation fb78632d-5cce-46ca-8388-778570eb0847

com.unicconnect.exception.BusinessRuleException: Timetable generation failed:

	at com.unicconnect.service.TimetableGenerationService.runGenerationBackground(TimetableGenerationService.java:1207) ~[classes/:na]
	at java.base/jdk.internal.reflect.DirectMethodHandleAccessor.invoke(DirectMethodHandleAccessor.java:103) ~[na:na]
	at java.base/java.lang.reflect.Method.invoke(Method.java:580) ~[na:na]
	at org.springframework.aop.support.AopUtils.invokeJoinpointUsingReflection(AopUtils.java:354) ~[spring-aop-6.1.6.jar:6.1.6]
	at org.springframework.aop.framework.ReflectiveMethodInvocation.invokeJoinpoint(ReflectiveMethodInvocation.java:196) ~[spring-aop-6.1.6.jar:6.1.6]
	at org.springframework.aop.framework.ReflectiveMethodInvocation.proceed(ReflectiveMethodInvocation.java:163) ~[spring-aop-6.1.6.jar:6.1.6]
	at org.springframework.aop.framework.CglibAopProxy$CglibMethodInvocation.proceed(CglibAopProxy.java:768) ~[spring-aop-6.1.6.jar:6.1.6]
	at org.springframework.transaction.interceptor.TransactionInterceptor$1.proceedWithInvocation(TransactionInterceptor.java:123) ~[spring-tx-6.1.6.jar:6.1.6]
	at org.springframework.transaction.interceptor.TransactionAspectSupport.invokeWithinTransaction(TransactionAspectSupport.java:392) ~[spring-tx-6.1.6.jar:6.1.6]
	at org.springframework.transaction.interceptor.TransactionInterceptor.invoke(TransactionInterceptor.java:119) ~[spring-tx-6.1.6.jar:6.1.6]
	at org.springframework.aop.framework.ReflectiveMethodInvocation.proceed(ReflectiveMethodInvocation.java:184) ~[spring-aop-6.1.6.jar:6.1.6]
	at org.springframework.aop.framework.CglibAopProxy$CglibMethodInvocation.proceed(CglibAopProxy.java:768) ~[spring-aop-6.1.6.jar:6.1.6]
	at org.springframework.aop.framework.CglibAopProxy$DynamicAdvisedInterceptor.intercept(CglibAopProxy.java:720) ~[spring-aop-6.1.6.jar:6.1.6]
	at com.unicconnect.service.TimetableGenerationService$$SpringCGLIB$$1.runGenerationBackground(<generated>) ~[classes/:na]
	at java.base/jdk.internal.reflect.DirectMethodHandleAccessor.invoke(DirectMethodHandleAccessor.java:103) ~[na:na]
	at java.base/java.lang.reflect.Method.invoke(Method.java:580) ~[na:na]
	at org.springframework.aop.support.AopUtils.invokeJoinpointUsingReflection(AopUtils.java:354) ~[spring-aop-6.1.6.jar:6.1.6]
	at org.springframework.aop.framework.CglibAopProxy$DynamicAdvisedInterceptor.intercept(CglibAopProxy.java:716) ~[spring-aop-6.1.6.jar:6.1.6]
	at com.unicconnect.service.TimetableGenerationService$$SpringCGLIB$$0.runGenerationBackground(<generated>) ~[classes/:na]
	at com.unicconnect.service.TimetableGenerationService$1.lambda$afterCommit$0(TimetableGenerationService.java:653) ~[classes/:na]
	at java.base/java.util.concurrent.Executors$RunnableAdapter.call(Executors.java:572) ~[na:na]
	at java.base/java.util.concurrent.FutureTask.run(FutureTask.java:317) ~[na:na]
	at java.base/java.util.concurrent.ThreadPoolExecutor.runWorker(ThreadPoolExecutor.java:1144) ~[na:na]
	at java.base/java.util.concurrent.ThreadPoolExecutor$Worker.run(ThreadPoolExecutor.java:642) ~[na:na]
	at java.base/java.lang.Thread.run(Thread.java:1583) ~[na:na]

2026-09-04T21:20:04.997+06:30  INFO 20184 --- [pool-2-thread-1] c.u.service.GenerationSnapshot           : [SNAPSHOT] LOOKUP generationId=fb78632d-5cce-46ca-8388-778570eb0847 found=false status=null
2026-09-04T21:20:05.126+06:30  WARN 20184 --- [pool-2-thread-1] c.u.service.TimetableGenerationService   : Generation fb78632d-5cce-46ca-8388-778570eb0847 marked FAILED after a background worker failure
2026-09-04T21:20:06.929+06:30 DEBUG 20184 --- [nio-8080-exec-9] o.s.security.web.FilterChainProxy        : Securing GET /api/generations/fb78632d-5cce-46ca-8388-778570eb0847/lock
2026-09-04T21:20:06.945+06:30 DEBUG 20184 --- [nio-8080-exec-9] o.s.s.w.a.AnonymousAuthenticationFilter  : Set SecurityContextHolder to anonymous SecurityContext
2026-09-04T21:20:06.961+06:30 DEBUG 20184 --- [nio-8080-exec-8] o.s.security.web.FilterChainProxy        : Securing POST /api/auth/refresh
2026-09-04T21:20:06.961+06:30 DEBUG 20184 --- [nio-8080-exec-8] o.s.s.w.a.AnonymousAuthenticationFilter  : Set SecurityContextHolder to anonymous SecurityContext
2026-09-04T21:20:06.961+06:30 DEBUG 20184 --- [nio-8080-exec-8] o.s.security.web.FilterChainProxy        : Secured POST /api/auth/refresh
2026-09-04T21:20:07.724+06:30 DEBUG 20184 --- [nio-8080-exec-7] o.s.security.web.FilterChainProxy        : Securing GET /api/generations/fb78632d-5cce-46ca-8388-778570eb0847/lock
2026-09-04T21:20:07.724+06:30 DEBUG 20184 --- [nio-8080-exec-7] o.s.security.web.FilterChainProxy        : Secured GET /api/generations/fb78632d-5cce-46ca-8388-778570eb0847/lock
2026-09-04T21:20:08.107+06:30 DEBUG 20184 --- [nio-8080-exec-5] o.s.security.web.FilterChainProxy        : Securing POST /api/generations/fb78632d-5cce-46ca-8388-778570eb0847/lock
2026-09-04T21:20:08.107+06:30 DEBUG 20184 --- [nio-8080-exec-5] o.s.security.web.FilterChainProxy        : Secured POST /api/generations/fb78632d-5cce-46ca-8388-778570eb0847/lock
2026-09-04T21:20:11.776+06:30 DEBUG 20184 --- [nio-8080-exec-3] o.s.security.web.FilterChainProxy        : Securing GET /api/generations/fb78632d-5cce-46ca-8388-778570eb0847
2026-09-04T21:20:11.776+06:30 DEBUG 20184 --- [nio-8080-exec-3] o.s.security.web.FilterChainProxy        : Secured GET /api/generations/fb78632d-5cce-46ca-8388-778570eb0847
2026-09-04T21:20:58.279+06:30 DEBUG 20184 --- [nio-8080-exec-2] o.s.security.web.FilterChainProxy        : Securing GET /api/generations/fb78632d-5cce-46ca-8388-778570eb0847
2026-09-04T21:20:58.279+06:30 DEBUG 20184 --- [nio-8080-exec-2] o.s.security.web.FilterChainProxy        : Secured GET /api/generations/fb78632d-5cce-46ca-8388-778570eb0847
2026-09-04T21:21:06.925+06:30 DEBUG 20184 --- [nio-8080-exec-8] o.s.security.web.FilterChainProxy        : Securing GET /api/generations/fb78632d-5cce-46ca-8388-778570eb0847/lock
2026-09-04T21:21:06.929+06:30 DEBUG 20184 --- [nio-8080-exec-8] o.s.security.web.FilterChainProxy        : Secured GET /api/generations/fb78632d-5cce-46ca-8388-778570eb0847/lock
2026-09-04T21:21:06.983+06:30 DEBUG 20184 --- [nio-8080-exec-4] o.s.security.web.FilterChainProxy        : Securing GET /api/users
2026-09-04T21:21:06.984+06:30 DEBUG 20184 --- [nio-8080-exec-4] o.s.security.web.FilterChainProxy        : Secured GET /api/users
2026-09-04T21:21:07.000+06:30 DEBUG 20184 --- [io-8080-exec-10] o.s.security.web.FilterChainProxy        : Securing GET /api/staff
2026-09-04T21:21:07.000+06:30 DEBUG 20184 --- [nio-8080-exec-7] o.s.security.web.FilterChainProxy        : Securing GET /api/students
2026-09-04T21:21:07.000+06:30 DEBUG 20184 --- [io-8080-exec-10] o.s.security.web.FilterChainProxy        : Secured GET /api/staff
2026-09-04T21:21:07.000+06:30 DEBUG 20184 --- [nio-8080-exec-7] o.s.security.web.FilterChainProxy        : Secured GET /api/students
2026-09-04T21:21:07.159+06:30 DEBUG 20184 --- [nio-8080-exec-5] o.s.security.web.FilterChainProxy        : Securing POST /api/generations/fb78632d-5cce-46ca-8388-778570eb0847/lock
2026-09-04T21:21:07.159+06:30 DEBUG 20184 --- [nio-8080-exec-5] o.s.security.web.FilterChainProxy        : Secured POST /api/generations/fb78632d-5cce-46ca-8388-778570eb0847/lock
2026-09-04T21:22:06.872+06:30 DEBUG 20184 --- [nio-8080-exec-2] o.s.security.web.FilterChainProxy        : Securing GET /api/generations/fb78632d-5cce-46ca-8388-778570eb0847/lock
2026-09-04T21:22:06.872+06:30 DEBUG 20184 --- [nio-8080-exec-2] o.s.security.web.FilterChainProxy        : Secured GET /api/generations/fb78632d-5cce-46ca-8388-778570eb0847/lock
2026-09-04T21:22:07.050+06:30 DEBUG 20184 --- [nio-8080-exec-6] o.s.security.web.FilterChainProxy        : Securing POST /api/generations/fb78632d-5cce-46ca-8388-778570eb0847/lock
2026-09-04T21:22:07.053+06:30 DEBUG 20184 --- [nio-8080-exec-6] o.s.security.web.FilterChainProxy        : Secured POST /api/generations/fb78632d-5cce-46ca-8388-778570eb0847/lock
2026-09-04T21:23:05.356+06:30 DEBUG 20184 --- [io-8080-exec-10] o.s.security.web.FilterChainProxy        : Securing GET /api/timetable-lobbies
2026-09-04T21:23:05.370+06:30 DEBUG 20184 --- [io-8080-exec-10] o.s.security.web.FilterChainProxy        : Secured GET /api/timetable-lobbies
2026-09-04T21:23:05.611+06:30 DEBUG 20184 --- [nio-8080-exec-5] o.s.security.web.FilterChainProxy        : Securing GET /api/generations/fb78632d-5cce-46ca-8388-778570eb0847/lock
2026-09-04T21:23:05.615+06:30 DEBUG 20184 --- [nio-8080-exec-7] o.s.security.web.FilterChainProxy        : Securing GET /api/users
2026-09-04T21:23:05.615+06:30 DEBUG 20184 --- [nio-8080-exec-4] o.s.security.web.FilterChainProxy        : Securing GET /api/staff
2026-09-04T21:23:05.615+06:30 DEBUG 20184 --- [nio-8080-exec-5] o.s.security.web.FilterChainProxy        : Secured GET /api/generations/fb78632d-5cce-46ca-8388-778570eb0847/lock
2026-09-04T21:23:05.615+06:30 DEBUG 20184 --- [nio-8080-exec-7] o.s.security.web.FilterChainProxy        : Secured GET /api/users
2026-09-04T21:23:05.618+06:30 DEBUG 20184 --- [nio-8080-exec-4] o.s.security.web.FilterChainProxy        : Secured GET /api/staff
2026-09-04T21:23:05.620+06:30 DEBUG 20184 --- [nio-8080-exec-3] o.s.security.web.FilterChainProxy        : Securing GET /api/students
2026-09-04T21:23:05.620+06:30 DEBUG 20184 --- [nio-8080-exec-3] o.s.security.web.FilterChainProxy        : Secured GET /api/students
2026-09-04T21:23:05.915+06:30 DEBUG 20184 --- [nio-8080-exec-1] o.s.security.web.FilterChainProxy        : Securing POST /api/generations/fb78632d-5cce-46ca-8388-778570eb0847/lock
2026-09-04T21:23:05.918+06:30 DEBUG 20184 --- [nio-8080-exec-1] o.s.security.web.FilterChainProxy        : Secured POST /api/generations/fb78632d-5cce-46ca-8388-778570eb0847/lock
2026-09-04T21:23:08.784+06:30 DEBUG 20184 --- [nio-8080-exec-2] o.s.security.web.FilterChainProxy        : Securing GET /api/users
2026-09-04T21:23:08.802+06:30 DEBUG 20184 --- [nio-8080-exec-2] o.s.security.web.FilterChainProxy        : Secured GET /api/users
2026-09-04T21:23:08.955+06:30 DEBUG 20184 --- [nio-8080-exec-6] o.s.security.web.FilterChainProxy        : Securing GET /api/staff
2026-09-04T21:23:08.957+06:30 DEBUG 20184 --- [nio-8080-exec-8] o.s.security.web.FilterChainProxy        : Securing GET /api/staff/me
2026-09-04T21:23:08.966+06:30 DEBUG 20184 --- [nio-8080-exec-8] o.s.security.web.FilterChainProxy        : Secured GET /api/staff/me
2026-09-04T21:23:08.966+06:30 DEBUG 20184 --- [nio-8080-exec-9] o.s.security.web.FilterChainProxy        : Securing GET /api/students
2026-09-04T21:23:08.968+06:30 DEBUG 20184 --- [nio-8080-exec-6] o.s.security.web.FilterChainProxy        : Secured GET /api/staff
2026-09-04T21:23:08.977+06:30 DEBUG 20184 --- [nio-8080-exec-9] o.s.security.web.FilterChainProxy        : Secured GET /api/students
2026-09-04T21:23:08.977+06:30 DEBUG 20184 --- [nio-8080-exec-5] o.s.security.web.FilterChainProxy        : Securing GET /api/terms
2026-09-04T21:23:08.981+06:30 DEBUG 20184 --- [nio-8080-exec-5] o.s.security.web.FilterChainProxy        : Secured GET /api/terms
2026-09-04T21:23:09.730+06:30 DEBUG 20184 --- [nio-8080-exec-4] o.s.security.web.FilterChainProxy        : Securing GET /api/terms
2026-09-04T21:23:09.733+06:30 DEBUG 20184 --- [nio-8080-exec-4] o.s.security.web.FilterChainProxy        : Secured GET /api/terms
2026-09-04T21:23:09.846+06:30 DEBUG 20184 --- [nio-8080-exec-1] o.s.security.web.FilterChainProxy        : Securing GET /api/staff/me
2026-09-04T21:23:09.846+06:30 DEBUG 20184 --- [nio-8080-exec-7] o.s.security.web.FilterChainProxy        : Securing GET /api/generations
2026-09-04T21:23:09.848+06:30 DEBUG 20184 --- [nio-8080-exec-3] o.s.security.web.FilterChainProxy        : Securing GET /api/timetable-lobbies
2026-09-04T21:23:09.850+06:30 DEBUG 20184 --- [nio-8080-exec-1] o.s.security.web.FilterChainProxy        : Secured GET /api/staff/me
2026-09-04T21:23:09.850+06:30 DEBUG 20184 --- [nio-8080-exec-3] o.s.security.web.FilterChainProxy        : Secured GET /api/timetable-lobbies
2026-09-04T21:23:09.850+06:30 DEBUG 20184 --- [nio-8080-exec-7] o.s.security.web.FilterChainProxy        : Secured GET /api/generations
2026-09-04T21:23:09.902+06:30 DEBUG 20184 --- [io-8080-exec-10] o.s.security.web.FilterChainProxy        : Securing GET /api/generations/manage?termId=efc68a91-5818-41aa-b4fb-893e240ea0ed
2026-09-04T21:23:09.904+06:30 DEBUG 20184 --- [io-8080-exec-10] o.s.security.web.FilterChainProxy        : Secured GET /api/generations/manage?termId=efc68a91-5818-41aa-b4fb-893e240ea0ed
2026-09-04T21:23:10.537+06:30 DEBUG 20184 --- [nio-8080-exec-2] o.s.security.web.FilterChainProxy        : Securing GET /api/generations
2026-09-04T21:23:10.540+06:30 DEBUG 20184 --- [nio-8080-exec-2] o.s.security.web.FilterChainProxy        : Secured GET /api/generations
2026-09-04T21:23:10.821+06:30 DEBUG 20184 --- [nio-8080-exec-6] o.s.security.web.FilterChainProxy        : Securing GET /api/generations/fb78632d-5cce-46ca-8388-778570eb0847
2026-09-04T21:23:10.821+06:30 DEBUG 20184 --- [nio-8080-exec-5] o.s.security.web.FilterChainProxy        : Securing GET /api/time-slots
2026-09-04T21:23:10.825+06:30 DEBUG 20184 --- [nio-8080-exec-6] o.s.security.web.FilterChainProxy        : Secured GET /api/generations/fb78632d-5cce-46ca-8388-778570eb0847
2026-09-04T21:23:10.827+06:30 DEBUG 20184 --- [nio-8080-exec-5] o.s.security.web.FilterChainProxy        : Secured GET /api/time-slots
2026-09-04T21:23:10.847+06:30 DEBUG 20184 --- [nio-8080-exec-8] o.s.security.web.FilterChainProxy        : Securing GET /api/generations/manage?termId=efc68a91-5818-41aa-b4fb-893e240ea0ed
2026-09-04T21:23:10.854+06:30 DEBUG 20184 --- [nio-8080-exec-8] o.s.security.web.FilterChainProxy        : Secured GET /api/generations/manage?termId=efc68a91-5818-41aa-b4fb-893e240ea0ed
2026-09-04T21:23:11.137+06:30 DEBUG 20184 --- [nio-8080-exec-9] o.s.security.web.FilterChainProxy        : Securing GET /api/generations/fb78632d-5cce-46ca-8388-778570eb0847
2026-09-04T21:23:11.137+06:30 DEBUG 20184 --- [nio-8080-exec-9] o.s.security.web.FilterChainProxy        : Secured GET /api/generations/fb78632d-5cce-46ca-8388-778570eb0847
2026-09-04T21:23:11.160+06:30 DEBUG 20184 --- [nio-8080-exec-4] o.s.security.web.FilterChainProxy        : Securing GET /api/exam-types
2026-09-04T21:23:11.160+06:30 DEBUG 20184 --- [nio-8080-exec-1] o.s.security.web.FilterChainProxy        : Securing GET /api/time-slots
2026-09-04T21:23:11.169+06:30 DEBUG 20184 --- [nio-8080-exec-1] o.s.security.web.FilterChainProxy        : Secured GET /api/time-slots
2026-09-04T21:23:11.169+06:30 DEBUG 20184 --- [nio-8080-exec-4] o.s.security.web.FilterChainProxy        : Secured GET /api/exam-types
2026-09-04T21:23:11.470+06:30 DEBUG 20184 --- [nio-8080-exec-7] o.s.security.web.FilterChainProxy        : Securing GET /api/exam-types
2026-09-04T21:23:11.470+06:30 DEBUG 20184 --- [nio-8080-exec-7] o.s.security.web.FilterChainProxy        : Secured GET /api/exam-types
2026-09-04T21:23:12.089+06:30 DEBUG 20184 --- [io-8080-exec-10] o.s.security.web.FilterChainProxy        : Securing GET /api/timetable-lobbies
2026-09-04T21:23:12.096+06:30 DEBUG 20184 --- [io-8080-exec-10] o.s.security.web.FilterChainProxy        : Secured GET /api/timetable-lobbies
2026-09-04T21:23:16.881+06:30 DEBUG 20184 --- [nio-8080-exec-6] o.s.security.web.FilterChainProxy        : Securing GET /api/timetable-lobbies
2026-09-04T21:23:16.898+06:30 DEBUG 20184 --- [nio-8080-exec-6] o.s.security.web.FilterChainProxy        : Secured GET /api/timetable-lobbies
2026-09-04T21:23:19.679+06:30 DEBUG 20184 --- [nio-8080-exec-5] o.s.security.web.FilterChainProxy        : Securing GET /api/timetable-lobbies
2026-09-04T21:23:19.679+06:30 DEBUG 20184 --- [nio-8080-exec-5] o.s.security.web.FilterChainProxy        : Secured GET /api/timetable-lobbies
2026-09-04T21:23:19.711+06:30 DEBUG 20184 --- [nio-8080-exec-1] o.s.security.web.FilterChainProxy        : Securing GET /api/generations/scope?termId=efc68a91-5818-41aa-b4fb-893e240ea0ed&examTypeId=4f885c79-0eb3-a8b3-d35d-dee741a88907
2026-09-04T21:23:19.712+06:30 DEBUG 20184 --- [nio-8080-exec-1] o.s.security.web.FilterChainProxy        : Secured GET /api/generations/scope?termId=efc68a91-5818-41aa-b4fb-893e240ea0ed&examTypeId=4f885c79-0eb3-a8b3-d35d-dee741a88907
2026-09-04T21:23:19.729+06:30 DEBUG 20184 --- [nio-8080-exec-4] o.s.security.web.FilterChainProxy        : Securing GET /api/generations/manage?termId=efc68a91-5818-41aa-b4fb-893e240ea0ed
2026-09-04T21:23:19.729+06:30 DEBUG 20184 --- [nio-8080-exec-2] o.s.security.web.FilterChainProxy        : Securing GET /api/generations/fb78632d-5cce-46ca-8388-778570eb0847/schedules
2026-09-04T21:23:19.729+06:30 DEBUG 20184 --- [nio-8080-exec-2] o.s.security.web.FilterChainProxy        : Secured GET /api/generations/fb78632d-5cce-46ca-8388-778570eb0847/schedules
2026-09-04T21:23:19.729+06:30 DEBUG 20184 --- [nio-8080-exec-4] o.s.security.web.FilterChainProxy        : Secured GET /api/generations/manage?termId=efc68a91-5818-41aa-b4fb-893e240ea0ed
2026-09-04T21:23:21.641+06:30 DEBUG 20184 --- [nio-8080-exec-9] o.s.security.web.FilterChainProxy        : Securing GET /api/generations/fb78632d-5cce-46ca-8388-778570eb0847/lock
2026-09-04T21:23:21.645+06:30 DEBUG 20184 --- [nio-8080-exec-9] o.s.security.web.FilterChainProxy        : Secured GET /api/generations/fb78632d-5cce-46ca-8388-778570eb0847/lock
2026-09-04T21:23:21.875+06:30 DEBUG 20184 --- [nio-8080-exec-8] o.s.security.web.FilterChainProxy        : Securing POST /api/generations/fb78632d-5cce-46ca-8388-778570eb0847/lock/heartbeat
2026-09-04T21:23:21.877+06:30 DEBUG 20184 --- [nio-8080-exec-8] o.s.security.web.FilterChainProxy        : Secured POST /api/generations/fb78632d-5cce-46ca-8388-778570eb0847/lock/heartbeat
2026-09-04T21:23:22.957+06:30 DEBUG 20184 --- [nio-8080-exec-7] o.s.security.web.FilterChainProxy        : Securing GET /api/timetable-lobbies
2026-09-04T21:23:22.957+06:30 DEBUG 20184 --- [nio-8080-exec-7] o.s.security.web.FilterChainProxy        : Secured GET /api/timetable-lobbies
2026-09-04T21:23:22.987+06:30 DEBUG 20184 --- [nio-8080-exec-3] o.s.security.web.FilterChainProxy        : Securing GET /api/generations/manage?termId=efc68a91-5818-41aa-b4fb-893e240ea0ed
2026-09-04T21:23:22.990+06:30 DEBUG 20184 --- [nio-8080-exec-3] o.s.security.web.FilterChainProxy        : Secured GET /api/generations/manage?termId=efc68a91-5818-41aa-b4fb-893e240ea0ed
2026-09-04T21:23:23.004+06:30 DEBUG 20184 --- [io-8080-exec-10] o.s.security.web.FilterChainProxy        : Securing GET /api/generations/scope?termId=efc68a91-5818-41aa-b4fb-893e240ea0ed&examTypeId=4f885c79-0eb3-a8b3-d35d-dee741a88907
2026-09-04T21:23:23.006+06:30 DEBUG 20184 --- [io-8080-exec-10] o.s.security.web.FilterChainProxy        : Secured GET /api/generations/scope?termId=efc68a91-5818-41aa-b4fb-893e240ea0ed&examTypeId=4f885c79-0eb3-a8b3-d35d-dee741a88907
2026-09-04T21:23:23.006+06:30 DEBUG 20184 --- [nio-8080-exec-6] o.s.security.web.FilterChainProxy        : Securing GET /api/generations/fb78632d-5cce-46ca-8388-778570eb0847/schedules
2026-09-04T21:23:23.006+06:30 DEBUG 20184 --- [nio-8080-exec-6] o.s.security.web.FilterChainProxy        : Secured GET /api/generations/fb78632d-5cce-46ca-8388-778570eb0847/schedules
2026-09-04T21:23:25.653+06:30 DEBUG 20184 --- [nio-8080-exec-1] o.s.security.web.FilterChainProxy        : Securing GET /api/generations/fb78632d-5cce-46ca-8388-778570eb0847/lock
2026-09-04T21:23:25.653+06:30 DEBUG 20184 --- [nio-8080-exec-1] o.s.security.web.FilterChainProxy        : Secured GET /api/generations/fb78632d-5cce-46ca-8388-778570eb0847/lock
2026-09-04T21:23:26.830+06:30 DEBUG 20184 --- [nio-8080-exec-2] o.s.security.web.FilterChainProxy        : Securing POST /api/generations/fb78632d-5cce-46ca-8388-778570eb0847/lock/heartbeat
2026-09-04T21:23:26.830+06:30 DEBUG 20184 --- [nio-8080-exec-2] o.s.security.web.FilterChainProxy        : Secured POST /api/generations/fb78632d-5cce-46ca-8388-778570eb0847/lock/heartbeat
2026-09-04T21:23:27.226+06:30 DEBUG 20184 --- [nio-8080-exec-4] o.s.security.web.FilterChainProxy        : Securing GET /api/timetable-lobbies
2026-09-04T21:23:27.226+06:30 DEBUG 20184 --- [nio-8080-exec-4] o.s.security.web.FilterChainProxy        : Secured GET /api/timetable-lobbies
2026-09-04T21:23:29.634+06:30 DEBUG 20184 --- [nio-8080-exec-9] o.s.security.web.FilterChainProxy        : Securing GET /api/generations/fb78632d-5cce-46ca-8388-778570eb0847/lock
2026-09-04T21:23:29.634+06:30 DEBUG 20184 --- [nio-8080-exec-9] o.s.security.web.FilterChainProxy        : Secured GET /api/generations/fb78632d-5cce-46ca-8388-778570eb0847/lock
2026-09-04T21:23:29.888+06:30 DEBUG 20184 --- [nio-8080-exec-8] o.s.security.web.FilterChainProxy        : Securing POST /api/generations/fb78632d-5cce-46ca-8388-778570eb0847/lock/heartbeat
2026-09-04T21:23:29.888+06:30 DEBUG 20184 --- [nio-8080-exec-8] o.s.security.web.FilterChainProxy        : Secured POST /api/generations/fb78632d-5cce-46ca-8388-778570eb0847/lock/heartbeat
2026-09-04T21:23:33.640+06:30 DEBUG 20184 --- [nio-8080-exec-5] o.s.security.web.FilterChainProxy        : Securing GET /api/generations/fb78632d-5cce-46ca-8388-778570eb0847/lock
2026-09-04T21:23:33.640+06:30 DEBUG 20184 --- [nio-8080-exec-5] o.s.security.web.FilterChainProxy        : Secured GET /api/generations/fb78632d-5cce-46ca-8388-778570eb0847/lock
2026-09-04T21:23:34.161+06:30 DEBUG 20184 --- [io-8080-exec-10] o.s.security.web.FilterChainProxy        : Securing POST /api/generations/fb78632d-5cce-46ca-8388-778570eb0847/lock/heartbeat
2026-09-04T21:23:34.164+06:30 DEBUG 20184 --- [io-8080-exec-10] o.s.security.web.FilterChainProxy        : Secured POST /api/generations/fb78632d-5cce-46ca-8388-778570eb0847/lock/heartbeat
2026-09-04T21:23:34.892+06:30 DEBUG 20184 --- [nio-8080-exec-6] o.s.security.web.FilterChainProxy        : Securing GET /api/timetable-lobbies
2026-09-04T21:23:34.892+06:30 DEBUG 20184 --- [nio-8080-exec-6] o.s.security.web.FilterChainProxy        : Secured GET /api/timetable-lobbies
2026-09-04T21:23:37.632+06:30 DEBUG 20184 --- [nio-8080-exec-3] o.s.security.web.FilterChainProxy        : Securing GET /api/generations/fb78632d-5cce-46ca-8388-778570eb0847/lock
2026-09-04T21:23:37.633+06:30 DEBUG 20184 --- [nio-8080-exec-3] o.s.security.web.FilterChainProxy        : Secured GET /api/generations/fb78632d-5cce-46ca-8388-778570eb0847/lock
2026-09-04T21:23:38.922+06:30 DEBUG 20184 --- [nio-8080-exec-1] o.s.security.web.FilterChainProxy        : Securing POST /api/generations/fb78632d-5cce-46ca-8388-778570eb0847/lock/heartbeat
2026-09-04T21:23:38.922+06:30 DEBUG 20184 --- [nio-8080-exec-1] o.s.security.web.FilterChainProxy        : Secured POST /api/generations/fb78632d-5cce-46ca-8388-778570eb0847/lock/heartbeat
2026-09-04T21:23:41.654+06:30 DEBUG 20184 --- [nio-8080-exec-7] o.s.security.web.FilterChainProxy        : Securing GET /api/generations/fb78632d-5cce-46ca-8388-778570eb0847/lock
2026-09-04T21:23:41.654+06:30 DEBUG 20184 --- [nio-8080-exec-7] o.s.security.web.FilterChainProxy        : Secured GET /api/generations/fb78632d-5cce-46ca-8388-778570eb0847/lock
2026-09-04T21:23:42.335+06:30 DEBUG 20184 --- [nio-8080-exec-2] o.s.security.web.FilterChainProxy        : Securing POST /api/generations/fb78632d-5cce-46ca-8388-778570eb0847/lock/heartbeat
2026-09-04T21:23:42.341+06:30 DEBUG 20184 --- [nio-8080-exec-2] o.s.security.web.FilterChainProxy        : Secured POST /api/generations/fb78632d-5cce-46ca-8388-778570eb0847/lock/heartbeat
2026-09-04T21:23:43.165+06:30 DEBUG 20184 --- [nio-8080-exec-9] o.s.security.web.FilterChainProxy        : Securing GET /api/timetable-lobbies
2026-09-04T21:23:43.169+06:30 DEBUG 20184 --- [nio-8080-exec-9] o.s.security.web.FilterChainProxy        : Secured GET /api/timetable-lobbies
2026-09-04T21:23:45.850+06:30 DEBUG 20184 --- [nio-8080-exec-8] o.s.security.web.FilterChainProxy        : Securing GET /api/generations/fb78632d-5cce-46ca-8388-778570eb0847/lock
2026-09-04T21:23:45.852+06:30 DEBUG 20184 --- [nio-8080-exec-8] o.s.security.web.FilterChainProxy        : Secured GET /api/generations/fb78632d-5cce-46ca-8388-778570eb0847/lock
2026-09-04T21:23:46.564+06:30 DEBUG 20184 --- [nio-8080-exec-5] o.s.security.web.FilterChainProxy        : Securing POST /api/generations/fb78632d-5cce-46ca-8388-778570eb0847/lock/heartbeat
2026-09-04T21:23:46.564+06:30 DEBUG 20184 --- [nio-8080-exec-5] o.s.security.web.FilterChainProxy        : Secured POST /api/generations/fb78632d-5cce-46ca-8388-778570eb0847/lock/heartbeat
2026-09-04T21:23:49.837+06:30 DEBUG 20184 --- [nio-8080-exec-4] o.s.security.web.FilterChainProxy        : Securing GET /api/generations/fb78632d-5cce-46ca-8388-778570eb0847/lock
2026-09-04T21:23:49.845+06:30 DEBUG 20184 --- [nio-8080-exec-4] o.s.security.web.FilterChainProxy        : Secured GET /api/generations/fb78632d-5cce-46ca-8388-778570eb0847/lock
2026-09-04T21:23:50.842+06:30 DEBUG 20184 --- [io-8080-exec-10] o.s.security.web.FilterChainProxy        : Securing POST /api/generations/fb78632d-5cce-46ca-8388-778570eb0847/lock/heartbeat
2026-09-04T21:23:50.842+06:30 DEBUG 20184 --- [io-8080-exec-10] o.s.security.web.FilterChainProxy        : Secured POST /api/generations/fb78632d-5cce-46ca-8388-778570eb0847/lock/heartbeat
2026-09-04T21:23:51.506+06:30 DEBUG 20184 --- [nio-8080-exec-3] o.s.security.web.FilterChainProxy        : Securing GET /api/timetable-lobbies
2026-09-04T21:23:51.508+06:30 DEBUG 20184 --- [nio-8080-exec-3] o.s.security.web.FilterChainProxy        : Secured GET /api/timetable-lobbies
2026-09-04T21:23:53.844+06:30 DEBUG 20184 --- [nio-8080-exec-7] o.s.security.web.FilterChainProxy        : Securing GET /api/generations/fb78632d-5cce-46ca-8388-778570eb0847/lock
2026-09-04T21:23:53.844+06:30 DEBUG 20184 --- [nio-8080-exec-7] o.s.security.web.FilterChainProxy        : Secured GET /api/generations/fb78632d-5cce-46ca-8388-778570eb0847/lock
2026-09-04T21:23:54.256+06:30 DEBUG 20184 --- [nio-8080-exec-1] o.s.security.web.FilterChainProxy        : Securing POST /api/generations/fb78632d-5cce-46ca-8388-778570eb0847/lock/heartbeat
2026-09-04T21:23:54.261+06:30 DEBUG 20184 --- [nio-8080-exec-1] o.s.security.web.FilterChainProxy        : Secured POST /api/generations/fb78632d-5cce-46ca-8388-778570eb0847/lock/heartbeat
2026-09-04T21:23:57.833+06:30 DEBUG 20184 --- [nio-8080-exec-6] o.s.security.web.FilterChainProxy        : Securing GET /api/generations/fb78632d-5cce-46ca-8388-778570eb0847/lock
2026-09-04T21:23:57.833+06:30 DEBUG 20184 --- [nio-8080-exec-6] o.s.security.web.FilterChainProxy        : Secured GET /api/generations/fb78632d-5cce-46ca-8388-778570eb0847/lock
2026-09-04T21:23:59.701+06:30 DEBUG 20184 --- [nio-8080-exec-2] o.s.security.web.FilterChainProxy        : Securing POST /api/generations/fb78632d-5cce-46ca-8388-778570eb0847/lock/heartbeat
2026-09-04T21:23:59.701+06:30 DEBUG 20184 --- [nio-8080-exec-2] o.s.security.web.FilterChainProxy        : Secured POST /api/generations/fb78632d-5cce-46ca-8388-778570eb0847/lock/heartbeat
2026-09-04T21:24:01.846+06:30 DEBUG 20184 --- [nio-8080-exec-8] o.s.security.web.FilterChainProxy        : Securing GET /api/generations/fb78632d-5cce-46ca-8388-778570eb0847/lock
2026-09-04T21:24:01.846+06:30 DEBUG 20184 --- [nio-8080-exec-8] o.s.security.web.FilterChainProxy        : Secured GET /api/generations/fb78632d-5cce-46ca-8388-778570eb0847/lock
2026-09-04T21:24:02.688+06:30 DEBUG 20184 --- [nio-8080-exec-5] o.s.security.web.FilterChainProxy        : Securing POST /api/generations/fb78632d-5cce-46ca-8388-778570eb0847/lock/heartbeat
2026-09-04T21:24:02.688+06:30 DEBUG 20184 --- [nio-8080-exec-5] o.s.security.web.FilterChainProxy        : Secured POST /api/generations/fb78632d-5cce-46ca-8388-778570eb0847/lock/heartbeat
2026-09-04T21:24:05.829+06:30 DEBUG 20184 --- [nio-8080-exec-4] o.s.security.web.FilterChainProxy        : Securing GET /api/generations/fb78632d-5cce-46ca-8388-778570eb0847/lock
2026-09-04T21:24:05.829+06:30 DEBUG 20184 --- [nio-8080-exec-4] o.s.security.web.FilterChainProxy        : Secured GET /api/generations/fb78632d-5cce-46ca-8388-778570eb0847/lock
2026-09-04T21:24:09.637+06:30 DEBUG 20184 --- [nio-8080-exec-7] o.s.security.web.FilterChainProxy        : Securing POST /api/generations/fb78632d-5cce-46ca-8388-778570eb0847/lock/heartbeat
2026-09-04T21:24:09.656+06:30 DEBUG 20184 --- [nio-8080-exec-7] o.s.security.web.FilterChainProxy        : Secured POST /api/generations/fb78632d-5cce-46ca-8388-778570eb0847/lock/heartbeat
2026-09-04T21:24:09.861+06:30 DEBUG 20184 --- [nio-8080-exec-6] o.s.security.web.FilterChainProxy        : Securing GET /api/generations/fb78632d-5cce-46ca-8388-778570eb0847/lock
2026-09-04T21:24:09.865+06:30 DEBUG 20184 --- [nio-8080-exec-6] o.s.security.web.FilterChainProxy        : Secured GET /api/generations/fb78632d-5cce-46ca-8388-778570eb0847/lock
2026-09-04T21:24:10.401+06:30 DEBUG 20184 --- [nio-8080-exec-1] o.s.security.web.FilterChainProxy        : Securing POST /api/generations/fb78632d-5cce-46ca-8388-778570eb0847/lock/heartbeat
2026-09-04T21:24:10.405+06:30 DEBUG 20184 --- [nio-8080-exec-1] o.s.security.web.FilterChainProxy        : Secured POST /api/generations/fb78632d-5cce-46ca-8388-778570eb0847/lock/heartbeat
2026-09-04T21:24:13.861+06:30 DEBUG 20184 --- [nio-8080-exec-8] o.s.security.web.FilterChainProxy        : Securing GET /api/generations/fb78632d-5cce-46ca-8388-778570eb0847/lock
2026-09-04T21:24:13.908+06:30 DEBUG 20184 --- [nio-8080-exec-8] o.s.security.web.FilterChainProxy        : Secured GET /api/generations/fb78632d-5cce-46ca-8388-778570eb0847/lock
2026-09-04T21:24:14.398+06:30 DEBUG 20184 --- [nio-8080-exec-3] o.s.security.web.FilterChainProxy        : Securing POST /api/generations/fb78632d-5cce-46ca-8388-778570eb0847/lock/heartbeat
2026-09-04T21:24:14.398+06:30 DEBUG 20184 --- [nio-8080-exec-3] o.s.security.web.FilterChainProxy        : Secured POST /api/generations/fb78632d-5cce-46ca-8388-778570eb0847/lock/heartbeat
2026-09-04T21:24:17.847+06:30 DEBUG 20184 --- [nio-8080-exec-2] o.s.security.web.FilterChainProxy        : Securing GET /api/generations/fb78632d-5cce-46ca-8388-778570eb0847/lock
2026-09-04T21:24:17.847+06:30 DEBUG 20184 --- [nio-8080-exec-2] o.s.security.web.FilterChainProxy        : Secured GET /api/generations/fb78632d-5cce-46ca-8388-778570eb0847/lock
2026-09-04T21:24:19.736+06:30 DEBUG 20184 --- [nio-8080-exec-9] o.s.security.web.FilterChainProxy        : Securing POST /api/generations/fb78632d-5cce-46ca-8388-778570eb0847/lock/heartbeat
2026-09-04T21:24:19.736+06:30 DEBUG 20184 --- [nio-8080-exec-9] o.s.security.web.FilterChainProxy        : Secured POST /api/generations/fb78632d-5cce-46ca-8388-778570eb0847/lock/heartbeat
2026-09-04T21:24:21.848+06:30 DEBUG 20184 --- [nio-8080-exec-4] o.s.security.web.FilterChainProxy        : Securing GET /api/generations/fb78632d-5cce-46ca-8388-778570eb0847/lock
2026-09-04T21:24:21.848+06:30 DEBUG 20184 --- [nio-8080-exec-4] o.s.security.web.FilterChainProxy        : Secured GET /api/generations/fb78632d-5cce-46ca-8388-778570eb0847/lock
2026-09-04T21:24:22.401+06:30 DEBUG 20184 --- [nio-8080-exec-6] o.s.security.web.FilterChainProxy        : Securing POST /api/generations/fb78632d-5cce-46ca-8388-778570eb0847/lock/heartbeat
2026-09-04T21:24:22.401+06:30 DEBUG 20184 --- [nio-8080-exec-6] o.s.security.web.FilterChainProxy        : Secured POST /api/generations/fb78632d-5cce-46ca-8388-778570eb0847/lock/heartbeat
2026-09-04T21:24:23.845+06:30 DEBUG 20184 --- [nio-8080-exec-5] o.s.security.web.FilterChainProxy        : Securing GET /api/users
2026-09-04T21:24:23.845+06:30 DEBUG 20184 --- [nio-8080-exec-5] o.s.security.web.FilterChainProxy        : Secured GET /api/users
2026-09-04T21:24:23.879+06:30 DEBUG 20184 --- [nio-8080-exec-8] o.s.security.web.FilterChainProxy        : Securing GET /api/students
2026-09-04T21:24:23.879+06:30 DEBUG 20184 --- [nio-8080-exec-8] o.s.security.web.FilterChainProxy        : Secured GET /api/students
2026-09-04T21:24:23.879+06:30 DEBUG 20184 --- [nio-8080-exec-1] o.s.security.web.FilterChainProxy        : Securing GET /api/staff
2026-09-04T21:24:23.879+06:30 DEBUG 20184 --- [nio-8080-exec-1] o.s.security.web.FilterChainProxy        : Secured GET /api/staff
2026-09-04T21:24:25.841+06:30 DEBUG 20184 --- [nio-8080-exec-7] o.s.security.web.FilterChainProxy        : Securing GET /api/generations/fb78632d-5cce-46ca-8388-778570eb0847/lock
2026-09-04T21:24:25.841+06:30 DEBUG 20184 --- [nio-8080-exec-7] o.s.security.web.FilterChainProxy        : Secured GET /api/generations/fb78632d-5cce-46ca-8388-778570eb0847/lock
2026-09-04T21:24:26.789+06:30 DEBUG 20184 --- [nio-8080-exec-2] o.s.security.web.FilterChainProxy        : Securing POST /api/generations/fb78632d-5cce-46ca-8388-778570eb0847/lock/heartbeat
2026-09-04T21:24:26.791+06:30 DEBUG 20184 --- [nio-8080-exec-2] o.s.security.web.FilterChainProxy        : Secured POST /api/generations/fb78632d-5cce-46ca-8388-778570eb0847/lock/heartbeat
2026-09-04T21:24:29.857+06:30 DEBUG 20184 --- [nio-8080-exec-3] o.s.security.web.FilterChainProxy        : Securing GET /api/generations/fb78632d-5cce-46ca-8388-778570eb0847/lock
2026-09-04T21:24:29.860+06:30 DEBUG 20184 --- [nio-8080-exec-3] o.s.security.web.FilterChainProxy        : Secured GET /api/generations/fb78632d-5cce-46ca-8388-778570eb0847/lock
2026-09-04T21:24:30.601+06:30 DEBUG 20184 --- [io-8080-exec-10] o.s.security.web.FilterChainProxy        : Securing POST /api/generations/fb78632d-5cce-46ca-8388-778570eb0847/lock/heartbeat
2026-09-04T21:24:30.601+06:30 DEBUG 20184 --- [io-8080-exec-10] o.s.security.web.FilterChainProxy        : Secured POST /api/generations/fb78632d-5cce-46ca-8388-778570eb0847/lock/heartbeat
2026-09-04T21:24:33.844+06:30 DEBUG 20184 --- [nio-8080-exec-4] o.s.security.web.FilterChainProxy        : Securing GET /api/generations/fb78632d-5cce-46ca-8388-778570eb0847/lock
2026-09-04T21:24:33.844+06:30 DEBUG 20184 --- [nio-8080-exec-4] o.s.security.web.FilterChainProxy        : Secured GET /api/generations/fb78632d-5cce-46ca-8388-778570eb0847/lock
2026-09-04T21:24:35.670+06:30 DEBUG 20184 --- [nio-8080-exec-9] o.s.security.web.FilterChainProxy        : Securing POST /api/generations/fb78632d-5cce-46ca-8388-778570eb0847/lock/heartbeat
2026-09-04T21:24:35.670+06:30 DEBUG 20184 --- [nio-8080-exec-9] o.s.security.web.FilterChainProxy        : Secured POST /api/generations/fb78632d-5cce-46ca-8388-778570eb0847/lock/heartbeat
2026-09-04T21:24:37.821+06:30 DEBUG 20184 --- [nio-8080-exec-7] o.s.security.web.FilterChainProxy        : Securing GET /api/generations/fb78632d-5cce-46ca-8388-778570eb0847/lock
2026-09-04T21:24:37.837+06:30 DEBUG 20184 --- [nio-8080-exec-7] o.s.security.web.FilterChainProxy        : Secured GET /api/generations/fb78632d-5cce-46ca-8388-778570eb0847/lock
2026-09-04T21:24:39.793+06:30 DEBUG 20184 --- [nio-8080-exec-1] o.s.security.web.FilterChainProxy        : Securing POST /api/generations/fb78632d-5cce-46ca-8388-778570eb0847/lock/heartbeat
2026-09-04T21:24:39.801+06:30 DEBUG 20184 --- [nio-8080-exec-1] o.s.security.web.FilterChainProxy        : Secured POST /api/generations/fb78632d-5cce-46ca-8388-778570eb0847/lock/heartbeat
2026-09-04T21:24:41.832+06:30 DEBUG 20184 --- [nio-8080-exec-6] o.s.security.web.FilterChainProxy        : Securing GET /api/generations/fb78632d-5cce-46ca-8388-778570eb0847/lock
2026-09-04T21:24:41.832+06:30 DEBUG 20184 --- [nio-8080-exec-6] o.s.security.web.FilterChainProxy        : Secured GET /api/generations/fb78632d-5cce-46ca-8388-778570eb0847/lock
2026-09-04T21:24:44.249+06:30 DEBUG 20184 --- [nio-8080-exec-8] o.s.security.web.FilterChainProxy        : Securing POST /api/generations/fb78632d-5cce-46ca-8388-778570eb0847/lock/heartbeat
2026-09-04T21:24:44.252+06:30 DEBUG 20184 --- [nio-8080-exec-8] o.s.security.web.FilterChainProxy        : Secured POST /api/generations/fb78632d-5cce-46ca-8388-778570eb0847/lock/heartbeat
2026-09-04T21:25:06.873+06:30 DEBUG 20184 --- [nio-8080-exec-5] o.s.security.web.FilterChainProxy        : Securing GET /api/generations/fb78632d-5cce-46ca-8388-778570eb0847/lock
2026-09-04T21:25:06.875+06:30 DEBUG 20184 --- [nio-8080-exec-5] o.s.security.web.FilterChainProxy        : Secured GET /api/generations/fb78632d-5cce-46ca-8388-778570eb0847/lock
2026-09-04T21:25:07.243+06:30 DEBUG 20184 --- [nio-8080-exec-3] o.s.security.web.FilterChainProxy        : Securing POST /api/generations/fb78632d-5cce-46ca-8388-778570eb0847/lock/heartbeat
2026-09-04T21:25:07.253+06:30 DEBUG 20184 --- [nio-8080-exec-3] o.s.security.web.FilterChainProxy        : Secured POST /api/generations/fb78632d-5cce-46ca-8388-778570eb0847/lock/heartbeat
2026-09-04T21:26:06.860+06:30 DEBUG 20184 --- [nio-8080-exec-6] o.s.security.web.FilterChainProxy        : Securing GET /api/users
2026-09-04T21:26:06.865+06:30 DEBUG 20184 --- [nio-8080-exec-6] o.s.security.web.FilterChainProxy        : Secured GET /api/users
2026-09-04T21:26:06.908+06:30 DEBUG 20184 --- [nio-8080-exec-9] o.s.security.web.FilterChainProxy        : Securing GET /api/students
2026-09-04T21:26:06.908+06:30 DEBUG 20184 --- [nio-8080-exec-8] o.s.security.web.FilterChainProxy        : Securing GET /api/staff
2026-09-04T21:26:06.908+06:30 DEBUG 20184 --- [nio-8080-exec-9] o.s.security.web.FilterChainProxy        : Secured GET /api/students
2026-09-04T21:26:06.908+06:30 DEBUG 20184 --- [nio-8080-exec-1] o.s.security.web.FilterChainProxy        : Securing GET /api/generations/fb78632d-5cce-46ca-8388-778570eb0847/lock
2026-09-04T21:26:06.908+06:30 DEBUG 20184 --- [nio-8080-exec-8] o.s.security.web.FilterChainProxy        : Secured GET /api/staff
2026-09-04T21:26:06.908+06:30 DEBUG 20184 --- [nio-8080-exec-1] o.s.security.web.FilterChainProxy        : Secured GET /api/generations/fb78632d-5cce-46ca-8388-778570eb0847/lock
2026-09-04T21:26:07.730+06:30 DEBUG 20184 --- [nio-8080-exec-5] o.s.security.web.FilterChainProxy        : Securing POST /api/generations/fb78632d-5cce-46ca-8388-778570eb0847/lock
2026-09-04T21:26:07.730+06:30 DEBUG 20184 --- [nio-8080-exec-5] o.s.security.web.FilterChainProxy        : Secured POST /api/generations/fb78632d-5cce-46ca-8388-778570eb0847/lock
2026-09-04T21:27:06.856+06:30 DEBUG 20184 --- [nio-8080-exec-3] o.s.security.web.FilterChainProxy        : Securing GET /api/generations/fb78632d-5cce-46ca-8388-778570eb0847/lock
2026-09-04T21:27:06.856+06:30 DEBUG 20184 --- [nio-8080-exec-3] o.s.security.web.FilterChainProxy        : Secured GET /api/generations/fb78632d-5cce-46ca-8388-778570eb0847/lock
2026-09-04T21:27:08.854+06:30 DEBUG 20184 --- [io-8080-exec-10] o.s.security.web.FilterChainProxy        : Securing POST /api/generations/fb78632d-5cce-46ca-8388-778570eb0847/lock
2026-09-04T21:27:08.865+06:30 DEBUG 20184 --- [io-8080-exec-10] o.s.security.web.FilterChainProxy        : Secured POST /api/generations/fb78632d-5cce-46ca-8388-778570eb0847/lock
2026-09-04T21:28:06.878+06:30 DEBUG 20184 --- [nio-8080-exec-1] o.s.security.web.FilterChainProxy        : Securing GET /api/generations/fb78632d-5cce-46ca-8388-778570eb0847/lock
2026-09-04T21:28:06.884+06:30 DEBUG 20184 --- [nio-8080-exec-1] o.s.security.web.FilterChainProxy        : Secured GET /api/generations/fb78632d-5cce-46ca-8388-778570eb0847/lock
2026-09-04T21:28:06.937+06:30 DEBUG 20184 --- [nio-8080-exec-8] o.s.security.web.FilterChainProxy        : Securing GET /api/users
2026-09-04T21:28:06.937+06:30 DEBUG 20184 --- [nio-8080-exec-5] o.s.security.web.FilterChainProxy        : Securing GET /api/students
2026-09-04T21:28:06.937+06:30 DEBUG 20184 --- [nio-8080-exec-6] o.s.security.web.FilterChainProxy        : Securing GET /api/staff
2026-09-04T21:28:06.948+06:30 DEBUG 20184 --- [nio-8080-exec-5] o.s.security.web.FilterChainProxy        : Secured GET /api/students
2026-09-04T21:28:06.948+06:30 DEBUG 20184 --- [nio-8080-exec-8] o.s.security.web.FilterChainProxy        : Secured GET /api/users
2026-09-04T21:28:06.948+06:30 DEBUG 20184 --- [nio-8080-exec-6] o.s.security.web.FilterChainProxy        : Secured GET /api/staff
2026-09-04T21:28:10.014+06:30 DEBUG 20184 --- [nio-8080-exec-9] o.s.security.web.FilterChainProxy        : Securing POST /api/generations/fb78632d-5cce-46ca-8388-778570eb0847/lock
2026-09-04T21:28:10.014+06:30 DEBUG 20184 --- [nio-8080-exec-9] o.s.security.web.FilterChainProxy        : Secured POST /api/generations/fb78632d-5cce-46ca-8388-778570eb0847/lock
2026-09-04T21:29:06.872+06:30 DEBUG 20184 --- [nio-8080-exec-2] o.s.security.web.FilterChainProxy        : Securing GET /api/generations/fb78632d-5cce-46ca-8388-778570eb0847/lock
2026-09-04T21:29:06.872+06:30 DEBUG 20184 --- [nio-8080-exec-2] o.s.security.web.FilterChainProxy        : Secured GET /api/generations/fb78632d-5cce-46ca-8388-778570eb0847/lock
2026-09-04T21:29:07.095+06:30 DEBUG 20184 --- [nio-8080-exec-4] o.s.security.web.FilterChainProxy        : Securing POST /api/generations/fb78632d-5cce-46ca-8388-778570eb0847/lock
2026-09-04T21:29:07.095+06:30 DEBUG 20184 --- [nio-8080-exec-4] o.s.security.web.FilterChainProxy        : Secured POST /api/generations/fb78632d-5cce-46ca-8388-778570eb0847/lock
2026-09-04T21:30:06.904+06:30 DEBUG 20184 --- [nio-8080-exec-6] o.s.security.web.FilterChainProxy        : Securing GET /api/users
2026-09-04T21:30:06.904+06:30 DEBUG 20184 --- [nio-8080-exec-8] o.s.security.web.FilterChainProxy        : Securing GET /api/students
2026-09-04T21:30:06.904+06:30 DEBUG 20184 --- [nio-8080-exec-9] o.s.security.web.FilterChainProxy        : Securing GET /api/generations/fb78632d-5cce-46ca-8388-778570eb0847/lock
2026-09-04T21:30:06.904+06:30 DEBUG 20184 --- [nio-8080-exec-5] o.s.security.web.FilterChainProxy        : Securing GET /api/staff
2026-09-04T21:30:06.904+06:30 DEBUG 20184 --- [nio-8080-exec-6] o.s.security.web.FilterChainProxy        : Secured GET /api/users
2026-09-04T21:30:06.904+06:30 DEBUG 20184 --- [nio-8080-exec-8] o.s.security.web.FilterChainProxy        : Secured GET /api/students
2026-09-04T21:30:06.904+06:30 DEBUG 20184 --- [nio-8080-exec-9] o.s.security.web.FilterChainProxy        : Secured GET /api/generations/fb78632d-5cce-46ca-8388-778570eb0847/lock
2026-09-04T21:30:06.904+06:30 DEBUG 20184 --- [nio-8080-exec-5] o.s.security.web.FilterChainProxy        : Secured GET /api/staff
2026-09-04T21:30:07.604+06:30 DEBUG 20184 --- [nio-8080-exec-2] o.s.security.web.FilterChainProxy        : Securing POST /api/generations/fb78632d-5cce-46ca-8388-778570eb0847/lock
2026-09-04T21:30:07.604+06:30 DEBUG 20184 --- [nio-8080-exec-2] o.s.security.web.FilterChainProxy        : Secured POST /api/generations/fb78632d-5cce-46ca-8388-778570eb0847/lock
2026-09-04T21:31:06.980+06:30 DEBUG 20184 --- [nio-8080-exec-7] o.s.security.web.FilterChainProxy        : Securing GET /api/generations/fb78632d-5cce-46ca-8388-778570eb0847/lock
2026-09-04T21:31:06.991+06:30 DEBUG 20184 --- [nio-8080-exec-7] o.s.security.web.FilterChainProxy        : Secured GET /api/generations/fb78632d-5cce-46ca-8388-778570eb0847/lock
2026-09-04T21:31:07.483+06:30 DEBUG 20184 --- [nio-8080-exec-9] o.s.security.web.FilterChainProxy        : Securing POST /api/generations/fb78632d-5cce-46ca-8388-778570eb0847/lock
2026-09-04T21:31:07.496+06:30 DEBUG 20184 --- [nio-8080-exec-9] o.s.security.web.FilterChainProxy        : Secured POST /api/generations/fb78632d-5cce-46ca-8388-778570eb0847/lock
2026-09-04T21:32:07.062+06:30 DEBUG 20184 --- [nio-8080-exec-6] o.s.security.web.FilterChainProxy        : Securing GET /api/students
2026-09-04T21:32:07.062+06:30 DEBUG 20184 --- [nio-8080-exec-6] o.s.security.web.FilterChainProxy        : Secured GET /api/students
2026-09-04T21:32:07.093+06:30 DEBUG 20184 --- [nio-8080-exec-8] o.s.security.web.FilterChainProxy        : Securing GET /api/generations/fb78632d-5cce-46ca-8388-778570eb0847/lock
2026-09-04T21:32:07.093+06:30 DEBUG 20184 --- [nio-8080-exec-2] o.s.security.web.FilterChainProxy        : Securing GET /api/users
2026-09-04T21:32:07.096+06:30 DEBUG 20184 --- [nio-8080-exec-3] o.s.security.web.FilterChainProxy        : Securing GET /api/staff
2026-09-04T21:32:07.096+06:30 DEBUG 20184 --- [nio-8080-exec-2] o.s.security.web.FilterChainProxy        : Secured GET /api/users
2026-09-04T21:32:07.107+06:30 DEBUG 20184 --- [nio-8080-exec-8] o.s.security.web.FilterChainProxy        : Secured GET /api/generations/fb78632d-5cce-46ca-8388-778570eb0847/lock
2026-09-04T21:32:07.107+06:30 DEBUG 20184 --- [nio-8080-exec-3] o.s.security.web.FilterChainProxy        : Secured GET /api/staff
2026-09-04T21:32:07.739+06:30 DEBUG 20184 --- [nio-8080-exec-4] o.s.security.web.FilterChainProxy        : Securing POST /api/generations/fb78632d-5cce-46ca-8388-778570eb0847/lock
2026-09-04T21:32:07.739+06:30 DEBUG 20184 --- [nio-8080-exec-4] o.s.security.web.FilterChainProxy        : Secured POST /api/generations/fb78632d-5cce-46ca-8388-778570eb0847/lock
2026-09-04T21:33:06.918+06:30 DEBUG 20184 --- [nio-8080-exec-5] o.s.security.web.FilterChainProxy        : Securing GET /api/generations/fb78632d-5cce-46ca-8388-778570eb0847/lock
2026-09-04T21:33:06.918+06:30 DEBUG 20184 --- [nio-8080-exec-5] o.s.security.web.FilterChainProxy        : Secured GET /api/generations/fb78632d-5cce-46ca-8388-778570eb0847/lock
2026-09-04T21:33:07.313+06:30 DEBUG 20184 --- [nio-8080-exec-8] o.s.security.web.FilterChainProxy        : Securing POST /api/generations/fb78632d-5cce-46ca-8388-778570eb0847/lock
2026-09-04T21:33:07.313+06:30 DEBUG 20184 --- [nio-8080-exec-8] o.s.security.web.FilterChainProxy        : Secured POST /api/generations/fb78632d-5cce-46ca-8388-778570eb0847/lock
2026-09-04T21:34:06.937+06:30 DEBUG 20184 --- [nio-8080-exec-3] o.s.security.web.FilterChainProxy        : Securing GET /api/users
2026-09-04T21:34:06.937+06:30 DEBUG 20184 --- [nio-8080-exec-3] o.s.security.web.FilterChainProxy        : Secured GET /api/users
2026-09-04T21:34:06.969+06:30 DEBUG 20184 --- [nio-8080-exec-6] o.s.security.web.FilterChainProxy        : Securing GET /api/students
2026-09-04T21:34:06.974+06:30 DEBUG 20184 --- [nio-8080-exec-6] o.s.security.web.FilterChainProxy        : Secured GET /api/students
2026-09-04T21:34:06.974+06:30 DEBUG 20184 --- [nio-8080-exec-4] o.s.security.web.FilterChainProxy        : Securing GET /api/staff
2026-09-04T21:34:06.974+06:30 DEBUG 20184 --- [nio-8080-exec-2] o.s.security.web.FilterChainProxy        : Securing GET /api/generations/fb78632d-5cce-46ca-8388-778570eb0847/lock
2026-09-04T21:34:06.974+06:30 DEBUG 20184 --- [nio-8080-exec-4] o.s.security.web.FilterChainProxy        : Secured GET /api/staff
2026-09-04T21:34:06.974+06:30 DEBUG 20184 --- [nio-8080-exec-2] o.s.security.web.FilterChainProxy        : Secured GET /api/generations/fb78632d-5cce-46ca-8388-778570eb0847/lock
2026-09-04T21:34:07.617+06:30 DEBUG 20184 --- [io-8080-exec-10] o.s.security.web.FilterChainProxy        : Securing POST /api/generations/fb78632d-5cce-46ca-8388-778570eb0847/lock
2026-09-04T21:34:07.623+06:30 DEBUG 20184 --- [io-8080-exec-10] o.s.security.web.FilterChainProxy        : Secured POST /api/generations/fb78632d-5cce-46ca-8388-778570eb0847/lock
2026-09-04T21:35:06.921+06:30 DEBUG 20184 --- [nio-8080-exec-5] o.s.security.web.FilterChainProxy        : Securing GET /api/generations/fb78632d-5cce-46ca-8388-778570eb0847/lock
2026-09-04T21:35:06.921+06:30 DEBUG 20184 --- [nio-8080-exec-5] o.s.security.web.FilterChainProxy        : Secured GET /api/generations/fb78632d-5cce-46ca-8388-778570eb0847/lock
2026-09-04T21:35:07.729+06:30 DEBUG 20184 --- [nio-8080-exec-2] o.s.security.web.FilterChainProxy        : Securing POST /api/generations/fb78632d-5cce-46ca-8388-778570eb0847/lock
2026-09-04T21:35:07.729+06:30 DEBUG 20184 --- [nio-8080-exec-2] o.s.s.w.a.AnonymousAuthenticationFilter  : Set SecurityContextHolder to anonymous SecurityContext
2026-09-04T21:35:07.783+06:30 DEBUG 20184 --- [nio-8080-exec-3] o.s.security.web.FilterChainProxy        : Securing POST /api/auth/refresh
2026-09-04T21:35:07.783+06:30 DEBUG 20184 --- [nio-8080-exec-3] o.s.s.w.a.AnonymousAuthenticationFilter  : Set SecurityContextHolder to anonymous SecurityContext
2026-09-04T21:35:07.783+06:30 DEBUG 20184 --- [nio-8080-exec-3] o.s.security.web.FilterChainProxy        : Secured POST /api/auth/refresh
2026-09-04T21:35:08.875+06:30 DEBUG 20184 --- [nio-8080-exec-4] o.s.security.web.FilterChainProxy        : Securing POST /api/generations/fb78632d-5cce-46ca-8388-778570eb0847/lock
2026-09-04T21:35:08.875+06:30 DEBUG 20184 --- [nio-8080-exec-4] o.s.security.web.FilterChainProxy        : Secured POST /api/generations/fb78632d-5cce-46ca-8388-778570eb0847/lock
2026-09-04T21:36:06.880+06:30 DEBUG 20184 --- [io-8080-exec-10] o.s.security.web.FilterChainProxy        : Securing GET /api/users
2026-09-04T21:36:06.927+06:30 DEBUG 20184 --- [io-8080-exec-10] o.s.security.web.FilterChainProxy        : Secured GET /api/users
2026-09-04T21:36:06.979+06:30 DEBUG 20184 --- [nio-8080-exec-7] o.s.security.web.FilterChainProxy        : Securing GET /api/staff
2026-09-04T21:36:06.979+06:30 DEBUG 20184 --- [nio-8080-exec-1] o.s.security.web.FilterChainProxy        : Securing GET /api/students
2026-09-04T21:36:06.979+06:30 DEBUG 20184 --- [nio-8080-exec-9] o.s.security.web.FilterChainProxy        : Securing GET /api/generations/fb78632d-5cce-46ca-8388-778570eb0847/lock
2026-09-04T21:36:06.979+06:30 DEBUG 20184 --- [nio-8080-exec-7] o.s.security.web.FilterChainProxy        : Secured GET /api/staff
2026-09-04T21:36:06.979+06:30 DEBUG 20184 --- [nio-8080-exec-9] o.s.security.web.FilterChainProxy        : Secured GET /api/generations/fb78632d-5cce-46ca-8388-778570eb0847/lock
2026-09-04T21:36:06.979+06:30 DEBUG 20184 --- [nio-8080-exec-1] o.s.security.web.FilterChainProxy        : Secured GET /api/students
2026-09-04T21:36:08.367+06:30 DEBUG 20184 --- [nio-8080-exec-8] o.s.security.web.FilterChainProxy        : Securing POST /api/generations/fb78632d-5cce-46ca-8388-778570eb0847/lock
2026-09-04T21:36:08.373+06:30 DEBUG 20184 --- [nio-8080-exec-8] o.s.security.web.FilterChainProxy        : Secured POST /api/generations/fb78632d-5cce-46ca-8388-778570eb0847/lock
2026-09-04T21:37:07.287+06:30 DEBUG 20184 --- [nio-8080-exec-4] o.s.security.web.FilterChainProxy        : Securing GET /api/generations/fb78632d-5cce-46ca-8388-778570eb0847/lock
2026-09-04T21:37:07.296+06:30 DEBUG 20184 --- [nio-8080-exec-4] o.s.security.web.FilterChainProxy        : Secured GET /api/generations/fb78632d-5cce-46ca-8388-778570eb0847/lock
2026-09-04T21:37:07.655+06:30 DEBUG 20184 --- [nio-8080-exec-6] o.s.security.web.FilterChainProxy        : Securing POST /api/generations/fb78632d-5cce-46ca-8388-778570eb0847/lock
2026-09-04T21:37:07.657+06:30 DEBUG 20184 --- [nio-8080-exec-6] o.s.security.web.FilterChainProxy        : Secured POST /api/generations/fb78632d-5cce-46ca-8388-778570eb0847/lock
2026-09-04T21:38:07.116+06:30 DEBUG 20184 --- [io-8080-exec-10] o.s.security.web.FilterChainProxy        : Securing GET /api/users
2026-09-04T21:38:07.116+06:30 DEBUG 20184 --- [nio-8080-exec-9] o.s.security.web.FilterChainProxy        : Securing GET /api/students
2026-09-04T21:38:07.132+06:30 DEBUG 20184 --- [nio-8080-exec-9] o.s.security.web.FilterChainProxy        : Secured GET /api/students
2026-09-04T21:38:07.132+06:30 DEBUG 20184 --- [io-8080-exec-10] o.s.security.web.FilterChainProxy        : Secured GET /api/users
2026-09-04T21:38:07.132+06:30 DEBUG 20184 --- [nio-8080-exec-1] o.s.security.web.FilterChainProxy        : Securing GET /api/generations/fb78632d-5cce-46ca-8388-778570eb0847/lock
2026-09-04T21:38:07.132+06:30 DEBUG 20184 --- [nio-8080-exec-8] o.s.security.web.FilterChainProxy        : Securing GET /api/staff
2026-09-04T21:38:07.132+06:30 DEBUG 20184 --- [nio-8080-exec-1] o.s.security.web.FilterChainProxy        : Secured GET /api/generations/fb78632d-5cce-46ca-8388-778570eb0847/lock
2026-09-04T21:38:07.132+06:30 DEBUG 20184 --- [nio-8080-exec-8] o.s.security.web.FilterChainProxy        : Secured GET /api/staff
2026-09-04T21:38:07.497+06:30 DEBUG 20184 --- [nio-8080-exec-5] o.s.security.web.FilterChainProxy        : Securing POST /api/generations/fb78632d-5cce-46ca-8388-778570eb0847/lock
2026-09-04T21:38:07.497+06:30 DEBUG 20184 --- [nio-8080-exec-5] o.s.security.web.FilterChainProxy        : Secured POST /api/generations/fb78632d-5cce-46ca-8388-778570eb0847/lock
2026-09-04T21:39:07.321+06:30 DEBUG 20184 --- [nio-8080-exec-7] o.s.security.web.FilterChainProxy        : Securing GET /api/generations/fb78632d-5cce-46ca-8388-778570eb0847/lock
2026-09-04T21:39:07.346+06:30 DEBUG 20184 --- [nio-8080-exec-7] o.s.security.web.FilterChainProxy        : Secured GET /api/generations/fb78632d-5cce-46ca-8388-778570eb0847/lock
2026-09-04T21:39:07.759+06:30 DEBUG 20184 --- [nio-8080-exec-1] o.s.security.web.FilterChainProxy        : Securing POST /api/generations/fb78632d-5cce-46ca-8388-778570eb0847/lock
2026-09-04T21:39:07.759+06:30 DEBUG 20184 --- [nio-8080-exec-1] o.s.security.web.FilterChainProxy        : Secured POST /api/generations/fb78632d-5cce-46ca-8388-778570eb0847/lock
2026-09-04T21:40:07.146+06:30 DEBUG 20184 --- [nio-8080-exec-5] o.s.security.web.FilterChainProxy        : Securing GET /api/users
2026-09-04T21:40:07.157+06:30 DEBUG 20184 --- [nio-8080-exec-5] o.s.security.web.FilterChainProxy        : Secured GET /api/users
2026-09-04T21:40:07.157+06:30 DEBUG 20184 --- [nio-8080-exec-8] o.s.security.web.FilterChainProxy        : Securing GET /api/students
2026-09-04T21:40:07.157+06:30 DEBUG 20184 --- [nio-8080-exec-9] o.s.security.web.FilterChainProxy        : Securing GET /api/generations/fb78632d-5cce-46ca-8388-778570eb0847/lock
2026-09-04T21:40:07.157+06:30 DEBUG 20184 --- [io-8080-exec-10] o.s.security.web.FilterChainProxy        : Securing GET /api/staff
2026-09-04T21:40:07.162+06:30 DEBUG 20184 --- [nio-8080-exec-8] o.s.security.web.FilterChainProxy        : Secured GET /api/students
2026-09-04T21:40:07.162+06:30 DEBUG 20184 --- [io-8080-exec-10] o.s.security.web.FilterChainProxy        : Secured GET /api/staff
2026-09-04T21:40:07.162+06:30 DEBUG 20184 --- [nio-8080-exec-9] o.s.security.web.FilterChainProxy        : Secured GET /api/generations/fb78632d-5cce-46ca-8388-778570eb0847/lock
2026-09-04T21:40:07.399+06:30 DEBUG 20184 --- [nio-8080-exec-2] o.s.security.web.FilterChainProxy        : Securing POST /api/generations/fb78632d-5cce-46ca-8388-778570eb0847/lock
2026-09-04T21:40:07.408+06:30 DEBUG 20184 --- [nio-8080-exec-2] o.s.security.web.FilterChainProxy        : Secured POST /api/generations/fb78632d-5cce-46ca-8388-778570eb0847/lock
2026-09-04T21:41:07.021+06:30 DEBUG 20184 --- [nio-8080-exec-7] o.s.security.web.FilterChainProxy        : Securing GET /api/generations/fb78632d-5cce-46ca-8388-778570eb0847/lock
2026-09-04T21:41:07.043+06:30 DEBUG 20184 --- [nio-8080-exec-7] o.s.security.web.FilterChainProxy        : Secured GET /api/generations/fb78632d-5cce-46ca-8388-778570eb0847/lock
2026-09-04T21:41:07.591+06:30 DEBUG 20184 --- [nio-8080-exec-9] o.s.security.web.FilterChainProxy        : Securing POST /api/generations/fb78632d-5cce-46ca-8388-778570eb0847/lock
2026-09-04T21:41:07.594+06:30 DEBUG 20184 --- [nio-8080-exec-9] o.s.security.web.FilterChainProxy        : Secured POST /api/generations/fb78632d-5cce-46ca-8388-778570eb0847/lock
2026-09-04T21:42:07.052+06:30 DEBUG 20184 --- [io-8080-exec-10] o.s.security.web.FilterChainProxy        : Securing GET /api/generations/fb78632d-5cce-46ca-8388-778570eb0847/lock
2026-09-04T21:42:07.052+06:30 DEBUG 20184 --- [io-8080-exec-10] o.s.security.web.FilterChainProxy        : Secured GET /api/generations/fb78632d-5cce-46ca-8388-778570eb0847/lock
2026-09-04T21:42:07.052+06:30 DEBUG 20184 --- [nio-8080-exec-2] o.s.security.web.FilterChainProxy        : Securing GET /api/users
2026-09-04T21:42:07.052+06:30 DEBUG 20184 --- [nio-8080-exec-8] o.s.security.web.FilterChainProxy        : Securing GET /api/students
2026-09-04T21:42:07.052+06:30 DEBUG 20184 --- [nio-8080-exec-2] o.s.security.web.FilterChainProxy        : Secured GET /api/users
2026-09-04T21:42:07.052+06:30 DEBUG 20184 --- [nio-8080-exec-8] o.s.security.web.FilterChainProxy        : Secured GET /api/students
2026-09-04T21:42:07.052+06:30 DEBUG 20184 --- [nio-8080-exec-3] o.s.security.web.FilterChainProxy        : Securing GET /api/staff
2026-09-04T21:42:07.068+06:30 DEBUG 20184 --- [nio-8080-exec-3] o.s.security.web.FilterChainProxy        : Secured GET /api/staff
2026-09-04T21:42:07.656+06:30 DEBUG 20184 --- [nio-8080-exec-4] o.s.security.web.FilterChainProxy        : Securing POST /api/generations/fb78632d-5cce-46ca-8388-778570eb0847/lock
2026-09-04T21:42:07.656+06:30 DEBUG 20184 --- [nio-8080-exec-4] o.s.security.web.FilterChainProxy        : Secured POST /api/generations/fb78632d-5cce-46ca-8388-778570eb0847/lock
2026-09-04T21:43:06.893+06:30 DEBUG 20184 --- [nio-8080-exec-7] o.s.security.web.FilterChainProxy        : Securing GET /api/generations/fb78632d-5cce-46ca-8388-778570eb0847/lock
2026-09-04T21:43:06.900+06:30 DEBUG 20184 --- [nio-8080-exec-7] o.s.security.web.FilterChainProxy        : Secured GET /api/generations/fb78632d-5cce-46ca-8388-778570eb0847/lock
2026-09-04T21:43:07.183+06:30 DEBUG 20184 --- [nio-8080-exec-1] o.s.security.web.FilterChainProxy        : Securing POST /api/generations/fb78632d-5cce-46ca-8388-778570eb0847/lock
2026-09-04T21:43:07.183+06:30 DEBUG 20184 --- [nio-8080-exec-1] o.s.security.web.FilterChainProxy        : Secured POST /api/generations/fb78632d-5cce-46ca-8388-778570eb0847/lock
2026-09-04T21:44:07.013+06:30 DEBUG 20184 --- [nio-8080-exec-3] o.s.security.web.FilterChainProxy        : Securing GET /api/users
2026-09-04T21:44:07.029+06:30 DEBUG 20184 --- [nio-8080-exec-3] o.s.security.web.FilterChainProxy        : Secured GET /api/users
2026-09-04T21:44:07.065+06:30 DEBUG 20184 --- [nio-8080-exec-4] o.s.security.web.FilterChainProxy        : Securing GET /api/students
2026-09-04T21:44:07.065+06:30 DEBUG 20184 --- [nio-8080-exec-2] o.s.security.web.FilterChainProxy        : Securing GET /api/generations/fb78632d-5cce-46ca-8388-778570eb0847/lock
2026-09-04T21:44:07.065+06:30 DEBUG 20184 --- [nio-8080-exec-8] o.s.security.web.FilterChainProxy        : Securing GET /api/staff
2026-09-04T21:44:07.065+06:30 DEBUG 20184 --- [nio-8080-exec-4] o.s.security.web.FilterChainProxy        : Secured GET /api/students
2026-09-04T21:44:07.074+06:30 DEBUG 20184 --- [nio-8080-exec-2] o.s.security.web.FilterChainProxy        : Secured GET /api/generations/fb78632d-5cce-46ca-8388-778570eb0847/lock
2026-09-04T21:44:07.076+06:30 DEBUG 20184 --- [nio-8080-exec-8] o.s.security.web.FilterChainProxy        : Secured GET /api/staff
2026-09-04T21:44:07.409+06:30 DEBUG 20184 --- [nio-8080-exec-6] o.s.security.web.FilterChainProxy        : Securing POST /api/generations/fb78632d-5cce-46ca-8388-778570eb0847/lock
2026-09-04T21:44:07.425+06:30 DEBUG 20184 --- [nio-8080-exec-6] o.s.security.web.FilterChainProxy        : Secured POST /api/generations/fb78632d-5cce-46ca-8388-778570eb0847/lock
2026-09-04T21:45:06.998+06:30 DEBUG 20184 --- [io-8080-exec-10] o.s.security.web.FilterChainProxy        : Securing GET /api/generations/fb78632d-5cce-46ca-8388-778570eb0847/lock
2026-09-04T21:45:06.998+06:30 DEBUG 20184 --- [io-8080-exec-10] o.s.security.web.FilterChainProxy        : Secured GET /api/generations/fb78632d-5cce-46ca-8388-778570eb0847/lock
2026-09-04T21:45:07.410+06:30 DEBUG 20184 --- [nio-8080-exec-2] o.s.security.web.FilterChainProxy        : Securing POST /api/generations/fb78632d-5cce-46ca-8388-778570eb0847/lock
2026-09-04T21:45:07.410+06:30 DEBUG 20184 --- [nio-8080-exec-2] o.s.security.web.FilterChainProxy        : Secured POST /api/generations/fb78632d-5cce-46ca-8388-778570eb0847/lock
