
  .   ____          _            __ _ _
 /\\ / ___'_ __ _ _(_)_ __  __ _ \ \ \ \
( ( )\___ | '_ | '_| | '_ \/ _` | \ \ \ \
 \\/  ___)| |_)| | | | | || (_| |  ) ) ) )
  '  |____| .__|_| |_|_| |_\__, | / / / /
 =========|_|==============|___/=/_/_/_/
 :: Spring Boot ::                (v3.2.5)

2026-08-31T16:07:14.072+06:30  INFO 8652 --- [           main] com.unicconnect.UniConnectApplication    : Starting UniConnectApplication v0.0.1-SNAPSHOT using Java 21.0.11 with PID 8652 (D:\UniConnect\UniConnectServer-V2\UniConnectServer\target\unicconnect-api-0.0.1-SNAPSHOT.jar started by Khaing Zin Phyo in D:\UniConnect\UniConnectServer-V2\UniConnectServer)
2026-08-31T16:07:14.076+06:30 DEBUG 8652 --- [           main] com.unicconnect.UniConnectApplication    : Running with Spring Boot v3.2.5, Spring v6.1.6
2026-08-31T16:07:14.076+06:30  INFO 8652 --- [           main] com.unicconnect.UniConnectApplication    : The following 1 profile is active: "dev"
2026-08-31T16:07:16.506+06:30  INFO 8652 --- [           main] .s.d.r.c.RepositoryConfigurationDelegate : Bootstrapping Spring Data JPA repositories in DEFAULT mode.
2026-08-31T16:07:16.760+06:30  INFO 8652 --- [           main] .s.d.r.c.RepositoryConfigurationDelegate : Finished Spring Data repository scanning in 231 ms. Found 27 JPA repository interfaces.
2026-08-31T16:07:18.247+06:30  INFO 8652 --- [           main] o.s.b.w.embedded.tomcat.TomcatWebServer  : Tomcat initialized with port 8090 (http)
2026-08-31T16:07:18.278+06:30  INFO 8652 --- [           main] o.apache.catalina.core.StandardService   : Starting service [Tomcat]
2026-08-31T16:07:18.278+06:30  INFO 8652 --- [           main] o.apache.catalina.core.StandardEngine    : Starting Servlet engine: [Apache Tomcat/10.1.20]
2026-08-31T16:07:18.369+06:30  INFO 8652 --- [           main] o.a.c.c.C.[Tomcat].[localhost].[/]       : Initializing Spring embedded WebApplicationContext
2026-08-31T16:07:18.372+06:30  INFO 8652 --- [           main] w.s.c.ServletWebServerApplicationContext : Root WebApplicationContext: initialization completed in 4087 ms
2026-08-31T16:07:18.532+06:30 DEBUG 8652 --- [           main] c.u.security.JwtAuthenticationFilter     : Filter 'jwtAuthenticationFilter' configured for use
2026-08-31T16:07:18.788+06:30  INFO 8652 --- [           main] o.hibernate.jpa.internal.util.LogHelper  : HHH000204: Processing PersistenceUnitInfo [name: default]
2026-08-31T16:07:19.011+06:30  INFO 8652 --- [           main] org.hibernate.Version                    : HHH000412: Hibernate ORM core version 6.4.4.Final
2026-08-31T16:07:19.116+06:30  INFO 8652 --- [           main] o.h.c.internal.RegionFactoryInitiator    : HHH000026: Second-level cache disabled
2026-08-31T16:07:19.851+06:30  INFO 8652 --- [           main] o.s.o.j.p.SpringPersistenceUnitInfo      : No LoadTimeWeaver setup: ignoring JPA class transformer
2026-08-31T16:07:19.930+06:30  INFO 8652 --- [           main] com.zaxxer.hikari.HikariDataSource       : HikariPool-1 - Starting...
2026-08-31T16:07:19.970+06:30  INFO 8652 --- [           main] com.zaxxer.hikari.HikariDataSource       : HikariPool-1 - Start completed.
2026-08-31T16:07:22.229+06:30  WARN 8652 --- [           main] org.hibernate.orm.deprecation            : HHH90000025: PostgreSQLDialect does not need to be specified explicitly using 'hibernate.dialect' (remove the property setting and it will be selected by default)
2026-08-31T16:07:24.915+06:30  INFO 8652 --- [           main] o.h.e.t.j.p.i.JtaPlatformInitiator       : HHH000489: No JTA platform available (set 'hibernate.transaction.jta.platform' to enable JTA platform integration)
2026-08-31T16:07:25.865+06:30  INFO 8652 --- [           main] j.LocalContainerEntityManagerFactoryBean : Initialized JPA EntityManagerFactory for persistence unit 'default'
2026-08-31T16:07:26.640+06:30  INFO 8652 --- [           main] o.s.d.j.r.query.QueryEnhancerFactory     : Hibernate is in classpath; If applicable, HQL parser will be used.
2026-08-31T16:07:29.418+06:30  INFO 8652 --- [           main] com.unicconnect.service.StorageService   : StorageService active mode: local
2026-08-31T16:07:30.499+06:30  INFO 8652 --- [           main] o.s.s.web.DefaultSecurityFilterChain     : Will secure any request with [org.springframework.security.web.session.DisableEncodeUrlFilter@7ad29d4b, org.springframework.security.web.context.request.async.WebAsyncManagerIntegrationFilter@7270ff5d, org.springframework.security.web.context.SecurityContextHolderFilter@2c56d4ab, org.springframework.security.web.header.HeaderWriterFilter@682c8352, org.springframework.web.filter.CorsFilter@5451d7a0, org.springframework.security.web.authentication.logout.LogoutFilter@70dbde75, com.unicconnect.security.JwtAuthenticationFilter@2db15f70, org.springframework.security.web.savedrequest.RequestCacheAwareFilter@212c7d47, org.springframework.security.web.servletapi.SecurityContextHolderAwareRequestFilter@3977c325, org.springframework.security.web.authentication.AnonymousAuthenticationFilter@1ccacb0c, org.springframework.security.web.session.SessionManagementFilter@4f427387, org.springframework.security.web.access.ExceptionTranslationFilter@16c5e7ad, org.springframework.security.web.access.intercept.AuthorizationFilter@38d60f9b]
2026-08-31T16:07:30.993+06:30  INFO 8652 --- [           main] o.s.b.w.embedded.tomcat.TomcatWebServer  : Tomcat started on port 8090 (http) with context path ''
2026-08-31T16:07:31.021+06:30  INFO 8652 --- [           main] com.unicconnect.UniConnectApplication    : Started UniConnectApplication in 18.076 seconds (process running for 19.219)
2026-08-31T16:07:31.032+06:30  INFO 8652 --- [           main] c.unicconnect.config.DevDataInitializer  : === Dev profile active: seeding development data ===
2026-08-31T16:07:32.252+06:30  INFO 8652 --- [           main] c.unicconnect.config.DevDataInitializer  : Organizational units seeded
2026-08-31T16:07:32.554+06:30  INFO 8652 --- [           main] c.unicconnect.config.DevDataInitializer  : Semesters seeded (1-8)
2026-08-31T16:07:33.008+06:30  INFO 8652 --- [           main] c.unicconnect.config.DevDataInitializer  : Sections seeded (A, B, C)
2026-08-31T16:07:34.111+06:30  INFO 8652 --- [           main] c.unicconnect.config.DevDataInitializer  : Majors seeded (CS, CT, CST)
2026-08-31T16:07:34.184+06:30  INFO 8652 --- [           main] c.unicconnect.config.DevDataInitializer  : Active academic term already exists
2026-08-31T16:07:35.023+06:30  INFO 8652 --- [           main] c.unicconnect.config.DevDataInitializer  : Positions seeded
2026-08-31T16:07:35.107+06:30  INFO 8652 --- [           main] c.unicconnect.config.DevDataInitializer  : System admin already exists: nyiminyan0099@gmail.com
2026-08-31T16:07:41.866+06:30  INFO 8652 --- [           main] c.unicconnect.config.DevDataInitializer  : Staff seeded (30 total: 20 lecturers, 3 student affairs, 3 finance, 3 administration, 1 admin)
2026-08-31T16:07:42.165+06:30  INFO 8652 --- [           main] c.unicconnect.config.DevDataInitializer  : Students already present (244), skipping student seed
2026-08-31T16:07:42.165+06:30  INFO 8652 --- [           main] c.unicconnect.config.DevDataInitializer  : === Dev data seeding complete (attempt 1) ===
2026-08-31T16:07:42.371+06:30  INFO 8652 --- [           main] com.unicconnect.config.DataInitializer   : Roles seeded successfully
2026-08-31T16:07:43.418+06:30  INFO 8652 --- [           main] com.unicconnect.config.DataInitializer   : Positions seeded successfully
2026-08-31T16:08:12.709+06:30  INFO 8652 --- [nio-8090-exec-7] o.a.c.c.C.[Tomcat].[localhost].[/]       : Initializing Spring DispatcherServlet 'dispatcherServlet'
2026-08-31T16:08:12.710+06:30  INFO 8652 --- [nio-8090-exec-7] o.s.web.servlet.DispatcherServlet        : Initializing Servlet 'dispatcherServlet'
2026-08-31T16:08:12.712+06:30  INFO 8652 --- [nio-8090-exec-7] o.s.web.servlet.DispatcherServlet        : Completed initialization in 1 ms
2026-08-31T16:08:12.740+06:30 DEBUG 8652 --- [nio-8090-exec-7] o.s.security.web.FilterChainProxy        : Securing GET /api/staff
2026-08-31T16:08:12.740+06:30 DEBUG 8652 --- [nio-8090-exec-2] o.s.security.web.FilterChainProxy        : Securing GET /api/users
2026-08-31T16:08:12.740+06:30 DEBUG 8652 --- [nio-8090-exec-3] o.s.security.web.FilterChainProxy        : Securing GET /api/students
2026-08-31T16:08:12.740+06:30 DEBUG 8652 --- [nio-8090-exec-1] o.s.security.web.FilterChainProxy        : Securing GET /api/generations/847d903f-5101-4f33-b517-353b3cbe939a/lock
2026-08-31T16:08:12.969+06:30 DEBUG 8652 --- [nio-8090-exec-2] o.s.security.web.FilterChainProxy        : Secured GET /api/users
2026-08-31T16:08:12.969+06:30 DEBUG 8652 --- [nio-8090-exec-1] o.s.security.web.FilterChainProxy        : Secured GET /api/generations/847d903f-5101-4f33-b517-353b3cbe939a/lock
2026-08-31T16:08:12.969+06:30 DEBUG 8652 --- [nio-8090-exec-7] o.s.security.web.FilterChainProxy        : Secured GET /api/staff
2026-08-31T16:08:12.969+06:30 DEBUG 8652 --- [nio-8090-exec-3] o.s.security.web.FilterChainProxy        : Secured GET /api/students
2026-08-31T16:08:13.251+06:30 DEBUG 8652 --- [nio-8090-exec-5] o.s.security.web.FilterChainProxy        : Securing POST /api/generations/847d903f-5101-4f33-b517-353b3cbe939a/lock
2026-08-31T16:08:13.261+06:30 DEBUG 8652 --- [nio-8090-exec-5] o.s.security.web.FilterChainProxy        : Secured POST /api/generations/847d903f-5101-4f33-b517-353b3cbe939a/lock
2026-08-31T16:09:12.568+06:30 DEBUG 8652 --- [io-8090-exec-10] o.s.security.web.FilterChainProxy        : Securing GET /api/generations/847d903f-5101-4f33-b517-353b3cbe939a/lock
2026-08-31T16:09:12.584+06:30 DEBUG 8652 --- [io-8090-exec-10] o.s.security.web.FilterChainProxy        : Secured GET /api/generations/847d903f-5101-4f33-b517-353b3cbe939a/lock
2026-08-31T16:09:12.901+06:30 DEBUG 8652 --- [nio-8090-exec-1] o.s.security.web.FilterChainProxy        : Securing POST /api/generations/847d903f-5101-4f33-b517-353b3cbe939a/lock
2026-08-31T16:09:12.907+06:30 DEBUG 8652 --- [nio-8090-exec-1] o.s.security.web.FilterChainProxy        : Secured POST /api/generations/847d903f-5101-4f33-b517-353b3cbe939a/lock
2026-08-31T16:10:12.693+06:30 DEBUG 8652 --- [nio-8090-exec-5] o.s.security.web.FilterChainProxy        : Securing GET /api/students
2026-08-31T16:10:12.693+06:30 DEBUG 8652 --- [nio-8090-exec-4] o.s.security.web.FilterChainProxy        : Securing GET /api/staff
2026-08-31T16:10:12.693+06:30 DEBUG 8652 --- [nio-8090-exec-7] o.s.security.web.FilterChainProxy        : Securing GET /api/generations/847d903f-5101-4f33-b517-353b3cbe939a/lock
2026-08-31T16:10:12.703+06:30 DEBUG 8652 --- [nio-8090-exec-3] o.s.security.web.FilterChainProxy        : Securing GET /api/users
2026-08-31T16:10:12.703+06:30 DEBUG 8652 --- [nio-8090-exec-5] o.s.security.web.FilterChainProxy        : Secured GET /api/students
2026-08-31T16:10:12.703+06:30 DEBUG 8652 --- [nio-8090-exec-4] o.s.security.web.FilterChainProxy        : Secured GET /api/staff
2026-08-31T16:10:12.708+06:30 DEBUG 8652 --- [nio-8090-exec-7] o.s.security.web.FilterChainProxy        : Secured GET /api/generations/847d903f-5101-4f33-b517-353b3cbe939a/lock
2026-08-31T16:10:12.708+06:30 DEBUG 8652 --- [nio-8090-exec-3] o.s.security.web.FilterChainProxy        : Secured GET /api/users
2026-08-31T16:10:13.470+06:30 DEBUG 8652 --- [nio-8090-exec-8] o.s.security.web.FilterChainProxy        : Securing POST /api/generations/847d903f-5101-4f33-b517-353b3cbe939a/lock
2026-08-31T16:10:13.470+06:30 DEBUG 8652 --- [nio-8090-exec-8] o.s.security.web.FilterChainProxy        : Secured POST /api/generations/847d903f-5101-4f33-b517-353b3cbe939a/lock
2026-08-31T16:10:38.130+06:30 DEBUG 8652 --- [nio-8090-exec-6] o.s.security.web.FilterChainProxy        : Securing GET /api/generations/847d903f-5101-4f33-b517-353b3cbe939a/lock
2026-08-31T16:10:38.130+06:30 DEBUG 8652 --- [nio-8090-exec-6] o.s.security.web.FilterChainProxy        : Secured GET /api/generations/847d903f-5101-4f33-b517-353b3cbe939a/lock
2026-08-31T16:10:38.143+06:30 DEBUG 8652 --- [nio-8090-exec-9] o.s.security.web.FilterChainProxy        : Securing GET /api/timetable-lobbies
2026-08-31T16:10:38.143+06:30 DEBUG 8652 --- [nio-8090-exec-9] o.s.security.web.FilterChainProxy        : Secured GET /api/timetable-lobbies
2026-08-31T16:10:38.504+06:30 DEBUG 8652 --- [io-8090-exec-10] o.s.security.web.FilterChainProxy        : Securing POST /api/generations/847d903f-5101-4f33-b517-353b3cbe939a/lock/heartbeat
2026-08-31T16:10:38.510+06:30 DEBUG 8652 --- [io-8090-exec-10] o.s.security.web.FilterChainProxy        : Secured POST /api/generations/847d903f-5101-4f33-b517-353b3cbe939a/lock/heartbeat
2026-08-31T16:10:44.375+06:30 DEBUG 8652 --- [nio-8090-exec-1] o.s.security.web.FilterChainProxy        : Securing GET /api/students
2026-08-31T16:10:44.388+06:30 DEBUG 8652 --- [nio-8090-exec-1] o.s.security.web.FilterChainProxy        : Secured GET /api/students
2026-08-31T16:10:44.444+06:30 DEBUG 8652 --- [nio-8090-exec-2] o.s.security.web.FilterChainProxy        : Securing GET /api/users
2026-08-31T16:10:44.444+06:30 DEBUG 8652 --- [nio-8090-exec-7] o.s.security.web.FilterChainProxy        : Securing GET /api/terms
2026-08-31T16:10:44.459+06:30 DEBUG 8652 --- [nio-8090-exec-2] o.s.security.web.FilterChainProxy        : Secured GET /api/users
2026-08-31T16:10:44.461+06:30 DEBUG 8652 --- [nio-8090-exec-7] o.s.security.web.FilterChainProxy        : Secured GET /api/terms
2026-08-31T16:10:44.494+06:30 DEBUG 8652 --- [nio-8090-exec-3] o.s.security.web.FilterChainProxy        : Securing GET /api/staff/me
2026-08-31T16:10:44.500+06:30 DEBUG 8652 --- [nio-8090-exec-3] o.s.security.web.FilterChainProxy        : Secured GET /api/staff/me
2026-08-31T16:10:45.270+06:30 DEBUG 8652 --- [nio-8090-exec-4] o.s.security.web.FilterChainProxy        : Securing GET /api/staff
2026-08-31T16:10:45.277+06:30 DEBUG 8652 --- [nio-8090-exec-4] o.s.security.web.FilterChainProxy        : Secured GET /api/staff
2026-08-31T16:10:46.190+06:30 DEBUG 8652 --- [nio-8090-exec-5] o.s.security.web.FilterChainProxy        : Securing GET /api/terms
2026-08-31T16:10:46.190+06:30 DEBUG 8652 --- [nio-8090-exec-5] o.s.security.web.FilterChainProxy        : Secured GET /api/terms
2026-08-31T16:10:46.292+06:30 DEBUG 8652 --- [nio-8090-exec-8] o.s.security.web.FilterChainProxy        : Securing GET /api/staff/me
2026-08-31T16:10:46.303+06:30 DEBUG 8652 --- [nio-8090-exec-8] o.s.security.web.FilterChainProxy        : Secured GET /api/staff/me
2026-08-31T16:10:46.463+06:30 DEBUG 8652 --- [nio-8090-exec-6] o.s.security.web.FilterChainProxy        : Securing GET /api/timetable-lobbies
2026-08-31T16:10:46.467+06:30 DEBUG 8652 --- [nio-8090-exec-6] o.s.security.web.FilterChainProxy        : Secured GET /api/timetable-lobbies
2026-08-31T16:10:47.491+06:30 DEBUG 8652 --- [io-8090-exec-10] o.s.security.web.FilterChainProxy        : Securing GET /api/generations
2026-08-31T16:10:47.502+06:30 DEBUG 8652 --- [io-8090-exec-10] o.s.security.web.FilterChainProxy        : Secured GET /api/generations
2026-08-31T16:10:47.534+06:30 DEBUG 8652 --- [nio-8090-exec-9] o.s.security.web.FilterChainProxy        : Securing GET /api/generations/manage?termId=efc68a91-5818-41aa-b4fb-893e240ea0ed
2026-08-31T16:10:47.534+06:30 DEBUG 8652 --- [nio-8090-exec-9] o.s.security.web.FilterChainProxy        : Secured GET /api/generations/manage?termId=efc68a91-5818-41aa-b4fb-893e240ea0ed
2026-08-31T16:10:48.457+06:30 DEBUG 8652 --- [nio-8090-exec-7] o.s.security.web.FilterChainProxy        : Securing GET /api/generations
2026-08-31T16:10:48.463+06:30 DEBUG 8652 --- [nio-8090-exec-7] o.s.security.web.FilterChainProxy        : Secured GET /api/generations
2026-08-31T16:10:48.673+06:30 DEBUG 8652 --- [nio-8090-exec-2] o.s.security.web.FilterChainProxy        : Securing GET /api/generations/d8ed8796-8623-4e5c-9bb3-ffdbdaf09867
2026-08-31T16:10:48.688+06:30 DEBUG 8652 --- [nio-8090-exec-2] o.s.security.web.FilterChainProxy        : Secured GET /api/generations/d8ed8796-8623-4e5c-9bb3-ffdbdaf09867
2026-08-31T16:10:48.704+06:30 DEBUG 8652 --- [nio-8090-exec-3] o.s.security.web.FilterChainProxy        : Securing GET /api/generations/manage?termId=efc68a91-5818-41aa-b4fb-893e240ea0ed
2026-08-31T16:10:48.710+06:30 DEBUG 8652 --- [nio-8090-exec-3] o.s.security.web.FilterChainProxy        : Secured GET /api/generations/manage?termId=efc68a91-5818-41aa-b4fb-893e240ea0ed
2026-08-31T16:10:49.004+06:30 DEBUG 8652 --- [nio-8090-exec-5] o.s.security.web.FilterChainProxy        : Securing GET /api/time-slots
2026-08-31T16:10:49.004+06:30 DEBUG 8652 --- [nio-8090-exec-5] o.s.security.web.FilterChainProxy        : Secured GET /api/time-slots
2026-08-31T16:10:49.104+06:30 DEBUG 8652 --- [nio-8090-exec-8] o.s.security.web.FilterChainProxy        : Securing GET /api/generations/d8ed8796-8623-4e5c-9bb3-ffdbdaf09867
2026-08-31T16:10:49.111+06:30 DEBUG 8652 --- [nio-8090-exec-8] o.s.security.web.FilterChainProxy        : Secured GET /api/generations/d8ed8796-8623-4e5c-9bb3-ffdbdaf09867
2026-08-31T16:10:49.287+06:30 DEBUG 8652 --- [nio-8090-exec-4] o.s.security.web.FilterChainProxy        : Securing GET /api/exam-types
2026-08-31T16:10:49.287+06:30 DEBUG 8652 --- [nio-8090-exec-4] o.s.security.web.FilterChainProxy        : Secured GET /api/exam-types
2026-08-31T16:10:49.387+06:30 DEBUG 8652 --- [nio-8090-exec-1] o.s.security.web.FilterChainProxy        : Securing GET /api/time-slots
2026-08-31T16:10:49.392+06:30 DEBUG 8652 --- [nio-8090-exec-1] o.s.security.web.FilterChainProxy        : Secured GET /api/time-slots
2026-08-31T16:10:49.556+06:30 DEBUG 8652 --- [io-8090-exec-10] o.s.security.web.FilterChainProxy        : Securing GET /api/exam-types
2026-08-31T16:10:49.556+06:30 DEBUG 8652 --- [io-8090-exec-10] o.s.security.web.FilterChainProxy        : Secured GET /api/exam-types
2026-08-31T16:10:50.320+06:30 DEBUG 8652 --- [nio-8090-exec-9] o.s.security.web.FilterChainProxy        : Securing GET /api/timetable-lobbies
2026-08-31T16:10:50.325+06:30 DEBUG 8652 --- [nio-8090-exec-9] o.s.security.web.FilterChainProxy        : Secured GET /api/timetable-lobbies
2026-08-31T16:10:52.643+06:30 DEBUG 8652 --- [nio-8090-exec-2] o.s.security.web.FilterChainProxy        : Securing GET /api/timetable-lobbies
2026-08-31T16:10:52.645+06:30 DEBUG 8652 --- [nio-8090-exec-2] o.s.security.web.FilterChainProxy        : Secured GET /api/timetable-lobbies
2026-08-31T16:10:54.647+06:30 DEBUG 8652 --- [nio-8090-exec-7] o.s.security.web.FilterChainProxy        : Securing GET /api/timetable-lobbies
2026-08-31T16:10:54.651+06:30 DEBUG 8652 --- [nio-8090-exec-7] o.s.security.web.FilterChainProxy        : Secured GET /api/timetable-lobbies
2026-08-31T16:10:54.682+06:30 DEBUG 8652 --- [nio-8090-exec-5] o.s.security.web.FilterChainProxy        : Securing GET /api/generations/manage?termId=efc68a91-5818-41aa-b4fb-893e240ea0ed
2026-08-31T16:10:54.682+06:30 DEBUG 8652 --- [nio-8090-exec-5] o.s.security.web.FilterChainProxy        : Secured GET /api/generations/manage?termId=efc68a91-5818-41aa-b4fb-893e240ea0ed
2026-08-31T16:10:54.699+06:30 DEBUG 8652 --- [nio-8090-exec-4] o.s.security.web.FilterChainProxy        : Securing GET /api/generations/scope?termId=efc68a91-5818-41aa-b4fb-893e240ea0ed&examTypeId=4f885c79-0eb3-a8b3-d35d-dee741a88907
2026-08-31T16:10:54.706+06:30 DEBUG 8652 --- [nio-8090-exec-3] o.s.security.web.FilterChainProxy        : Securing GET /api/generations/d8ed8796-8623-4e5c-9bb3-ffdbdaf09867/schedules
2026-08-31T16:10:54.706+06:30 DEBUG 8652 --- [nio-8090-exec-4] o.s.security.web.FilterChainProxy        : Secured GET /api/generations/scope?termId=efc68a91-5818-41aa-b4fb-893e240ea0ed&examTypeId=4f885c79-0eb3-a8b3-d35d-dee741a88907
2026-08-31T16:10:54.706+06:30 DEBUG 8652 --- [nio-8090-exec-3] o.s.security.web.FilterChainProxy        : Secured GET /api/generations/d8ed8796-8623-4e5c-9bb3-ffdbdaf09867/schedules
2026-08-31T16:10:56.081+06:30 DEBUG 8652 --- [nio-8090-exec-8] o.s.security.web.FilterChainProxy        : Securing GET /api/generations/d8ed8796-8623-4e5c-9bb3-ffdbdaf09867/lock
2026-08-31T16:10:56.084+06:30 DEBUG 8652 --- [nio-8090-exec-8] o.s.security.web.FilterChainProxy        : Secured GET /api/generations/d8ed8796-8623-4e5c-9bb3-ffdbdaf09867/lock
2026-08-31T16:10:56.148+06:30 DEBUG 8652 --- [nio-8090-exec-1] o.s.security.web.FilterChainProxy        : Securing POST /api/generations/d8ed8796-8623-4e5c-9bb3-ffdbdaf09867/lock
2026-08-31T16:10:56.158+06:30 DEBUG 8652 --- [nio-8090-exec-1] o.s.security.web.FilterChainProxy        : Secured POST /api/generations/d8ed8796-8623-4e5c-9bb3-ffdbdaf09867/lock
2026-08-31T16:10:56.973+06:30 DEBUG 8652 --- [nio-8090-exec-6] o.s.security.web.FilterChainProxy        : Securing GET /api/generations/manage?termId=efc68a91-5818-41aa-b4fb-893e240ea0ed
2026-08-31T16:10:56.973+06:30 DEBUG 8652 --- [io-8090-exec-10] o.s.security.web.FilterChainProxy        : Securing GET /api/timetable-lobbies
2026-08-31T16:10:56.979+06:30 DEBUG 8652 --- [nio-8090-exec-6] o.s.security.web.FilterChainProxy        : Secured GET /api/generations/manage?termId=efc68a91-5818-41aa-b4fb-893e240ea0ed
2026-08-31T16:10:56.979+06:30 DEBUG 8652 --- [io-8090-exec-10] o.s.security.web.FilterChainProxy        : Secured GET /api/timetable-lobbies
2026-08-31T16:10:56.998+06:30 DEBUG 8652 --- [nio-8090-exec-9] o.s.security.web.FilterChainProxy        : Securing GET /api/generations/scope?termId=efc68a91-5818-41aa-b4fb-893e240ea0ed&examTypeId=4f885c79-0eb3-a8b3-d35d-dee741a88907
2026-08-31T16:10:56.998+06:30 DEBUG 8652 --- [nio-8090-exec-2] o.s.security.web.FilterChainProxy        : Securing GET /api/generations/d8ed8796-8623-4e5c-9bb3-ffdbdaf09867/schedules
2026-08-31T16:10:57.017+06:30 DEBUG 8652 --- [nio-8090-exec-2] o.s.security.web.FilterChainProxy        : Secured GET /api/generations/d8ed8796-8623-4e5c-9bb3-ffdbdaf09867/schedules
2026-08-31T16:10:57.017+06:30 DEBUG 8652 --- [nio-8090-exec-9] o.s.security.web.FilterChainProxy        : Secured GET /api/generations/scope?termId=efc68a91-5818-41aa-b4fb-893e240ea0ed&examTypeId=4f885c79-0eb3-a8b3-d35d-dee741a88907
2026-08-31T16:11:00.062+06:30 DEBUG 8652 --- [nio-8090-exec-4] o.s.security.web.FilterChainProxy        : Securing GET /api/generations/d8ed8796-8623-4e5c-9bb3-ffdbdaf09867/lock
2026-08-31T16:11:00.067+06:30 DEBUG 8652 --- [nio-8090-exec-4] o.s.security.web.FilterChainProxy        : Secured GET /api/generations/d8ed8796-8623-4e5c-9bb3-ffdbdaf09867/lock
2026-08-31T16:11:00.313+06:30 DEBUG 8652 --- [nio-8090-exec-5] o.s.security.web.FilterChainProxy        : Securing GET /api/timetable-lobbies
2026-08-31T16:11:00.318+06:30 DEBUG 8652 --- [nio-8090-exec-5] o.s.security.web.FilterChainProxy        : Secured GET /api/timetable-lobbies
2026-08-31T16:11:00.363+06:30 DEBUG 8652 --- [nio-8090-exec-3] o.s.security.web.FilterChainProxy        : Securing POST /api/generations/d8ed8796-8623-4e5c-9bb3-ffdbdaf09867/lock/heartbeat
2026-08-31T16:11:00.369+06:30 DEBUG 8652 --- [nio-8090-exec-3] o.s.security.web.FilterChainProxy        : Secured POST /api/generations/d8ed8796-8623-4e5c-9bb3-ffdbdaf09867/lock/heartbeat
2026-08-31T16:11:04.076+06:30 DEBUG 8652 --- [nio-8090-exec-8] o.s.security.web.FilterChainProxy        : Securing GET /api/generations/d8ed8796-8623-4e5c-9bb3-ffdbdaf09867/lock
2026-08-31T16:11:04.087+06:30 DEBUG 8652 --- [nio-8090-exec-8] o.s.security.web.FilterChainProxy        : Secured GET /api/generations/d8ed8796-8623-4e5c-9bb3-ffdbdaf09867/lock
2026-08-31T16:11:04.361+06:30 DEBUG 8652 --- [nio-8090-exec-1] o.s.security.web.FilterChainProxy        : Securing POST /api/generations/d8ed8796-8623-4e5c-9bb3-ffdbdaf09867/lock/heartbeat
2026-08-31T16:11:04.367+06:30 DEBUG 8652 --- [nio-8090-exec-1] o.s.security.web.FilterChainProxy        : Secured POST /api/generations/d8ed8796-8623-4e5c-9bb3-ffdbdaf09867/lock/heartbeat
2026-08-31T16:11:08.061+06:30 DEBUG 8652 --- [nio-8090-exec-7] o.s.security.web.FilterChainProxy        : Securing GET /api/generations/d8ed8796-8623-4e5c-9bb3-ffdbdaf09867/lock
2026-08-31T16:11:08.067+06:30 DEBUG 8652 --- [nio-8090-exec-7] o.s.security.web.FilterChainProxy        : Secured GET /api/generations/d8ed8796-8623-4e5c-9bb3-ffdbdaf09867/lock
2026-08-31T16:11:08.307+06:30 DEBUG 8652 --- [nio-8090-exec-9] o.s.security.web.FilterChainProxy        : Securing GET /api/timetable-lobbies
2026-08-31T16:11:08.313+06:30 DEBUG 8652 --- [nio-8090-exec-9] o.s.security.web.FilterChainProxy        : Secured GET /api/timetable-lobbies
2026-08-31T16:11:08.385+06:30 DEBUG 8652 --- [nio-8090-exec-6] o.s.security.web.FilterChainProxy        : Securing POST /api/generations/d8ed8796-8623-4e5c-9bb3-ffdbdaf09867/lock/heartbeat
2026-08-31T16:11:08.392+06:30 DEBUG 8652 --- [nio-8090-exec-6] o.s.security.web.FilterChainProxy        : Secured POST /api/generations/d8ed8796-8623-4e5c-9bb3-ffdbdaf09867/lock/heartbeat
2026-08-31T16:11:12.057+06:30 DEBUG 8652 --- [nio-8090-exec-2] o.s.security.web.FilterChainProxy        : Securing GET /api/generations/d8ed8796-8623-4e5c-9bb3-ffdbdaf09867/lock
2026-08-31T16:11:12.060+06:30 DEBUG 8652 --- [nio-8090-exec-2] o.s.security.web.FilterChainProxy        : Secured GET /api/generations/d8ed8796-8623-4e5c-9bb3-ffdbdaf09867/lock
2026-08-31T16:11:12.688+06:30 DEBUG 8652 --- [io-8090-exec-10] o.s.security.web.FilterChainProxy        : Securing POST /api/generations/d8ed8796-8623-4e5c-9bb3-ffdbdaf09867/lock/heartbeat
2026-08-31T16:11:12.692+06:30 DEBUG 8652 --- [io-8090-exec-10] o.s.security.web.FilterChainProxy        : Secured POST /api/generations/d8ed8796-8623-4e5c-9bb3-ffdbdaf09867/lock/heartbeat
2026-08-31T16:11:16.043+06:30 DEBUG 8652 --- [nio-8090-exec-4] o.s.security.web.FilterChainProxy        : Securing GET /api/generations/d8ed8796-8623-4e5c-9bb3-ffdbdaf09867/lock
2026-08-31T16:11:16.068+06:30 DEBUG 8652 --- [nio-8090-exec-4] o.s.s.w.a.AnonymousAuthenticationFilter  : Set SecurityContextHolder to anonymous SecurityContext
2026-08-31T16:11:16.122+06:30 DEBUG 8652 --- [nio-8090-exec-3] o.s.security.web.FilterChainProxy        : Securing POST /api/auth/refresh
2026-08-31T16:11:16.122+06:30 DEBUG 8652 --- [nio-8090-exec-3] o.s.s.w.a.AnonymousAuthenticationFilter  : Set SecurityContextHolder to anonymous SecurityContext
2026-08-31T16:11:16.130+06:30 DEBUG 8652 --- [nio-8090-exec-3] o.s.security.web.FilterChainProxy        : Secured POST /api/auth/refresh
2026-08-31T16:11:16.304+06:30 DEBUG 8652 --- [nio-8090-exec-5] o.s.security.web.FilterChainProxy        : Securing GET /api/timetable-lobbies
2026-08-31T16:11:16.307+06:30 DEBUG 8652 --- [nio-8090-exec-5] o.s.s.w.a.AnonymousAuthenticationFilter  : Set SecurityContextHolder to anonymous SecurityContext
2026-08-31T16:11:18.908+06:30 DEBUG 8652 --- [nio-8090-exec-8] o.s.security.web.FilterChainProxy        : Securing GET /api/generations/d8ed8796-8623-4e5c-9bb3-ffdbdaf09867/lock
2026-08-31T16:11:18.911+06:30 DEBUG 8652 --- [nio-8090-exec-1] o.s.security.web.FilterChainProxy        : Securing GET /api/timetable-lobbies
2026-08-31T16:11:18.913+06:30 DEBUG 8652 --- [nio-8090-exec-8] o.s.security.web.FilterChainProxy        : Secured GET /api/generations/d8ed8796-8623-4e5c-9bb3-ffdbdaf09867/lock
2026-08-31T16:11:18.915+06:30 DEBUG 8652 --- [nio-8090-exec-1] o.s.security.web.FilterChainProxy        : Secured GET /api/timetable-lobbies
2026-08-31T16:11:19.911+06:30 DEBUG 8652 --- [nio-8090-exec-7] o.s.security.web.FilterChainProxy        : Securing POST /api/generations/d8ed8796-8623-4e5c-9bb3-ffdbdaf09867/generate
2026-08-31T16:11:19.914+06:30 DEBUG 8652 --- [nio-8090-exec-7] o.s.s.w.a.AnonymousAuthenticationFilter  : Set SecurityContextHolder to anonymous SecurityContext
2026-08-31T16:11:19.928+06:30 DEBUG 8652 --- [nio-8090-exec-6] o.s.security.web.FilterChainProxy        : Securing POST /api/generations/d8ed8796-8623-4e5c-9bb3-ffdbdaf09867/generate
2026-08-31T16:11:19.931+06:30 DEBUG 8652 --- [nio-8090-exec-6] o.s.security.web.FilterChainProxy        : Secured POST /api/generations/d8ed8796-8623-4e5c-9bb3-ffdbdaf09867/generate
2026-08-31T16:11:20.007+06:30 DEBUG 8652 --- [nio-8090-exec-9] o.s.security.web.FilterChainProxy        : Securing POST /api/generations/d8ed8796-8623-4e5c-9bb3-ffdbdaf09867/lock/heartbeat
2026-08-31T16:11:20.012+06:30 DEBUG 8652 --- [nio-8090-exec-9] o.s.security.web.FilterChainProxy        : Secured POST /api/generations/d8ed8796-8623-4e5c-9bb3-ffdbdaf09867/lock/heartbeat
2026-08-31T16:11:20.065+06:30 DEBUG 8652 --- [nio-8090-exec-2] o.s.security.web.FilterChainProxy        : Securing GET /api/generations/d8ed8796-8623-4e5c-9bb3-ffdbdaf09867/lock
2026-08-31T16:11:20.069+06:30 DEBUG 8652 --- [nio-8090-exec-2] o.s.security.web.FilterChainProxy        : Secured GET /api/generations/d8ed8796-8623-4e5c-9bb3-ffdbdaf09867/lock
2026-08-31T16:11:26.289+06:30 DEBUG 8652 --- [io-8090-exec-10] o.s.security.web.FilterChainProxy        : Securing GET /api/generations/d8ed8796-8623-4e5c-9bb3-ffdbdaf09867/lock
2026-08-31T16:11:26.293+06:30 DEBUG 8652 --- [io-8090-exec-10] o.s.security.web.FilterChainProxy        : Secured GET /api/generations/d8ed8796-8623-4e5c-9bb3-ffdbdaf09867/lock
2026-08-31T16:11:26.318+06:30 DEBUG 8652 --- [nio-8090-exec-4] o.s.security.web.FilterChainProxy        : Securing POST /api/generations/d8ed8796-8623-4e5c-9bb3-ffdbdaf09867/lock/heartbeat
2026-08-31T16:11:26.323+06:30 DEBUG 8652 --- [nio-8090-exec-4] o.s.security.web.FilterChainProxy        : Secured POST /api/generations/d8ed8796-8623-4e5c-9bb3-ffdbdaf09867/lock/heartbeat
2026-08-31T16:11:28.621+06:30 DEBUG 8652 --- [nio-8090-exec-5] o.s.security.web.FilterChainProxy        : Securing GET /api/generations/d8ed8796-8623-4e5c-9bb3-ffdbdaf09867/lock
2026-08-31T16:11:28.621+06:30 DEBUG 8652 --- [nio-8090-exec-3] o.s.security.web.FilterChainProxy        : Securing POST /api/generations/d8ed8796-8623-4e5c-9bb3-ffdbdaf09867/lock/heartbeat
2026-08-31T16:11:28.628+06:30 DEBUG 8652 --- [nio-8090-exec-5] o.s.security.web.FilterChainProxy        : Secured GET /api/generations/d8ed8796-8623-4e5c-9bb3-ffdbdaf09867/lock
2026-08-31T16:11:28.630+06:30 DEBUG 8652 --- [nio-8090-exec-3] o.s.security.web.FilterChainProxy        : Secured POST /api/generations/d8ed8796-8623-4e5c-9bb3-ffdbdaf09867/lock/heartbeat
2026-08-31T16:11:36.382+06:30 DEBUG 8652 --- [nio-8090-exec-7] o.s.security.web.FilterChainProxy        : Securing GET /api/generations/d8ed8796-8623-4e5c-9bb3-ffdbdaf09867/lock
2026-08-31T16:11:36.387+06:30 DEBUG 8652 --- [nio-8090-exec-7] o.s.security.web.FilterChainProxy        : Secured GET /api/generations/d8ed8796-8623-4e5c-9bb3-ffdbdaf09867/lock
2026-08-31T16:11:37.331+06:30 DEBUG 8652 --- [nio-8090-exec-8] o.s.security.web.FilterChainProxy        : Securing POST /api/generations/d8ed8796-8623-4e5c-9bb3-ffdbdaf09867/lock/heartbeat
2026-08-31T16:11:37.335+06:30 DEBUG 8652 --- [nio-8090-exec-8] o.s.security.web.FilterChainProxy        : Secured POST /api/generations/d8ed8796-8623-4e5c-9bb3-ffdbdaf09867/lock/heartbeat
2026-08-31T16:11:39.112+06:30 DEBUG 8652 --- [nio-8090-exec-2] o.s.security.web.FilterChainProxy        : Securing GET /api/generations/d8ed8796-8623-4e5c-9bb3-ffdbdaf09867/lock
2026-08-31T16:11:39.115+06:30 DEBUG 8652 --- [nio-8090-exec-2] o.s.security.web.FilterChainProxy        : Secured GET /api/generations/d8ed8796-8623-4e5c-9bb3-ffdbdaf09867/lock
2026-08-31T16:11:42.409+06:30 DEBUG 8652 --- [io-8090-exec-10] o.s.security.web.FilterChainProxy        : Securing POST /api/generations/d8ed8796-8623-4e5c-9bb3-ffdbdaf09867/lock/heartbeat
2026-08-31T16:11:42.413+06:30 DEBUG 8652 --- [io-8090-exec-10] o.s.security.web.FilterChainProxy        : Secured POST /api/generations/d8ed8796-8623-4e5c-9bb3-ffdbdaf09867/lock/heartbeat
2026-08-31T16:11:43.998+06:30 DEBUG 8652 --- [nio-8090-exec-5] o.s.security.web.FilterChainProxy        : Securing GET /api/generations/d8ed8796-8623-4e5c-9bb3-ffdbdaf09867/lock
2026-08-31T16:11:44.001+06:30 DEBUG 8652 --- [nio-8090-exec-5] o.s.security.web.FilterChainProxy        : Secured GET /api/generations/d8ed8796-8623-4e5c-9bb3-ffdbdaf09867/lock
2026-08-31T16:11:45.401+06:30 DEBUG 8652 --- [nio-8090-exec-7] o.s.security.web.FilterChainProxy        : Securing POST /api/generations/d8ed8796-8623-4e5c-9bb3-ffdbdaf09867/lock/heartbeat
2026-08-31T16:11:45.409+06:30 DEBUG 8652 --- [nio-8090-exec-7] o.s.security.web.FilterChainProxy        : Secured POST /api/generations/d8ed8796-8623-4e5c-9bb3-ffdbdaf09867/lock/heartbeat
2026-08-31T16:11:45.716+06:30 DEBUG 8652 --- [nio-8090-exec-9] o.s.security.web.FilterChainProxy        : Securing GET /api/timetable-lobbies
2026-08-31T16:11:45.722+06:30 DEBUG 8652 --- [nio-8090-exec-9] o.s.security.web.FilterChainProxy        : Secured GET /api/timetable-lobbies
2026-08-31T16:11:47.439+06:30 DEBUG 8652 --- [nio-8090-exec-2] o.s.security.web.FilterChainProxy        : Securing GET /api/generations/d8ed8796-8623-4e5c-9bb3-ffdbdaf09867/lock
2026-08-31T16:11:47.443+06:30 DEBUG 8652 --- [nio-8090-exec-2] o.s.security.web.FilterChainProxy        : Secured GET /api/generations/d8ed8796-8623-4e5c-9bb3-ffdbdaf09867/lock
2026-08-31T16:11:47.768+06:30 DEBUG 8652 --- [nio-8090-exec-8] o.s.security.web.FilterChainProxy        : Securing POST /api/generations/d8ed8796-8623-4e5c-9bb3-ffdbdaf09867/lock/heartbeat
2026-08-31T16:11:47.771+06:30 DEBUG 8652 --- [nio-8090-exec-8] o.s.security.web.FilterChainProxy        : Secured POST /api/generations/d8ed8796-8623-4e5c-9bb3-ffdbdaf09867/lock/heartbeat
2026-08-31T16:11:48.505+06:30 DEBUG 8652 --- [nio-8090-exec-5] o.s.security.web.FilterChainProxy        : Securing GET /api/timetable-lobbies
2026-08-31T16:11:48.509+06:30 DEBUG 8652 --- [nio-8090-exec-5] o.s.security.web.FilterChainProxy        : Secured GET /api/timetable-lobbies
2026-08-31T16:11:48.987+06:30 DEBUG 8652 --- [nio-8090-exec-1] o.s.security.web.FilterChainProxy        : Securing POST /api/generations/d8ed8796-8623-4e5c-9bb3-ffdbdaf09867/lock/heartbeat
2026-08-31T16:11:48.992+06:30 DEBUG 8652 --- [nio-8090-exec-1] o.s.security.web.FilterChainProxy        : Secured POST /api/generations/d8ed8796-8623-4e5c-9bb3-ffdbdaf09867/lock/heartbeat
2026-08-31T16:11:49.358+06:30 DEBUG 8652 --- [nio-8090-exec-3] o.s.security.web.FilterChainProxy        : Securing GET /api/generations/d8ed8796-8623-4e5c-9bb3-ffdbdaf09867/lock
2026-08-31T16:11:49.358+06:30 DEBUG 8652 --- [nio-8090-exec-3] o.s.security.web.FilterChainProxy        : Secured GET /api/generations/d8ed8796-8623-4e5c-9bb3-ffdbdaf09867/lock
2026-08-31T16:11:49.561+06:30 DEBUG 8652 --- [nio-8090-exec-2] o.s.security.web.FilterChainProxy        : Securing GET /api/generations/d8ed8796-8623-4e5c-9bb3-ffdbdaf09867/lock
2026-08-31T16:11:49.564+06:30 DEBUG 8652 --- [nio-8090-exec-2] o.s.security.web.FilterChainProxy        : Secured GET /api/generations/d8ed8796-8623-4e5c-9bb3-ffdbdaf09867/lock
2026-08-31T16:11:49.769+06:30 DEBUG 8652 --- [nio-8090-exec-4] o.s.security.web.FilterChainProxy        : Securing POST /api/generations/d8ed8796-8623-4e5c-9bb3-ffdbdaf09867/lock/heartbeat
2026-08-31T16:11:49.770+06:30 DEBUG 8652 --- [nio-8090-exec-4] o.s.security.web.FilterChainProxy        : Secured POST /api/generations/d8ed8796-8623-4e5c-9bb3-ffdbdaf09867/lock/heartbeat
2026-08-31T16:11:50.702+06:30 DEBUG 8652 --- [nio-8090-exec-9] o.s.security.web.FilterChainProxy        : Securing GET /api/timetable-lobbies
2026-08-31T16:11:50.704+06:30 DEBUG 8652 --- [nio-8090-exec-9] o.s.security.web.FilterChainProxy        : Secured GET /api/timetable-lobbies
2026-08-31T16:11:53.151+06:30 DEBUG 8652 --- [nio-8090-exec-8] o.s.security.web.FilterChainProxy        : Securing GET /api/timetable-lobbies
2026-08-31T16:11:53.155+06:30 DEBUG 8652 --- [nio-8090-exec-8] o.s.security.web.FilterChainProxy        : Secured GET /api/timetable-lobbies
2026-08-31T16:11:53.470+06:30 DEBUG 8652 --- [nio-8090-exec-6] o.s.security.web.FilterChainProxy        : Securing GET /api/generations/d8ed8796-8623-4e5c-9bb3-ffdbdaf09867/lock
2026-08-31T16:11:53.475+06:30 DEBUG 8652 --- [nio-8090-exec-6] o.s.security.web.FilterChainProxy        : Secured GET /api/generations/d8ed8796-8623-4e5c-9bb3-ffdbdaf09867/lock
2026-08-31T16:11:53.694+06:30 DEBUG 8652 --- [nio-8090-exec-3] o.s.security.web.FilterChainProxy        : Securing POST /api/generations/d8ed8796-8623-4e5c-9bb3-ffdbdaf09867/lock/heartbeat
2026-08-31T16:11:53.698+06:30 DEBUG 8652 --- [nio-8090-exec-3] o.s.security.web.FilterChainProxy        : Secured POST /api/generations/d8ed8796-8623-4e5c-9bb3-ffdbdaf09867/lock/heartbeat
2026-08-31T16:11:56.300+06:30 DEBUG 8652 --- [nio-8090-exec-2] o.s.security.web.FilterChainProxy        : Securing GET /api/timetable-lobbies
2026-08-31T16:11:56.304+06:30 DEBUG 8652 --- [nio-8090-exec-2] o.s.security.web.FilterChainProxy        : Secured GET /api/timetable-lobbies
2026-08-31T16:11:57.461+06:30 DEBUG 8652 --- [nio-8090-exec-7] o.s.security.web.FilterChainProxy        : Securing GET /api/generations/d8ed8796-8623-4e5c-9bb3-ffdbdaf09867/lock
2026-08-31T16:11:57.461+06:30 DEBUG 8652 --- [nio-8090-exec-7] o.s.security.web.FilterChainProxy        : Secured GET /api/generations/d8ed8796-8623-4e5c-9bb3-ffdbdaf09867/lock
2026-08-31T16:11:57.664+06:30 DEBUG 8652 --- [nio-8090-exec-5] o.s.security.web.FilterChainProxy        : Securing POST /api/generations/d8ed8796-8623-4e5c-9bb3-ffdbdaf09867/lock/heartbeat
2026-08-31T16:11:57.668+06:30 DEBUG 8652 --- [nio-8090-exec-5] o.s.security.web.FilterChainProxy        : Secured POST /api/generations/d8ed8796-8623-4e5c-9bb3-ffdbdaf09867/lock/heartbeat
2026-08-31T16:11:58.549+06:30  INFO 8652 --- [pool-2-thread-1] c.u.service.TimetableGenerationService   : ElectiveGroupCombinations: depth=0 group=3890917f-e9c5-4ddc-8622-c981820a589f committing pattern 1/250: [D1 P1-P2, D2 P1-P2]
2026-08-31T16:11:58.555+06:30  INFO 8652 --- [pool-2-thread-1] c.u.service.TimetableGenerationService   : ElectiveGroupCombinations: depth=1 group=3890917f-e9c5-4ddc-8622-c981820a589f committing pattern 1/250: [D1 P1-P2, D2 P1-P2]
2026-08-31T16:11:58.557+06:30  INFO 8652 --- [pool-2-thread-1] c.u.service.TimetableGenerationService   : ElectiveGroupCombinations: depth=1 pattern 1/250 skipped (cross-section staff conflict)
2026-08-31T16:11:58.557+06:30  INFO 8652 --- [pool-2-thread-1] c.u.service.TimetableGenerationService   : ElectiveGroupCombinations: depth=1 group=3890917f-e9c5-4ddc-8622-c981820a589f committing pattern 2/250: [D1 P1-P2, D2 P2-P3]
2026-08-31T16:11:58.557+06:30  INFO 8652 --- [pool-2-thread-1] c.u.service.TimetableGenerationService   : ElectiveGroupCombinations: depth=1 pattern 2/250 skipped (cross-section staff conflict)
2026-08-31T16:11:58.557+06:30  INFO 8652 --- [pool-2-thread-1] c.u.service.TimetableGenerationService   : ElectiveGroupCombinations: depth=1 group=3890917f-e9c5-4ddc-8622-c981820a589f committing pattern 3/250: [D1 P1-P2, D2 P3-P4]
2026-08-31T16:11:58.557+06:30  INFO 8652 --- [pool-2-thread-1] c.u.service.TimetableGenerationService   : ElectiveGroupCombinations: depth=1 pattern 3/250 skipped (cross-section staff conflict)
2026-08-31T16:11:58.557+06:30  INFO 8652 --- [pool-2-thread-1] c.u.service.TimetableGenerationService   : ElectiveGroupCombinations: depth=1 group=3890917f-e9c5-4ddc-8622-c981820a589f committing pattern 4/250: [D1 P1-P2, D2 P4-P5]
2026-08-31T16:11:58.561+06:30  INFO 8652 --- [pool-2-thread-1] c.u.service.TimetableGenerationService   : ElectiveGroupCombinations: depth=1 pattern 4/250 skipped (cross-section staff conflict)
2026-08-31T16:11:58.561+06:30  INFO 8652 --- [pool-2-thread-1] c.u.service.TimetableGenerationService   : ElectiveGroupCombinations: depth=1 group=3890917f-e9c5-4ddc-8622-c981820a589f committing pattern 5/250: [D1 P1-P2, D2 P5-P6]
2026-08-31T16:11:58.563+06:30  INFO 8652 --- [pool-2-thread-1] c.u.service.TimetableGenerationService   : ElectiveGroupCombinations: depth=1 pattern 5/250 skipped (cross-section staff conflict)
2026-08-31T16:11:58.563+06:30  INFO 8652 --- [pool-2-thread-1] c.u.service.TimetableGenerationService   : ElectiveGroupCombinations: depth=1 group=3890917f-e9c5-4ddc-8622-c981820a589f committing pattern 6/250: [D1 P1-P2, D3 P1-P2]
2026-08-31T16:11:58.563+06:30  INFO 8652 --- [pool-2-thread-1] c.u.service.TimetableGenerationService   : ElectiveGroupCombinations: depth=1 pattern 6/250 skipped (cross-section staff conflict)
2026-08-31T16:11:58.563+06:30  INFO 8652 --- [pool-2-thread-1] c.u.service.TimetableGenerationService   : ElectiveGroupCombinations: depth=1 group=3890917f-e9c5-4ddc-8622-c981820a589f committing pattern 7/250: [D1 P1-P2, D3 P2-P3]
2026-08-31T16:11:58.565+06:30  INFO 8652 --- [pool-2-thread-1] c.u.service.TimetableGenerationService   : ElectiveGroupCombinations: depth=1 pattern 7/250 skipped (cross-section staff conflict)
2026-08-31T16:11:58.565+06:30  INFO 8652 --- [pool-2-thread-1] c.u.service.TimetableGenerationService   : ElectiveGroupCombinations: depth=1 group=3890917f-e9c5-4ddc-8622-c981820a589f committing pattern 8/250: [D1 P1-P2, D3 P3-P4]
2026-08-31T16:11:58.565+06:30  INFO 8652 --- [pool-2-thread-1] c.u.service.TimetableGenerationService   : ElectiveGroupCombinations: depth=1 pattern 8/250 skipped (cross-section staff conflict)
2026-08-31T16:11:58.565+06:30  INFO 8652 --- [pool-2-thread-1] c.u.service.TimetableGenerationService   : ElectiveGroupCombinations: depth=1 group=3890917f-e9c5-4ddc-8622-c981820a589f committing pattern 9/250: [D1 P1-P2, D3 P4-P5]
2026-08-31T16:11:58.565+06:30  INFO 8652 --- [pool-2-thread-1] c.u.service.TimetableGenerationService   : ElectiveGroupCombinations: depth=1 pattern 9/250 skipped (cross-section staff conflict)
2026-08-31T16:11:58.567+06:30  INFO 8652 --- [pool-2-thread-1] c.u.service.TimetableGenerationService   : ElectiveGroupCombinations: depth=1 group=3890917f-e9c5-4ddc-8622-c981820a589f committing pattern 10/250: [D1 P1-P2, D3 P5-P6]
2026-08-31T16:11:58.567+06:30  INFO 8652 --- [pool-2-thread-1] c.u.service.TimetableGenerationService   : ElectiveGroupCombinations: depth=1 pattern 10/250 skipped (cross-section staff conflict)
2026-08-31T16:11:58.567+06:30  INFO 8652 --- [pool-2-thread-1] c.u.service.TimetableGenerationService   : ElectiveGroupCombinations: depth=1 group=3890917f-e9c5-4ddc-8622-c981820a589f committing pattern 11/250: [D1 P1-P2, D4 P1-P2]
2026-08-31T16:11:58.567+06:30  INFO 8652 --- [pool-2-thread-1] c.u.service.TimetableGenerationService   : ElectiveGroupCombinations: depth=1 pattern 11/250 skipped (cross-section staff conflict)
2026-08-31T16:11:58.569+06:30  INFO 8652 --- [pool-2-thread-1] c.u.service.TimetableGenerationService   : ElectiveGroupCombinations: depth=1 group=3890917f-e9c5-4ddc-8622-c981820a589f committing pattern 12/250: [D1 P1-P2, D4 P2-P3]
2026-08-31T16:11:58.569+06:30  INFO 8652 --- [pool-2-thread-1] c.u.service.TimetableGenerationService   : ElectiveGroupCombinations: depth=1 pattern 12/250 skipped (cross-section staff conflict)
2026-08-31T16:11:58.569+06:30  INFO 8652 --- [pool-2-thread-1] c.u.service.TimetableGenerationService   : ElectiveGroupCombinations: depth=1 group=3890917f-e9c5-4ddc-8622-c981820a589f committing pattern 13/250: [D1 P1-P2, D4 P3-P4]
2026-08-31T16:11:58.569+06:30  INFO 8652 --- [pool-2-thread-1] c.u.service.TimetableGenerationService   : ElectiveGroupCombinations: depth=1 pattern 13/250 skipped (cross-section staff conflict)
2026-08-31T16:11:58.569+06:30  INFO 8652 --- [pool-2-thread-1] c.u.service.TimetableGenerationService   : ElectiveGroupCombinations: depth=1 group=3890917f-e9c5-4ddc-8622-c981820a589f committing pattern 14/250: [D1 P1-P2, D4 P4-P5]
2026-08-31T16:11:58.571+06:30  INFO 8652 --- [pool-2-thread-1] c.u.service.TimetableGenerationService   : ElectiveGroupCombinations: depth=1 pattern 14/250 skipped (cross-section staff conflict)
2026-08-31T16:11:58.571+06:30  INFO 8652 --- [pool-2-thread-1] c.u.service.TimetableGenerationService   : ElectiveGroupCombinations: depth=1 group=3890917f-e9c5-4ddc-8622-c981820a589f committing pattern 15/250: [D1 P1-P2, D4 P5-P6]
2026-08-31T16:11:58.571+06:30  INFO 8652 --- [pool-2-thread-1] c.u.service.TimetableGenerationService   : ElectiveGroupCombinations: depth=1 pattern 15/250 skipped (cross-section staff conflict)
2026-08-31T16:11:58.571+06:30  INFO 8652 --- [pool-2-thread-1] c.u.service.TimetableGenerationService   : ElectiveGroupCombinations: depth=1 group=3890917f-e9c5-4ddc-8622-c981820a589f committing pattern 16/250: [D1 P1-P2, D5 P1-P2]
2026-08-31T16:11:58.571+06:30  INFO 8652 --- [pool-2-thread-1] c.u.service.TimetableGenerationService   : ElectiveGroupCombinations: depth=1 pattern 16/250 skipped (cross-section staff conflict)
2026-08-31T16:11:58.571+06:30  INFO 8652 --- [pool-2-thread-1] c.u.service.TimetableGenerationService   : ElectiveGroupCombinations: depth=1 group=3890917f-e9c5-4ddc-8622-c981820a589f committing pattern 17/250: [D1 P1-P2, D5 P2-P3]
2026-08-31T16:11:58.571+06:30  INFO 8652 --- [pool-2-thread-1] c.u.service.TimetableGenerationService   : ElectiveGroupCombinations: depth=1 pattern 17/250 skipped (cross-section staff conflict)
2026-08-31T16:11:58.577+06:30  INFO 8652 --- [pool-2-thread-1] c.u.service.TimetableGenerationService   : ElectiveGroupCombinations: depth=1 group=3890917f-e9c5-4ddc-8622-c981820a589f committing pattern 18/250: [D1 P1-P2, D5 P3-P4]
2026-08-31T16:11:58.577+06:30  INFO 8652 --- [pool-2-thread-1] c.u.service.TimetableGenerationService   : ElectiveGroupCombinations: depth=1 pattern 18/250 skipped (cross-section staff conflict)
2026-08-31T16:11:58.579+06:30  INFO 8652 --- [pool-2-thread-1] c.u.service.TimetableGenerationService   : ElectiveGroupCombinations: depth=1 group=3890917f-e9c5-4ddc-8622-c981820a589f committing pattern 19/250: [D1 P1-P2, D5 P4-P5]
2026-08-31T16:11:58.579+06:30  INFO 8652 --- [pool-2-thread-1] c.u.service.TimetableGenerationService   : ElectiveGroupCombinations: depth=1 pattern 19/250 skipped (cross-section staff conflict)
2026-08-31T16:11:58.579+06:30  INFO 8652 --- [pool-2-thread-1] c.u.service.TimetableGenerationService   : ElectiveGroupCombinations: depth=1 group=3890917f-e9c5-4ddc-8622-c981820a589f committing pattern 20/250: [D1 P1-P2, D5 P5-P6]
2026-08-31T16:11:58.579+06:30  INFO 8652 --- [pool-2-thread-1] c.u.service.TimetableGenerationService   : ElectiveGroupCombinations: depth=1 pattern 20/250 skipped (cross-section staff conflict)
2026-08-31T16:11:58.579+06:30  INFO 8652 --- [pool-2-thread-1] c.u.service.TimetableGenerationService   : ElectiveGroupCombinations: depth=1 group=3890917f-e9c5-4ddc-8622-c981820a589f committing pattern 21/250: [D1 P2-P3, D2 P1-P2]
2026-08-31T16:11:58.579+06:30  INFO 8652 --- [pool-2-thread-1] c.u.service.TimetableGenerationService   : ElectiveGroupCombinations: depth=1 pattern 21/250 skipped (cross-section staff conflict)
2026-08-31T16:11:58.585+06:30  INFO 8652 --- [pool-2-thread-1] c.u.service.TimetableGenerationService   : ElectiveGroupCombinations: depth=1 group=3890917f-e9c5-4ddc-8622-c981820a589f committing pattern 22/250: [D1 P2-P3, D2 P2-P3]
2026-08-31T16:11:58.585+06:30  INFO 8652 --- [pool-2-thread-1] c.u.service.TimetableGenerationService   : ElectiveGroupCombinations: depth=1 pattern 22/250 skipped (cross-section staff conflict)
2026-08-31T16:11:58.587+06:30  INFO 8652 --- [pool-2-thread-1] c.u.service.TimetableGenerationService   : ElectiveGroupCombinations: depth=1 group=3890917f-e9c5-4ddc-8622-c981820a589f committing pattern 23/250: [D1 P2-P3, D2 P3-P4]
2026-08-31T16:11:58.587+06:30  INFO 8652 --- [pool-2-thread-1] c.u.service.TimetableGenerationService   : ElectiveGroupCombinations: depth=1 pattern 23/250 skipped (cross-section staff conflict)
2026-08-31T16:11:58.587+06:30  INFO 8652 --- [pool-2-thread-1] c.u.service.TimetableGenerationService   : ElectiveGroupCombinations: depth=1 group=3890917f-e9c5-4ddc-8622-c981820a589f committing pattern 24/250: [D1 P2-P3, D2 P4-P5]
2026-08-31T16:11:58.589+06:30  INFO 8652 --- [pool-2-thread-1] c.u.service.TimetableGenerationService   : ElectiveGroupCombinations: depth=1 pattern 24/250 skipped (cross-section staff conflict)
2026-08-31T16:11:58.589+06:30  INFO 8652 --- [pool-2-thread-1] c.u.service.TimetableGenerationService   : ElectiveGroupCombinations: depth=1 group=3890917f-e9c5-4ddc-8622-c981820a589f committing pattern 25/250: [D1 P2-P3, D2 P5-P6]
2026-08-31T16:11:58.589+06:30  INFO 8652 --- [pool-2-thread-1] c.u.service.TimetableGenerationService   : ElectiveGroupCombinations: depth=1 pattern 25/250 skipped (cross-section staff conflict)
2026-08-31T16:11:58.589+06:30  INFO 8652 --- [pool-2-thread-1] c.u.service.TimetableGenerationService   : ElectiveGroupCombinations: depth=1 group=3890917f-e9c5-4ddc-8622-c981820a589f committing pattern 26/250: [D1 P2-P3, D3 P1-P2]
2026-08-31T16:11:58.591+06:30  INFO 8652 --- [pool-2-thread-1] c.u.service.TimetableGenerationService   : ElectiveGroupCombinations: depth=1 pattern 26/250 skipped (cross-section staff conflict)
2026-08-31T16:11:58.591+06:30  INFO 8652 --- [pool-2-thread-1] c.u.service.TimetableGenerationService   : ElectiveGroupCombinations: depth=1 group=3890917f-e9c5-4ddc-8622-c981820a589f committing pattern 27/250: [D1 P2-P3, D3 P2-P3]
2026-08-31T16:11:58.591+06:30  INFO 8652 --- [pool-2-thread-1] c.u.service.TimetableGenerationService   : ElectiveGroupCombinations: depth=1 pattern 27/250 skipped (cross-section staff conflict)
2026-08-31T16:11:58.593+06:30  INFO 8652 --- [pool-2-thread-1] c.u.service.TimetableGenerationService   : ElectiveGroupCombinations: depth=1 group=3890917f-e9c5-4ddc-8622-c981820a589f committing pattern 28/250: [D1 P2-P3, D3 P3-P4]
2026-08-31T16:11:58.593+06:30  INFO 8652 --- [pool-2-thread-1] c.u.service.TimetableGenerationService   : ElectiveGroupCombinations: depth=1 pattern 28/250 skipped (cross-section staff conflict)
2026-08-31T16:11:58.593+06:30  INFO 8652 --- [pool-2-thread-1] c.u.service.TimetableGenerationService   : ElectiveGroupCombinations: depth=1 group=3890917f-e9c5-4ddc-8622-c981820a589f committing pattern 29/250: [D1 P2-P3, D3 P4-P5]
2026-08-31T16:11:58.595+06:30  INFO 8652 --- [pool-2-thread-1] c.u.service.TimetableGenerationService   : ElectiveGroupCombinations: depth=1 pattern 29/250 skipped (cross-section staff conflict)
2026-08-31T16:11:58.595+06:30  INFO 8652 --- [pool-2-thread-1] c.u.service.TimetableGenerationService   : ElectiveGroupCombinations: depth=1 group=3890917f-e9c5-4ddc-8622-c981820a589f committing pattern 30/250: [D1 P2-P3, D3 P5-P6]
2026-08-31T16:11:58.595+06:30  INFO 8652 --- [pool-2-thread-1] c.u.service.TimetableGenerationService   : ElectiveGroupCombinations: depth=1 pattern 30/250 skipped (cross-section staff conflict)
2026-08-31T16:11:58.597+06:30  INFO 8652 --- [pool-2-thread-1] c.u.service.TimetableGenerationService   : ElectiveGroupCombinations: depth=1 group=3890917f-e9c5-4ddc-8622-c981820a589f committing pattern 31/250: [D1 P2-P3, D4 P1-P2]
2026-08-31T16:11:58.597+06:30  INFO 8652 --- [pool-2-thread-1] c.u.service.TimetableGenerationService   : ElectiveGroupCombinations: depth=1 pattern 31/250 skipped (cross-section staff conflict)
2026-08-31T16:11:58.599+06:30  INFO 8652 --- [pool-2-thread-1] c.u.service.TimetableGenerationService   : ElectiveGroupCombinations: depth=1 group=3890917f-e9c5-4ddc-8622-c981820a589f committing pattern 32/250: [D1 P2-P3, D4 P2-P3]
2026-08-31T16:11:58.599+06:30  INFO 8652 --- [pool-2-thread-1] c.u.service.TimetableGenerationService   : ElectiveGroupCombinations: depth=1 pattern 32/250 skipped (cross-section staff conflict)
2026-08-31T16:11:58.599+06:30  INFO 8652 --- [pool-2-thread-1] c.u.service.TimetableGenerationService   : ElectiveGroupCombinations: depth=1 group=3890917f-e9c5-4ddc-8622-c981820a589f committing pattern 33/250: [D1 P2-P3, D4 P3-P4]
2026-08-31T16:11:58.599+06:30  INFO 8652 --- [pool-2-thread-1] c.u.service.TimetableGenerationService   : ElectiveGroupCombinations: depth=1 pattern 33/250 skipped (cross-section staff conflict)
2026-08-31T16:11:58.599+06:30  INFO 8652 --- [pool-2-thread-1] c.u.service.TimetableGenerationService   : ElectiveGroupCombinations: depth=1 group=3890917f-e9c5-4ddc-8622-c981820a589f committing pattern 34/250: [D1 P2-P3, D4 P4-P5]
2026-08-31T16:11:58.599+06:30  INFO 8652 --- [pool-2-thread-1] c.u.service.TimetableGenerationService   : ElectiveGroupCombinations: depth=1 pattern 34/250 skipped (cross-section staff conflict)
2026-08-31T16:11:58.599+06:30  INFO 8652 --- [pool-2-thread-1] c.u.service.TimetableGenerationService   : ElectiveGroupCombinations: depth=1 group=3890917f-e9c5-4ddc-8622-c981820a589f committing pattern 35/250: [D1 P2-P3, D4 P5-P6]
2026-08-31T16:11:58.599+06:30  INFO 8652 --- [pool-2-thread-1] c.u.service.TimetableGenerationService   : ElectiveGroupCombinations: depth=1 pattern 35/250 skipped (cross-section staff conflict)
2026-08-31T16:11:58.599+06:30  INFO 8652 --- [pool-2-thread-1] c.u.service.TimetableGenerationService   : ElectiveGroupCombinations: depth=1 group=3890917f-e9c5-4ddc-8622-c981820a589f committing pattern 36/250: [D1 P2-P3, D5 P1-P2]
2026-08-31T16:11:58.599+06:30  INFO 8652 --- [pool-2-thread-1] c.u.service.TimetableGenerationService   : ElectiveGroupCombinations: depth=1 pattern 36/250 skipped (cross-section staff conflict)
2026-08-31T16:11:58.599+06:30  INFO 8652 --- [pool-2-thread-1] c.u.service.TimetableGenerationService   : ElectiveGroupCombinations: depth=1 group=3890917f-e9c5-4ddc-8622-c981820a589f committing pattern 37/250: [D1 P2-P3, D5 P2-P3]
2026-08-31T16:11:58.599+06:30  INFO 8652 --- [pool-2-thread-1] c.u.service.TimetableGenerationService   : ElectiveGroupCombinations: depth=1 pattern 37/250 skipped (cross-section staff conflict)
2026-08-31T16:11:58.599+06:30  INFO 8652 --- [pool-2-thread-1] c.u.service.TimetableGenerationService   : ElectiveGroupCombinations: depth=1 group=3890917f-e9c5-4ddc-8622-c981820a589f committing pattern 38/250: [D1 P2-P3, D5 P3-P4]
2026-08-31T16:11:58.599+06:30  INFO 8652 --- [pool-2-thread-1] c.u.service.TimetableGenerationService   : ElectiveGroupCombinations: depth=1 pattern 38/250 skipped (cross-section staff conflict)
2026-08-31T16:11:58.599+06:30  INFO 8652 --- [pool-2-thread-1] c.u.service.TimetableGenerationService   : ElectiveGroupCombinations: depth=1 group=3890917f-e9c5-4ddc-8622-c981820a589f committing pattern 39/250: [D1 P2-P3, D5 P4-P5]
2026-08-31T16:11:58.606+06:30  INFO 8652 --- [pool-2-thread-1] c.u.service.TimetableGenerationService   : ElectiveGroupCombinations: depth=1 pattern 39/250 skipped (cross-section staff conflict)
2026-08-31T16:11:58.606+06:30  INFO 8652 --- [pool-2-thread-1] c.u.service.TimetableGenerationService   : ElectiveGroupCombinations: depth=1 group=3890917f-e9c5-4ddc-8622-c981820a589f committing pattern 40/250: [D1 P2-P3, D5 P5-P6]
2026-08-31T16:11:58.606+06:30  INFO 8652 --- [pool-2-thread-1] c.u.service.TimetableGenerationService   : ElectiveGroupCombinations: depth=1 pattern 40/250 skipped (cross-section staff conflict)
2026-08-31T16:11:58.606+06:30  INFO 8652 --- [pool-2-thread-1] c.u.service.TimetableGenerationService   : ElectiveGroupCombinations: depth=1 group=3890917f-e9c5-4ddc-8622-c981820a589f committing pattern 41/250: [D1 P3-P4, D2 P1-P2]
2026-08-31T16:11:58.606+06:30  INFO 8652 --- [pool-2-thread-1] c.u.service.TimetableGenerationService   : ElectiveGroupCombinations: depth=1 pattern 41/250 skipped (cross-section staff conflict)
2026-08-31T16:11:58.606+06:30  INFO 8652 --- [pool-2-thread-1] c.u.service.TimetableGenerationService   : ElectiveGroupCombinations: depth=1 group=3890917f-e9c5-4ddc-8622-c981820a589f committing pattern 42/250: [D1 P3-P4, D2 P2-P3]
2026-08-31T16:11:58.606+06:30  INFO 8652 --- [pool-2-thread-1] c.u.service.TimetableGenerationService   : ElectiveGroupCombinations: depth=1 pattern 42/250 skipped (cross-section staff conflict)
2026-08-31T16:11:58.609+06:30  INFO 8652 --- [pool-2-thread-1] c.u.service.TimetableGenerationService   : ElectiveGroupCombinations: depth=1 group=3890917f-e9c5-4ddc-8622-c981820a589f committing pattern 43/250: [D1 P3-P4, D2 P3-P4]
2026-08-31T16:11:59.351+06:30 DEBUG 8652 --- [io-8090-exec-10] o.s.security.web.FilterChainProxy        : Securing GET /api/students
2026-08-31T16:11:59.356+06:30 DEBUG 8652 --- [io-8090-exec-10] o.s.security.web.FilterChainProxy        : Secured GET /api/students
2026-08-31T16:11:59.396+06:30 DEBUG 8652 --- [nio-8090-exec-4] o.s.security.web.FilterChainProxy        : Securing GET /api/staff
2026-08-31T16:11:59.396+06:30 DEBUG 8652 --- [nio-8090-exec-1] o.s.security.web.FilterChainProxy        : Securing GET /api/users
2026-08-31T16:11:59.398+06:30 DEBUG 8652 --- [nio-8090-exec-4] o.s.security.web.FilterChainProxy        : Secured GET /api/staff
2026-08-31T16:11:59.398+06:30 DEBUG 8652 --- [nio-8090-exec-1] o.s.security.web.FilterChainProxy        : Secured GET /api/users
2026-08-31T16:12:01.458+06:30 DEBUG 8652 --- [nio-8090-exec-9] o.s.security.web.FilterChainProxy        : Securing GET /api/generations/d8ed8796-8623-4e5c-9bb3-ffdbdaf09867/lock
2026-08-31T16:12:01.462+06:30 DEBUG 8652 --- [nio-8090-exec-9] o.s.security.web.FilterChainProxy        : Secured GET /api/generations/d8ed8796-8623-4e5c-9bb3-ffdbdaf09867/lock
2026-08-31T16:12:01.714+06:30 DEBUG 8652 --- [nio-8090-exec-6] o.s.security.web.FilterChainProxy        : Securing POST /api/generations/d8ed8796-8623-4e5c-9bb3-ffdbdaf09867/lock/heartbeat
2026-08-31T16:12:01.717+06:30 DEBUG 8652 --- [nio-8090-exec-6] o.s.security.web.FilterChainProxy        : Secured POST /api/generations/d8ed8796-8623-4e5c-9bb3-ffdbdaf09867/lock/heartbeat
2026-08-31T16:12:04.294+06:30 DEBUG 8652 --- [nio-8090-exec-3] o.s.security.web.FilterChainProxy        : Securing GET /api/timetable-lobbies
2026-08-31T16:12:04.297+06:30 DEBUG 8652 --- [nio-8090-exec-3] o.s.security.web.FilterChainProxy        : Secured GET /api/timetable-lobbies
2026-08-31T16:12:05.461+06:30 DEBUG 8652 --- [nio-8090-exec-8] o.s.security.web.FilterChainProxy        : Securing GET /api/generations/d8ed8796-8623-4e5c-9bb3-ffdbdaf09867/lock
2026-08-31T16:12:05.463+06:30 DEBUG 8652 --- [nio-8090-exec-8] o.s.security.web.FilterChainProxy        : Secured GET /api/generations/d8ed8796-8623-4e5c-9bb3-ffdbdaf09867/lock
2026-08-31T16:12:06.040+06:30 DEBUG 8652 --- [nio-8090-exec-7] o.s.security.web.FilterChainProxy        : Securing POST /api/generations/d8ed8796-8623-4e5c-9bb3-ffdbdaf09867/lock/heartbeat
2026-08-31T16:12:06.044+06:30 DEBUG 8652 --- [nio-8090-exec-7] o.s.security.web.FilterChainProxy        : Secured POST /api/generations/d8ed8796-8623-4e5c-9bb3-ffdbdaf09867/lock/heartbeat
2026-08-31T16:12:09.477+06:30 DEBUG 8652 --- [nio-8090-exec-5] o.s.security.web.FilterChainProxy        : Securing GET /api/generations/d8ed8796-8623-4e5c-9bb3-ffdbdaf09867/lock
2026-08-31T16:12:09.477+06:30 DEBUG 8652 --- [nio-8090-exec-5] o.s.security.web.FilterChainProxy        : Secured GET /api/generations/d8ed8796-8623-4e5c-9bb3-ffdbdaf09867/lock
2026-08-31T16:12:09.713+06:30 DEBUG 8652 --- [nio-8090-exec-2] o.s.security.web.FilterChainProxy        : Securing POST /api/generations/d8ed8796-8623-4e5c-9bb3-ffdbdaf09867/lock/heartbeat
2026-08-31T16:12:09.719+06:30 DEBUG 8652 --- [nio-8090-exec-2] o.s.security.web.FilterChainProxy        : Secured POST /api/generations/d8ed8796-8623-4e5c-9bb3-ffdbdaf09867/lock/heartbeat
2026-08-31T16:12:12.301+06:30 DEBUG 8652 --- [nio-8090-exec-4] o.s.security.web.FilterChainProxy        : Securing GET /api/timetable-lobbies
2026-08-31T16:12:12.301+06:30 DEBUG 8652 --- [nio-8090-exec-4] o.s.security.web.FilterChainProxy        : Secured GET /api/timetable-lobbies
2026-08-31T16:12:13.472+06:30 DEBUG 8652 --- [nio-8090-exec-1] o.s.security.web.FilterChainProxy        : Securing GET /api/generations/d8ed8796-8623-4e5c-9bb3-ffdbdaf09867/lock
2026-08-31T16:12:13.475+06:30 DEBUG 8652 --- [nio-8090-exec-1] o.s.security.web.FilterChainProxy        : Secured GET /api/generations/d8ed8796-8623-4e5c-9bb3-ffdbdaf09867/lock
2026-08-31T16:12:13.853+06:30 DEBUG 8652 --- [io-8090-exec-10] o.s.security.web.FilterChainProxy        : Securing POST /api/generations/d8ed8796-8623-4e5c-9bb3-ffdbdaf09867/lock/heartbeat
2026-08-31T16:12:13.858+06:30 DEBUG 8652 --- [io-8090-exec-10] o.s.security.web.FilterChainProxy        : Secured POST /api/generations/d8ed8796-8623-4e5c-9bb3-ffdbdaf09867/lock/heartbeat
2026-08-31T16:12:17.451+06:30 DEBUG 8652 --- [nio-8090-exec-9] o.s.security.web.FilterChainProxy        : Securing GET /api/generations/d8ed8796-8623-4e5c-9bb3-ffdbdaf09867/lock
2026-08-31T16:12:17.451+06:30 DEBUG 8652 --- [nio-8090-exec-9] o.s.security.web.FilterChainProxy        : Secured GET /api/generations/d8ed8796-8623-4e5c-9bb3-ffdbdaf09867/lock
2026-08-31T16:12:17.824+06:30 DEBUG 8652 --- [nio-8090-exec-6] o.s.security.web.FilterChainProxy        : Securing POST /api/generations/d8ed8796-8623-4e5c-9bb3-ffdbdaf09867/lock/heartbeat
2026-08-31T16:12:17.828+06:30 DEBUG 8652 --- [nio-8090-exec-6] o.s.security.web.FilterChainProxy        : Secured POST /api/generations/d8ed8796-8623-4e5c-9bb3-ffdbdaf09867/lock/heartbeat
2026-08-31T16:12:20.293+06:30 DEBUG 8652 --- [nio-8090-exec-8] o.s.security.web.FilterChainProxy        : Securing GET /api/timetable-lobbies
2026-08-31T16:12:20.297+06:30 DEBUG 8652 --- [nio-8090-exec-8] o.s.security.web.FilterChainProxy        : Secured GET /api/timetable-lobbies
2026-08-31T16:12:21.462+06:30 DEBUG 8652 --- [nio-8090-exec-3] o.s.security.web.FilterChainProxy        : Securing GET /api/generations/d8ed8796-8623-4e5c-9bb3-ffdbdaf09867/lock
2026-08-31T16:12:21.469+06:30 DEBUG 8652 --- [nio-8090-exec-3] o.s.security.web.FilterChainProxy        : Secured GET /api/generations/d8ed8796-8623-4e5c-9bb3-ffdbdaf09867/lock
2026-08-31T16:12:21.829+06:30 DEBUG 8652 --- [nio-8090-exec-7] o.s.security.web.FilterChainProxy        : Securing POST /api/generations/d8ed8796-8623-4e5c-9bb3-ffdbdaf09867/lock/heartbeat
2026-08-31T16:12:21.832+06:30 DEBUG 8652 --- [nio-8090-exec-7] o.s.security.web.FilterChainProxy        : Secured POST /api/generations/d8ed8796-8623-4e5c-9bb3-ffdbdaf09867/lock/heartbeat
2026-08-31T16:12:25.474+06:30 DEBUG 8652 --- [nio-8090-exec-5] o.s.security.web.FilterChainProxy        : Securing GET /api/generations/d8ed8796-8623-4e5c-9bb3-ffdbdaf09867/lock
2026-08-31T16:12:25.478+06:30 DEBUG 8652 --- [nio-8090-exec-5] o.s.security.web.FilterChainProxy        : Secured GET /api/generations/d8ed8796-8623-4e5c-9bb3-ffdbdaf09867/lock
2026-08-31T16:12:25.710+06:30 DEBUG 8652 --- [nio-8090-exec-2] o.s.security.web.FilterChainProxy        : Securing POST /api/generations/d8ed8796-8623-4e5c-9bb3-ffdbdaf09867/lock/heartbeat
2026-08-31T16:12:25.711+06:30 DEBUG 8652 --- [nio-8090-exec-2] o.s.security.web.FilterChainProxy        : Secured POST /api/generations/d8ed8796-8623-4e5c-9bb3-ffdbdaf09867/lock/heartbeat
2026-08-31T16:12:28.298+06:30 DEBUG 8652 --- [nio-8090-exec-1] o.s.security.web.FilterChainProxy        : Securing GET /api/timetable-lobbies
2026-08-31T16:12:28.298+06:30 DEBUG 8652 --- [nio-8090-exec-1] o.s.security.web.FilterChainProxy        : Secured GET /api/timetable-lobbies
2026-08-31T16:12:29.474+06:30 DEBUG 8652 --- [io-8090-exec-10] o.s.security.web.FilterChainProxy        : Securing GET /api/generations/d8ed8796-8623-4e5c-9bb3-ffdbdaf09867/lock
2026-08-31T16:12:29.476+06:30 DEBUG 8652 --- [io-8090-exec-10] o.s.security.web.FilterChainProxy        : Secured GET /api/generations/d8ed8796-8623-4e5c-9bb3-ffdbdaf09867/lock
2026-08-31T16:12:29.710+06:30 DEBUG 8652 --- [nio-8090-exec-4] o.s.security.web.FilterChainProxy        : Securing POST /api/generations/d8ed8796-8623-4e5c-9bb3-ffdbdaf09867/lock/heartbeat
2026-08-31T16:12:29.712+06:30 DEBUG 8652 --- [nio-8090-exec-4] o.s.security.web.FilterChainProxy        : Secured POST /api/generations/d8ed8796-8623-4e5c-9bb3-ffdbdaf09867/lock/heartbeat
2026-08-31T16:12:33.482+06:30 DEBUG 8652 --- [nio-8090-exec-9] o.s.security.web.FilterChainProxy        : Securing GET /api/generations/d8ed8796-8623-4e5c-9bb3-ffdbdaf09867/lock
2026-08-31T16:12:33.485+06:30 DEBUG 8652 --- [nio-8090-exec-9] o.s.security.web.FilterChainProxy        : Secured GET /api/generations/d8ed8796-8623-4e5c-9bb3-ffdbdaf09867/lock
2026-08-31T16:12:33.956+06:30 DEBUG 8652 --- [nio-8090-exec-6] o.s.security.web.FilterChainProxy        : Securing POST /api/generations/d8ed8796-8623-4e5c-9bb3-ffdbdaf09867/lock/heartbeat
2026-08-31T16:12:33.960+06:30 DEBUG 8652 --- [nio-8090-exec-6] o.s.security.web.FilterChainProxy        : Secured POST /api/generations/d8ed8796-8623-4e5c-9bb3-ffdbdaf09867/lock/heartbeat
2026-08-31T16:12:34.415+06:30 DEBUG 8652 --- [nio-8090-exec-3] o.s.security.web.FilterChainProxy        : Securing GET /api/generations/d8ed8796-8623-4e5c-9bb3-ffdbdaf09867
2026-08-31T16:12:34.417+06:30 DEBUG 8652 --- [nio-8090-exec-3] o.s.security.web.FilterChainProxy        : Secured GET /api/generations/d8ed8796-8623-4e5c-9bb3-ffdbdaf09867
2026-08-31T16:12:36.288+06:30 DEBUG 8652 --- [nio-8090-exec-7] o.s.security.web.FilterChainProxy        : Securing GET /api/timetable-lobbies
2026-08-31T16:12:36.290+06:30 DEBUG 8652 --- [nio-8090-exec-7] o.s.security.web.FilterChainProxy        : Secured GET /api/timetable-lobbies
2026-08-31T16:12:37.458+06:30 DEBUG 8652 --- [nio-8090-exec-8] o.s.security.web.FilterChainProxy        : Securing GET /api/generations/d8ed8796-8623-4e5c-9bb3-ffdbdaf09867/lock
2026-08-31T16:12:37.460+06:30 DEBUG 8652 --- [nio-8090-exec-8] o.s.security.web.FilterChainProxy        : Secured GET /api/generations/d8ed8796-8623-4e5c-9bb3-ffdbdaf09867/lock
2026-08-31T16:12:37.808+06:30 DEBUG 8652 --- [nio-8090-exec-5] o.s.security.web.FilterChainProxy        : Securing POST /api/generations/d8ed8796-8623-4e5c-9bb3-ffdbdaf09867/lock/heartbeat
2026-08-31T16:12:37.812+06:30 DEBUG 8652 --- [nio-8090-exec-5] o.s.security.web.FilterChainProxy        : Secured POST /api/generations/d8ed8796-8623-4e5c-9bb3-ffdbdaf09867/lock/heartbeat
2026-08-31T16:12:41.458+06:30 DEBUG 8652 --- [nio-8090-exec-2] o.s.security.web.FilterChainProxy        : Securing GET /api/generations/d8ed8796-8623-4e5c-9bb3-ffdbdaf09867/lock
2026-08-31T16:12:41.461+06:30 DEBUG 8652 --- [nio-8090-exec-2] o.s.security.web.FilterChainProxy        : Secured GET /api/generations/d8ed8796-8623-4e5c-9bb3-ffdbdaf09867/lock
2026-08-31T16:12:41.940+06:30 DEBUG 8652 --- [io-8090-exec-10] o.s.security.web.FilterChainProxy        : Securing POST /api/generations/d8ed8796-8623-4e5c-9bb3-ffdbdaf09867/lock/heartbeat
2026-08-31T16:12:41.942+06:30 DEBUG 8652 --- [io-8090-exec-10] o.s.security.web.FilterChainProxy        : Secured POST /api/generations/d8ed8796-8623-4e5c-9bb3-ffdbdaf09867/lock/heartbeat
2026-08-31T16:12:44.288+06:30 DEBUG 8652 --- [nio-8090-exec-1] o.s.security.web.FilterChainProxy        : Securing GET /api/timetable-lobbies
2026-08-31T16:12:44.290+06:30 DEBUG 8652 --- [nio-8090-exec-1] o.s.security.web.FilterChainProxy        : Secured GET /api/timetable-lobbies
2026-08-31T16:12:45.471+06:30 DEBUG 8652 --- [nio-8090-exec-4] o.s.security.web.FilterChainProxy        : Securing GET /api/generations/d8ed8796-8623-4e5c-9bb3-ffdbdaf09867/lock
2026-08-31T16:12:45.471+06:30 DEBUG 8652 --- [nio-8090-exec-4] o.s.security.web.FilterChainProxy        : Secured GET /api/generations/d8ed8796-8623-4e5c-9bb3-ffdbdaf09867/lock
2026-08-31T16:12:45.740+06:30 DEBUG 8652 --- [nio-8090-exec-9] o.s.security.web.FilterChainProxy        : Securing POST /api/generations/d8ed8796-8623-4e5c-9bb3-ffdbdaf09867/lock/heartbeat
2026-08-31T16:12:45.742+06:30 DEBUG 8652 --- [nio-8090-exec-9] o.s.security.web.FilterChainProxy        : Secured POST /api/generations/d8ed8796-8623-4e5c-9bb3-ffdbdaf09867/lock/heartbeat
2026-08-31T16:12:49.134+06:30  INFO 8652 --- [pool-2-thread-1] c.u.service.TimetableGenerationService   : ElectiveGroupCombinations: Main solver SOLVED (depth=2)
2026-08-31T16:12:49.134+06:30  INFO 8652 --- [pool-2-thread-1] c.u.service.TimetableGenerationService   : ElectiveGroupCombinations: depth=1 pattern 43/250 SUCCEEDED
2026-08-31T16:12:49.134+06:30  INFO 8652 --- [pool-2-thread-1] c.u.service.TimetableGenerationService   : ElectiveGroupCombinations: depth=0 pattern 1/250 SUCCEEDED
2026-08-31T16:12:49.219+06:30  INFO 8652 --- [pool-2-thread-1] c.u.service.TimetableGenerationService   : Timetable generated: 50 schedules for generation d8ed8796-8623-4e5c-9bb3-ffdbdaf09867 (examType=Mid Term)
2026-08-31T16:12:49.450+06:30 DEBUG 8652 --- [nio-8090-exec-5] o.s.security.web.FilterChainProxy        : Securing GET /api/generations/d8ed8796-8623-4e5c-9bb3-ffdbdaf09867/lock
2026-08-31T16:12:49.450+06:30 DEBUG 8652 --- [nio-8090-exec-5] o.s.security.web.FilterChainProxy        : Secured GET /api/generations/d8ed8796-8623-4e5c-9bb3-ffdbdaf09867/lock
2026-08-31T16:12:49.890+06:30 DEBUG 8652 --- [nio-8090-exec-7] o.s.security.web.FilterChainProxy        : Securing POST /api/generations/d8ed8796-8623-4e5c-9bb3-ffdbdaf09867/lock/heartbeat
2026-08-31T16:12:49.894+06:30 DEBUG 8652 --- [nio-8090-exec-7] o.s.security.web.FilterChainProxy        : Secured POST /api/generations/d8ed8796-8623-4e5c-9bb3-ffdbdaf09867/lock/heartbeat
2026-08-31T16:12:52.281+06:30 DEBUG 8652 --- [nio-8090-exec-2] o.s.security.web.FilterChainProxy        : Securing GET /api/timetable-lobbies
2026-08-31T16:12:52.281+06:30 DEBUG 8652 --- [nio-8090-exec-2] o.s.security.web.FilterChainProxy        : Secured GET /api/timetable-lobbies
2026-08-31T16:12:53.463+06:30 DEBUG 8652 --- [io-8090-exec-10] o.s.security.web.FilterChainProxy        : Securing GET /api/generations/d8ed8796-8623-4e5c-9bb3-ffdbdaf09867/lock
2026-08-31T16:12:53.465+06:30 DEBUG 8652 --- [io-8090-exec-10] o.s.security.web.FilterChainProxy        : Secured GET /api/generations/d8ed8796-8623-4e5c-9bb3-ffdbdaf09867/lock
2026-08-31T16:12:53.880+06:30 DEBUG 8652 --- [nio-8090-exec-4] o.s.security.web.FilterChainProxy        : Securing POST /api/generations/d8ed8796-8623-4e5c-9bb3-ffdbdaf09867/lock/heartbeat
2026-08-31T16:12:53.883+06:30 DEBUG 8652 --- [nio-8090-exec-4] o.s.security.web.FilterChainProxy        : Secured POST /api/generations/d8ed8796-8623-4e5c-9bb3-ffdbdaf09867/lock/heartbeat
2026-08-31T16:12:57.443+06:30 DEBUG 8652 --- [nio-8090-exec-1] o.s.security.web.FilterChainProxy        : Securing GET /api/generations/d8ed8796-8623-4e5c-9bb3-ffdbdaf09867/lock
2026-08-31T16:12:57.443+06:30 DEBUG 8652 --- [nio-8090-exec-1] o.s.security.web.FilterChainProxy        : Secured GET /api/generations/d8ed8796-8623-4e5c-9bb3-ffdbdaf09867/lock
2026-08-31T16:12:57.861+06:30 DEBUG 8652 --- [nio-8090-exec-9] o.s.security.web.FilterChainProxy        : Securing POST /api/generations/d8ed8796-8623-4e5c-9bb3-ffdbdaf09867/lock/heartbeat
2026-08-31T16:12:57.864+06:30 DEBUG 8652 --- [nio-8090-exec-9] o.s.security.web.FilterChainProxy        : Secured POST /api/generations/d8ed8796-8623-4e5c-9bb3-ffdbdaf09867/lock/heartbeat
2026-08-31T16:13:00.277+06:30 DEBUG 8652 --- [nio-8090-exec-6] o.s.security.web.FilterChainProxy        : Securing GET /api/timetable-lobbies
2026-08-31T16:13:00.277+06:30 DEBUG 8652 --- [nio-8090-exec-6] o.s.security.web.FilterChainProxy        : Secured GET /api/timetable-lobbies
2026-08-31T16:13:01.473+06:30 DEBUG 8652 --- [nio-8090-exec-8] o.s.security.web.FilterChainProxy        : Securing GET /api/generations/d8ed8796-8623-4e5c-9bb3-ffdbdaf09867/lock
2026-08-31T16:13:01.473+06:30 DEBUG 8652 --- [nio-8090-exec-8] o.s.security.web.FilterChainProxy        : Secured GET /api/generations/d8ed8796-8623-4e5c-9bb3-ffdbdaf09867/lock
2026-08-31T16:13:01.736+06:30 DEBUG 8652 --- [nio-8090-exec-5] o.s.security.web.FilterChainProxy        : Securing POST /api/generations/d8ed8796-8623-4e5c-9bb3-ffdbdaf09867/lock/heartbeat
2026-08-31T16:13:01.739+06:30 DEBUG 8652 --- [nio-8090-exec-5] o.s.security.web.FilterChainProxy        : Secured POST /api/generations/d8ed8796-8623-4e5c-9bb3-ffdbdaf09867/lock/heartbeat
2026-08-31T16:13:05.470+06:30 DEBUG 8652 --- [nio-8090-exec-7] o.s.security.web.FilterChainProxy        : Securing GET /api/generations/d8ed8796-8623-4e5c-9bb3-ffdbdaf09867/lock
2026-08-31T16:13:05.470+06:30 DEBUG 8652 --- [nio-8090-exec-7] o.s.security.web.FilterChainProxy        : Secured GET /api/generations/d8ed8796-8623-4e5c-9bb3-ffdbdaf09867/lock
2026-08-31T16:13:05.852+06:30 DEBUG 8652 --- [io-8090-exec-10] o.s.security.web.FilterChainProxy        : Securing POST /api/generations/d8ed8796-8623-4e5c-9bb3-ffdbdaf09867/lock/heartbeat
2026-08-31T16:13:05.853+06:30 DEBUG 8652 --- [io-8090-exec-10] o.s.security.web.FilterChainProxy        : Secured POST /api/generations/d8ed8796-8623-4e5c-9bb3-ffdbdaf09867/lock/heartbeat
2026-08-31T16:13:08.285+06:30 DEBUG 8652 --- [nio-8090-exec-4] o.s.security.web.FilterChainProxy        : Securing GET /api/timetable-lobbies
2026-08-31T16:13:08.285+06:30 DEBUG 8652 --- [nio-8090-exec-4] o.s.security.web.FilterChainProxy        : Secured GET /api/timetable-lobbies
2026-08-31T16:13:09.469+06:30 DEBUG 8652 --- [nio-8090-exec-2] o.s.security.web.FilterChainProxy        : Securing GET /api/generations/d8ed8796-8623-4e5c-9bb3-ffdbdaf09867/lock
2026-08-31T16:13:09.469+06:30 DEBUG 8652 --- [nio-8090-exec-2] o.s.security.web.FilterChainProxy        : Secured GET /api/generations/d8ed8796-8623-4e5c-9bb3-ffdbdaf09867/lock
2026-08-31T16:13:09.962+06:30 DEBUG 8652 --- [nio-8090-exec-1] o.s.security.web.FilterChainProxy        : Securing POST /api/generations/d8ed8796-8623-4e5c-9bb3-ffdbdaf09867/lock/heartbeat
2026-08-31T16:13:09.962+06:30 DEBUG 8652 --- [nio-8090-exec-1] o.s.security.web.FilterChainProxy        : Secured POST /api/generations/d8ed8796-8623-4e5c-9bb3-ffdbdaf09867/lock/heartbeat
2026-08-31T16:13:13.447+06:30 DEBUG 8652 --- [nio-8090-exec-3] o.s.security.web.FilterChainProxy        : Securing GET /api/generations/d8ed8796-8623-4e5c-9bb3-ffdbdaf09867/lock
2026-08-31T16:13:13.450+06:30 DEBUG 8652 --- [nio-8090-exec-3] o.s.security.web.FilterChainProxy        : Secured GET /api/generations/d8ed8796-8623-4e5c-9bb3-ffdbdaf09867/lock
2026-08-31T16:13:13.948+06:30 DEBUG 8652 --- [nio-8090-exec-9] o.s.security.web.FilterChainProxy        : Securing POST /api/generations/d8ed8796-8623-4e5c-9bb3-ffdbdaf09867/lock/heartbeat
2026-08-31T16:13:13.951+06:30 DEBUG 8652 --- [nio-8090-exec-9] o.s.security.web.FilterChainProxy        : Secured POST /api/generations/d8ed8796-8623-4e5c-9bb3-ffdbdaf09867/lock/heartbeat
2026-08-31T16:13:14.291+06:30 DEBUG 8652 --- [nio-8090-exec-8] o.s.security.web.FilterChainProxy        : Securing GET /api/users
2026-08-31T16:13:14.297+06:30 DEBUG 8652 --- [nio-8090-exec-8] o.s.security.web.FilterChainProxy        : Secured GET /api/users
2026-08-31T16:13:14.353+06:30 DEBUG 8652 --- [nio-8090-exec-5] o.s.security.web.FilterChainProxy        : Securing GET /api/students
2026-08-31T16:13:14.353+06:30 DEBUG 8652 --- [nio-8090-exec-6] o.s.security.web.FilterChainProxy        : Securing GET /api/staff
2026-08-31T16:13:14.355+06:30 DEBUG 8652 --- [nio-8090-exec-5] o.s.security.web.FilterChainProxy        : Secured GET /api/students
2026-08-31T16:13:14.355+06:30 DEBUG 8652 --- [nio-8090-exec-6] o.s.security.web.FilterChainProxy        : Secured GET /api/staff
2026-08-31T16:13:16.289+06:30 DEBUG 8652 --- [nio-8090-exec-7] o.s.security.web.FilterChainProxy        : Securing GET /api/timetable-lobbies
2026-08-31T16:13:16.293+06:30 DEBUG 8652 --- [nio-8090-exec-7] o.s.security.web.FilterChainProxy        : Secured GET /api/timetable-lobbies
2026-08-31T16:13:17.449+06:30 DEBUG 8652 --- [io-8090-exec-10] o.s.security.web.FilterChainProxy        : Securing GET /api/generations/d8ed8796-8623-4e5c-9bb3-ffdbdaf09867/lock
2026-08-31T16:13:17.449+06:30 DEBUG 8652 --- [io-8090-exec-10] o.s.security.web.FilterChainProxy        : Secured GET /api/generations/d8ed8796-8623-4e5c-9bb3-ffdbdaf09867/lock
2026-08-31T16:13:17.726+06:30 DEBUG 8652 --- [nio-8090-exec-2] o.s.security.web.FilterChainProxy        : Securing POST /api/generations/d8ed8796-8623-4e5c-9bb3-ffdbdaf09867/lock/heartbeat
2026-08-31T16:13:17.726+06:30 DEBUG 8652 --- [nio-8090-exec-2] o.s.security.web.FilterChainProxy        : Secured POST /api/generations/d8ed8796-8623-4e5c-9bb3-ffdbdaf09867/lock/heartbeat
2026-08-31T16:13:20.141+06:30 DEBUG 8652 --- [nio-8090-exec-1] o.s.security.web.FilterChainProxy        : Securing GET /api/generations/d8ed8796-8623-4e5c-9bb3-ffdbdaf09867
2026-08-31T16:13:20.144+06:30 DEBUG 8652 --- [nio-8090-exec-1] o.s.security.web.FilterChainProxy        : Secured GET /api/generations/d8ed8796-8623-4e5c-9bb3-ffdbdaf09867
2026-08-31T16:13:20.591+06:30 DEBUG 8652 --- [nio-8090-exec-4] o.s.security.web.FilterChainProxy        : Securing GET /api/generations/d8ed8796-8623-4e5c-9bb3-ffdbdaf09867/lock
2026-08-31T16:13:20.593+06:30 DEBUG 8652 --- [nio-8090-exec-4] o.s.security.web.FilterChainProxy        : Secured GET /api/generations/d8ed8796-8623-4e5c-9bb3-ffdbdaf09867/lock
2026-08-31T16:13:20.824+06:30 DEBUG 8652 --- [nio-8090-exec-3] o.s.security.web.FilterChainProxy        : Securing POST /api/generations/d8ed8796-8623-4e5c-9bb3-ffdbdaf09867/lock/heartbeat
2026-08-31T16:13:20.825+06:30 DEBUG 8652 --- [nio-8090-exec-3] o.s.security.web.FilterChainProxy        : Secured POST /api/generations/d8ed8796-8623-4e5c-9bb3-ffdbdaf09867/lock/heartbeat
2026-08-31T16:13:24.300+06:30 DEBUG 8652 --- [nio-8090-exec-6] o.s.security.web.FilterChainProxy        : Securing GET /api/timetable-lobbies
2026-08-31T16:13:24.300+06:30 DEBUG 8652 --- [nio-8090-exec-6] o.s.security.web.FilterChainProxy        : Secured GET /api/timetable-lobbies
2026-08-31T16:13:24.586+06:30 DEBUG 8652 --- [nio-8090-exec-9] o.s.security.web.FilterChainProxy        : Securing GET /api/generations/d8ed8796-8623-4e5c-9bb3-ffdbdaf09867/lock
2026-08-31T16:13:24.586+06:30 DEBUG 8652 --- [nio-8090-exec-9] o.s.security.web.FilterChainProxy        : Secured GET /api/generations/d8ed8796-8623-4e5c-9bb3-ffdbdaf09867/lock
2026-08-31T16:13:25.014+06:30 DEBUG 8652 --- [nio-8090-exec-8] o.s.security.web.FilterChainProxy        : Securing POST /api/generations/d8ed8796-8623-4e5c-9bb3-ffdbdaf09867/lock/heartbeat
2026-08-31T16:13:25.014+06:30 DEBUG 8652 --- [nio-8090-exec-8] o.s.security.web.FilterChainProxy        : Secured POST /api/generations/d8ed8796-8623-4e5c-9bb3-ffdbdaf09867/lock/heartbeat
2026-08-31T16:13:28.589+06:30 DEBUG 8652 --- [nio-8090-exec-5] o.s.security.web.FilterChainProxy        : Securing GET /api/generations/d8ed8796-8623-4e5c-9bb3-ffdbdaf09867/lock
2026-08-31T16:13:28.593+06:30 DEBUG 8652 --- [nio-8090-exec-5] o.s.security.web.FilterChainProxy        : Secured GET /api/generations/d8ed8796-8623-4e5c-9bb3-ffdbdaf09867/lock
2026-08-31T16:13:28.985+06:30 DEBUG 8652 --- [io-8090-exec-10] o.s.security.web.FilterChainProxy        : Securing POST /api/generations/d8ed8796-8623-4e5c-9bb3-ffdbdaf09867/lock/heartbeat
2026-08-31T16:13:28.985+06:30 DEBUG 8652 --- [io-8090-exec-10] o.s.security.web.FilterChainProxy        : Secured POST /api/generations/d8ed8796-8623-4e5c-9bb3-ffdbdaf09867/lock/heartbeat
2026-08-31T16:13:32.296+06:30 DEBUG 8652 --- [nio-8090-exec-7] o.s.security.web.FilterChainProxy        : Securing GET /api/timetable-lobbies
2026-08-31T16:13:32.298+06:30 DEBUG 8652 --- [nio-8090-exec-7] o.s.security.web.FilterChainProxy        : Secured GET /api/timetable-lobbies
2026-08-31T16:13:32.578+06:30 DEBUG 8652 --- [nio-8090-exec-2] o.s.security.web.FilterChainProxy        : Securing GET /api/generations/d8ed8796-8623-4e5c-9bb3-ffdbdaf09867/lock
2026-08-31T16:13:32.578+06:30 DEBUG 8652 --- [nio-8090-exec-2] o.s.security.web.FilterChainProxy        : Secured GET /api/generations/d8ed8796-8623-4e5c-9bb3-ffdbdaf09867/lock
2026-08-31T16:13:32.975+06:30 DEBUG 8652 --- [nio-8090-exec-1] o.s.security.web.FilterChainProxy        : Securing POST /api/generations/d8ed8796-8623-4e5c-9bb3-ffdbdaf09867/lock/heartbeat
2026-08-31T16:13:32.975+06:30 DEBUG 8652 --- [nio-8090-exec-1] o.s.security.web.FilterChainProxy        : Secured POST /api/generations/d8ed8796-8623-4e5c-9bb3-ffdbdaf09867/lock/heartbeat
2026-08-31T16:13:36.593+06:30 DEBUG 8652 --- [nio-8090-exec-4] o.s.security.web.FilterChainProxy        : Securing GET /api/generations/d8ed8796-8623-4e5c-9bb3-ffdbdaf09867/lock
2026-08-31T16:13:36.596+06:30 DEBUG 8652 --- [nio-8090-exec-4] o.s.security.web.FilterChainProxy        : Secured GET /api/generations/d8ed8796-8623-4e5c-9bb3-ffdbdaf09867/lock
2026-08-31T16:13:36.977+06:30 DEBUG 8652 --- [nio-8090-exec-3] o.s.security.web.FilterChainProxy        : Securing POST /api/generations/d8ed8796-8623-4e5c-9bb3-ffdbdaf09867/lock/heartbeat
2026-08-31T16:13:36.981+06:30 DEBUG 8652 --- [nio-8090-exec-3] o.s.security.web.FilterChainProxy        : Secured POST /api/generations/d8ed8796-8623-4e5c-9bb3-ffdbdaf09867/lock/heartbeat
2026-08-31T16:13:40.302+06:30 DEBUG 8652 --- [nio-8090-exec-9] o.s.security.web.FilterChainProxy        : Securing GET /api/timetable-lobbies
2026-08-31T16:13:40.302+06:30 DEBUG 8652 --- [nio-8090-exec-9] o.s.security.web.FilterChainProxy        : Secured GET /api/timetable-lobbies
2026-08-31T16:13:40.588+06:30 DEBUG 8652 --- [nio-8090-exec-8] o.s.security.web.FilterChainProxy        : Securing GET /api/generations/d8ed8796-8623-4e5c-9bb3-ffdbdaf09867/lock
2026-08-31T16:13:40.588+06:30 DEBUG 8652 --- [nio-8090-exec-8] o.s.security.web.FilterChainProxy        : Secured GET /api/generations/d8ed8796-8623-4e5c-9bb3-ffdbdaf09867/lock
2026-08-31T16:13:40.958+06:30 DEBUG 8652 --- [nio-8090-exec-6] o.s.security.web.FilterChainProxy        : Securing POST /api/generations/d8ed8796-8623-4e5c-9bb3-ffdbdaf09867/lock/heartbeat
2026-08-31T16:13:40.958+06:30 DEBUG 8652 --- [nio-8090-exec-6] o.s.security.web.FilterChainProxy        : Secured POST /api/generations/d8ed8796-8623-4e5c-9bb3-ffdbdaf09867/lock/heartbeat
2026-08-31T16:13:44.586+06:30 DEBUG 8652 --- [nio-8090-exec-5] o.s.security.web.FilterChainProxy        : Securing GET /api/generations/d8ed8796-8623-4e5c-9bb3-ffdbdaf09867/lock
2026-08-31T16:13:44.588+06:30 DEBUG 8652 --- [nio-8090-exec-5] o.s.security.web.FilterChainProxy        : Secured GET /api/generations/d8ed8796-8623-4e5c-9bb3-ffdbdaf09867/lock
2026-08-31T16:13:44.976+06:30 DEBUG 8652 --- [io-8090-exec-10] o.s.security.web.FilterChainProxy        : Securing POST /api/generations/d8ed8796-8623-4e5c-9bb3-ffdbdaf09867/lock/heartbeat
2026-08-31T16:13:44.978+06:30 DEBUG 8652 --- [io-8090-exec-10] o.s.security.web.FilterChainProxy        : Secured POST /api/generations/d8ed8796-8623-4e5c-9bb3-ffdbdaf09867/lock/heartbeat
2026-08-31T16:13:48.288+06:30 DEBUG 8652 --- [nio-8090-exec-2] o.s.security.web.FilterChainProxy        : Securing GET /api/timetable-lobbies
2026-08-31T16:13:48.290+06:30 DEBUG 8652 --- [nio-8090-exec-2] o.s.security.web.FilterChainProxy        : Secured GET /api/timetable-lobbies
2026-08-31T16:13:48.571+06:30 DEBUG 8652 --- [nio-8090-exec-1] o.s.security.web.FilterChainProxy        : Securing GET /api/generations/d8ed8796-8623-4e5c-9bb3-ffdbdaf09867/lock
2026-08-31T16:13:48.571+06:30 DEBUG 8652 --- [nio-8090-exec-1] o.s.security.web.FilterChainProxy        : Secured GET /api/generations/d8ed8796-8623-4e5c-9bb3-ffdbdaf09867/lock
2026-08-31T16:13:48.975+06:30 DEBUG 8652 --- [nio-8090-exec-7] o.s.security.web.FilterChainProxy        : Securing POST /api/generations/d8ed8796-8623-4e5c-9bb3-ffdbdaf09867/lock/heartbeat
2026-08-31T16:13:48.980+06:30 DEBUG 8652 --- [nio-8090-exec-7] o.s.security.web.FilterChainProxy        : Secured POST /api/generations/d8ed8796-8623-4e5c-9bb3-ffdbdaf09867/lock/heartbeat
2026-08-31T16:13:52.585+06:30 DEBUG 8652 --- [nio-8090-exec-4] o.s.security.web.FilterChainProxy        : Securing GET /api/generations/d8ed8796-8623-4e5c-9bb3-ffdbdaf09867/lock
2026-08-31T16:13:52.586+06:30 DEBUG 8652 --- [nio-8090-exec-4] o.s.security.web.FilterChainProxy        : Secured GET /api/generations/d8ed8796-8623-4e5c-9bb3-ffdbdaf09867/lock
2026-08-31T16:13:52.961+06:30 DEBUG 8652 --- [nio-8090-exec-3] o.s.security.web.FilterChainProxy        : Securing POST /api/generations/d8ed8796-8623-4e5c-9bb3-ffdbdaf09867/lock/heartbeat
2026-08-31T16:13:52.965+06:30 DEBUG 8652 --- [nio-8090-exec-3] o.s.security.web.FilterChainProxy        : Secured POST /api/generations/d8ed8796-8623-4e5c-9bb3-ffdbdaf09867/lock/heartbeat
2026-08-31T16:13:56.290+06:30 DEBUG 8652 --- [nio-8090-exec-8] o.s.security.web.FilterChainProxy        : Securing GET /api/timetable-lobbies
2026-08-31T16:13:56.292+06:30 DEBUG 8652 --- [nio-8090-exec-8] o.s.security.web.FilterChainProxy        : Secured GET /api/timetable-lobbies
2026-08-31T16:13:56.581+06:30 DEBUG 8652 --- [nio-8090-exec-6] o.s.security.web.FilterChainProxy        : Securing GET /api/generations/d8ed8796-8623-4e5c-9bb3-ffdbdaf09867/lock
2026-08-31T16:13:56.584+06:30 DEBUG 8652 --- [nio-8090-exec-6] o.s.security.web.FilterChainProxy        : Secured GET /api/generations/d8ed8796-8623-4e5c-9bb3-ffdbdaf09867/lock
2026-08-31T16:13:56.977+06:30 DEBUG 8652 --- [nio-8090-exec-9] o.s.security.web.FilterChainProxy        : Securing POST /api/generations/d8ed8796-8623-4e5c-9bb3-ffdbdaf09867/lock/heartbeat
2026-08-31T16:13:56.979+06:30 DEBUG 8652 --- [nio-8090-exec-9] o.s.security.web.FilterChainProxy        : Secured POST /api/generations/d8ed8796-8623-4e5c-9bb3-ffdbdaf09867/lock/heartbeat
2026-08-31T16:14:00.582+06:30 DEBUG 8652 --- [nio-8090-exec-5] o.s.security.web.FilterChainProxy        : Securing GET /api/generations/d8ed8796-8623-4e5c-9bb3-ffdbdaf09867/lock
2026-08-31T16:14:00.586+06:30 DEBUG 8652 --- [nio-8090-exec-5] o.s.security.web.FilterChainProxy        : Secured GET /api/generations/d8ed8796-8623-4e5c-9bb3-ffdbdaf09867/lock
2026-08-31T16:14:00.804+06:30 DEBUG 8652 --- [io-8090-exec-10] o.s.security.web.FilterChainProxy        : Securing POST /api/generations/d8ed8796-8623-4e5c-9bb3-ffdbdaf09867/lock/heartbeat
2026-08-31T16:14:00.810+06:30 DEBUG 8652 --- [io-8090-exec-10] o.s.security.web.FilterChainProxy        : Secured POST /api/generations/d8ed8796-8623-4e5c-9bb3-ffdbdaf09867/lock/heartbeat
2026-08-31T16:14:04.285+06:30 DEBUG 8652 --- [nio-8090-exec-1] o.s.security.web.FilterChainProxy        : Securing GET /api/timetable-lobbies
2026-08-31T16:14:04.287+06:30 DEBUG 8652 --- [nio-8090-exec-1] o.s.security.web.FilterChainProxy        : Secured GET /api/timetable-lobbies
2026-08-31T16:14:04.596+06:30 DEBUG 8652 --- [nio-8090-exec-7] o.s.security.web.FilterChainProxy        : Securing GET /api/generations/d8ed8796-8623-4e5c-9bb3-ffdbdaf09867/lock
2026-08-31T16:14:04.598+06:30 DEBUG 8652 --- [nio-8090-exec-7] o.s.security.web.FilterChainProxy        : Secured GET /api/generations/d8ed8796-8623-4e5c-9bb3-ffdbdaf09867/lock
2026-08-31T16:14:04.803+06:30 DEBUG 8652 --- [nio-8090-exec-2] o.s.security.web.FilterChainProxy        : Securing POST /api/generations/d8ed8796-8623-4e5c-9bb3-ffdbdaf09867/lock/heartbeat
2026-08-31T16:14:04.805+06:30 DEBUG 8652 --- [nio-8090-exec-2] o.s.security.web.FilterChainProxy        : Secured POST /api/generations/d8ed8796-8623-4e5c-9bb3-ffdbdaf09867/lock/heartbeat
2026-08-31T16:14:08.591+06:30 DEBUG 8652 --- [nio-8090-exec-4] o.s.security.web.FilterChainProxy        : Securing GET /api/generations/d8ed8796-8623-4e5c-9bb3-ffdbdaf09867/lock
2026-08-31T16:14:08.591+06:30 DEBUG 8652 --- [nio-8090-exec-4] o.s.security.web.FilterChainProxy        : Secured GET /api/generations/d8ed8796-8623-4e5c-9bb3-ffdbdaf09867/lock
2026-08-31T16:14:08.953+06:30 DEBUG 8652 --- [nio-8090-exec-3] o.s.security.web.FilterChainProxy        : Securing POST /api/generations/d8ed8796-8623-4e5c-9bb3-ffdbdaf09867/lock/heartbeat
2026-08-31T16:14:08.955+06:30 DEBUG 8652 --- [nio-8090-exec-3] o.s.security.web.FilterChainProxy        : Secured POST /api/generations/d8ed8796-8623-4e5c-9bb3-ffdbdaf09867/lock/heartbeat
2026-08-31T16:14:12.284+06:30 DEBUG 8652 --- [nio-8090-exec-6] o.s.security.web.FilterChainProxy        : Securing GET /api/timetable-lobbies
2026-08-31T16:14:12.286+06:30 DEBUG 8652 --- [nio-8090-exec-6] o.s.security.web.FilterChainProxy        : Secured GET /api/timetable-lobbies
2026-08-31T16:14:12.612+06:30 DEBUG 8652 --- [nio-8090-exec-9] o.s.security.web.FilterChainProxy        : Securing GET /api/generations/d8ed8796-8623-4e5c-9bb3-ffdbdaf09867/lock
2026-08-31T16:14:12.614+06:30 DEBUG 8652 --- [nio-8090-exec-9] o.s.security.web.FilterChainProxy        : Secured GET /api/generations/d8ed8796-8623-4e5c-9bb3-ffdbdaf09867/lock
2026-08-31T16:14:13.271+06:30 DEBUG 8652 --- [nio-8090-exec-8] o.s.security.web.FilterChainProxy        : Securing POST /api/generations/d8ed8796-8623-4e5c-9bb3-ffdbdaf09867/lock/heartbeat
2026-08-31T16:14:13.273+06:30 DEBUG 8652 --- [nio-8090-exec-8] o.s.security.web.FilterChainProxy        : Secured POST /api/generations/d8ed8796-8623-4e5c-9bb3-ffdbdaf09867/lock/heartbeat
2026-08-31T16:14:16.595+06:30 DEBUG 8652 --- [nio-8090-exec-7] o.s.security.web.FilterChainProxy        : Securing GET /api/generations/d8ed8796-8623-4e5c-9bb3-ffdbdaf09867/lock
2026-08-31T16:14:16.595+06:30 DEBUG 8652 --- [nio-8090-exec-7] o.s.security.web.FilterChainProxy        : Secured GET /api/generations/d8ed8796-8623-4e5c-9bb3-ffdbdaf09867/lock
2026-08-31T16:14:17.119+06:30 DEBUG 8652 --- [nio-8090-exec-2] o.s.security.web.FilterChainProxy        : Securing POST /api/generations/d8ed8796-8623-4e5c-9bb3-ffdbdaf09867/lock/heartbeat
2026-08-31T16:14:17.119+06:30 DEBUG 8652 --- [nio-8090-exec-2] o.s.security.web.FilterChainProxy        : Secured POST /api/generations/d8ed8796-8623-4e5c-9bb3-ffdbdaf09867/lock/heartbeat
2026-08-31T16:14:20.285+06:30 DEBUG 8652 --- [nio-8090-exec-1] o.s.security.web.FilterChainProxy        : Securing GET /api/timetable-lobbies
2026-08-31T16:14:20.291+06:30 DEBUG 8652 --- [nio-8090-exec-1] o.s.security.web.FilterChainProxy        : Secured GET /api/timetable-lobbies
2026-08-31T16:14:20.595+06:30 DEBUG 8652 --- [nio-8090-exec-4] o.s.security.web.FilterChainProxy        : Securing GET /api/generations/d8ed8796-8623-4e5c-9bb3-ffdbdaf09867/lock
2026-08-31T16:14:20.597+06:30 DEBUG 8652 --- [nio-8090-exec-4] o.s.security.web.FilterChainProxy        : Secured GET /api/generations/d8ed8796-8623-4e5c-9bb3-ffdbdaf09867/lock
2026-08-31T16:14:21.022+06:30 DEBUG 8652 --- [nio-8090-exec-3] o.s.security.web.FilterChainProxy        : Securing POST /api/generations/d8ed8796-8623-4e5c-9bb3-ffdbdaf09867/lock/heartbeat
2026-08-31T16:14:21.022+06:30 DEBUG 8652 --- [nio-8090-exec-3] o.s.security.web.FilterChainProxy        : Secured POST /api/generations/d8ed8796-8623-4e5c-9bb3-ffdbdaf09867/lock/heartbeat
2026-08-31T16:14:24.593+06:30 DEBUG 8652 --- [nio-8090-exec-9] o.s.security.web.FilterChainProxy        : Securing GET /api/generations/d8ed8796-8623-4e5c-9bb3-ffdbdaf09867/lock
2026-08-31T16:14:24.593+06:30 DEBUG 8652 --- [nio-8090-exec-9] o.s.security.web.FilterChainProxy        : Secured GET /api/generations/d8ed8796-8623-4e5c-9bb3-ffdbdaf09867/lock
2026-08-31T16:14:25.005+06:30 DEBUG 8652 --- [nio-8090-exec-5] o.s.security.web.FilterChainProxy        : Securing POST /api/generations/d8ed8796-8623-4e5c-9bb3-ffdbdaf09867/lock/heartbeat
2026-08-31T16:14:25.009+06:30 DEBUG 8652 --- [nio-8090-exec-5] o.s.security.web.FilterChainProxy        : Secured POST /api/generations/d8ed8796-8623-4e5c-9bb3-ffdbdaf09867/lock/heartbeat
2026-08-31T16:14:28.297+06:30 DEBUG 8652 --- [io-8090-exec-10] o.s.security.web.FilterChainProxy        : Securing GET /api/timetable-lobbies
2026-08-31T16:14:28.301+06:30 DEBUG 8652 --- [io-8090-exec-10] o.s.security.web.FilterChainProxy        : Secured GET /api/timetable-lobbies
2026-08-31T16:14:28.581+06:30 DEBUG 8652 --- [nio-8090-exec-7] o.s.security.web.FilterChainProxy        : Securing GET /api/generations/d8ed8796-8623-4e5c-9bb3-ffdbdaf09867/lock
2026-08-31T16:14:28.581+06:30 DEBUG 8652 --- [nio-8090-exec-7] o.s.security.web.FilterChainProxy        : Secured GET /api/generations/d8ed8796-8623-4e5c-9bb3-ffdbdaf09867/lock
2026-08-31T16:14:28.993+06:30 DEBUG 8652 --- [nio-8090-exec-8] o.s.security.web.FilterChainProxy        : Securing POST /api/generations/d8ed8796-8623-4e5c-9bb3-ffdbdaf09867/lock/heartbeat
2026-08-31T16:14:28.993+06:30 DEBUG 8652 --- [nio-8090-exec-8] o.s.security.web.FilterChainProxy        : Secured POST /api/generations/d8ed8796-8623-4e5c-9bb3-ffdbdaf09867/lock/heartbeat
2026-08-31T16:14:29.303+06:30 DEBUG 8652 --- [nio-8090-exec-2] o.s.security.web.FilterChainProxy        : Securing GET /api/students
2026-08-31T16:14:29.305+06:30 DEBUG 8652 --- [nio-8090-exec-2] o.s.security.web.FilterChainProxy        : Secured GET /api/students
2026-08-31T16:14:29.350+06:30 DEBUG 8652 --- [nio-8090-exec-6] o.s.security.web.FilterChainProxy        : Securing GET /api/staff
2026-08-31T16:14:29.350+06:30 DEBUG 8652 --- [nio-8090-exec-4] o.s.security.web.FilterChainProxy        : Securing GET /api/users
2026-08-31T16:14:29.352+06:30 DEBUG 8652 --- [nio-8090-exec-6] o.s.security.web.FilterChainProxy        : Secured GET /api/staff
2026-08-31T16:14:29.352+06:30 DEBUG 8652 --- [nio-8090-exec-4] o.s.security.web.FilterChainProxy        : Secured GET /api/users
2026-08-31T16:14:32.589+06:30 DEBUG 8652 --- [nio-8090-exec-3] o.s.security.web.FilterChainProxy        : Securing GET /api/generations/d8ed8796-8623-4e5c-9bb3-ffdbdaf09867/lock
2026-08-31T16:14:32.592+06:30 DEBUG 8652 --- [nio-8090-exec-3] o.s.security.web.FilterChainProxy        : Secured GET /api/generations/d8ed8796-8623-4e5c-9bb3-ffdbdaf09867/lock
2026-08-31T16:14:32.811+06:30 DEBUG 8652 --- [nio-8090-exec-1] o.s.security.web.FilterChainProxy        : Securing POST /api/generations/d8ed8796-8623-4e5c-9bb3-ffdbdaf09867/lock/heartbeat
2026-08-31T16:14:32.811+06:30 DEBUG 8652 --- [nio-8090-exec-1] o.s.security.web.FilterChainProxy        : Secured POST /api/generations/d8ed8796-8623-4e5c-9bb3-ffdbdaf09867/lock/heartbeat
2026-08-31T16:14:36.301+06:30 DEBUG 8652 --- [nio-8090-exec-9] o.s.security.web.FilterChainProxy        : Securing GET /api/timetable-lobbies
2026-08-31T16:14:36.301+06:30 DEBUG 8652 --- [nio-8090-exec-9] o.s.security.web.FilterChainProxy        : Secured GET /api/timetable-lobbies
2026-08-31T16:14:36.587+06:30 DEBUG 8652 --- [nio-8090-exec-5] o.s.security.web.FilterChainProxy        : Securing GET /api/generations/d8ed8796-8623-4e5c-9bb3-ffdbdaf09867/lock
2026-08-31T16:14:36.589+06:30 DEBUG 8652 --- [nio-8090-exec-5] o.s.security.web.FilterChainProxy        : Secured GET /api/generations/d8ed8796-8623-4e5c-9bb3-ffdbdaf09867/lock
2026-08-31T16:14:36.989+06:30 DEBUG 8652 --- [nio-8090-exec-7] o.s.security.web.FilterChainProxy        : Securing POST /api/generations/d8ed8796-8623-4e5c-9bb3-ffdbdaf09867/lock/heartbeat
2026-08-31T16:14:36.989+06:30 DEBUG 8652 --- [nio-8090-exec-7] o.s.security.web.FilterChainProxy        : Secured POST /api/generations/d8ed8796-8623-4e5c-9bb3-ffdbdaf09867/lock/heartbeat
2026-08-31T16:14:40.586+06:30 DEBUG 8652 --- [nio-8090-exec-4] o.s.security.web.FilterChainProxy        : Securing GET /api/generations/d8ed8796-8623-4e5c-9bb3-ffdbdaf09867/lock
2026-08-31T16:14:40.588+06:30 DEBUG 8652 --- [nio-8090-exec-4] o.s.security.web.FilterChainProxy        : Secured GET /api/generations/d8ed8796-8623-4e5c-9bb3-ffdbdaf09867/lock
2026-08-31T16:14:40.984+06:30 DEBUG 8652 --- [nio-8090-exec-8] o.s.security.web.FilterChainProxy        : Securing POST /api/generations/d8ed8796-8623-4e5c-9bb3-ffdbdaf09867/lock/heartbeat
2026-08-31T16:14:40.984+06:30 DEBUG 8652 --- [nio-8090-exec-8] o.s.security.web.FilterChainProxy        : Secured POST /api/generations/d8ed8796-8623-4e5c-9bb3-ffdbdaf09867/lock/heartbeat
2026-08-31T16:14:44.300+06:30 DEBUG 8652 --- [nio-8090-exec-6] o.s.security.web.FilterChainProxy        : Securing GET /api/timetable-lobbies
2026-08-31T16:14:44.300+06:30 DEBUG 8652 --- [nio-8090-exec-6] o.s.security.web.FilterChainProxy        : Secured GET /api/timetable-lobbies
2026-08-31T16:14:44.587+06:30 DEBUG 8652 --- [nio-8090-exec-2] o.s.security.web.FilterChainProxy        : Securing GET /api/generations/d8ed8796-8623-4e5c-9bb3-ffdbdaf09867/lock
2026-08-31T16:14:44.587+06:30 DEBUG 8652 --- [nio-8090-exec-2] o.s.security.web.FilterChainProxy        : Secured GET /api/generations/d8ed8796-8623-4e5c-9bb3-ffdbdaf09867/lock
2026-08-31T16:14:44.990+06:30 DEBUG 8652 --- [io-8090-exec-10] o.s.security.web.FilterChainProxy        : Securing POST /api/generations/d8ed8796-8623-4e5c-9bb3-ffdbdaf09867/lock/heartbeat
2026-08-31T16:14:44.996+06:30 DEBUG 8652 --- [io-8090-exec-10] o.s.security.web.FilterChainProxy        : Secured POST /api/generations/d8ed8796-8623-4e5c-9bb3-ffdbdaf09867/lock/heartbeat
2026-08-31T16:14:48.583+06:30 DEBUG 8652 --- [nio-8090-exec-3] o.s.security.web.FilterChainProxy        : Securing GET /api/generations/d8ed8796-8623-4e5c-9bb3-ffdbdaf09867/lock
2026-08-31T16:14:48.583+06:30 DEBUG 8652 --- [nio-8090-exec-3] o.s.security.web.FilterChainProxy        : Secured GET /api/generations/d8ed8796-8623-4e5c-9bb3-ffdbdaf09867/lock
2026-08-31T16:14:49.188+06:30 DEBUG 8652 --- [nio-8090-exec-1] o.s.security.web.FilterChainProxy        : Securing POST /api/generations/d8ed8796-8623-4e5c-9bb3-ffdbdaf09867/lock/heartbeat
2026-08-31T16:14:49.188+06:30 DEBUG 8652 --- [nio-8090-exec-1] o.s.security.web.FilterChainProxy        : Secured POST /api/generations/d8ed8796-8623-4e5c-9bb3-ffdbdaf09867/lock/heartbeat
2026-08-31T16:14:52.285+06:30 DEBUG 8652 --- [nio-8090-exec-5] o.s.security.web.FilterChainProxy        : Securing GET /api/timetable-lobbies
2026-08-31T16:14:52.287+06:30 DEBUG 8652 --- [nio-8090-exec-5] o.s.security.web.FilterChainProxy        : Secured GET /api/timetable-lobbies
2026-08-31T16:14:52.583+06:30 DEBUG 8652 --- [nio-8090-exec-7] o.s.security.web.FilterChainProxy        : Securing GET /api/generations/d8ed8796-8623-4e5c-9bb3-ffdbdaf09867/lock
2026-08-31T16:14:52.583+06:30 DEBUG 8652 --- [nio-8090-exec-7] o.s.security.web.FilterChainProxy        : Secured GET /api/generations/d8ed8796-8623-4e5c-9bb3-ffdbdaf09867/lock
2026-08-31T16:14:53.154+06:30 DEBUG 8652 --- [nio-8090-exec-9] o.s.security.web.FilterChainProxy        : Securing POST /api/generations/d8ed8796-8623-4e5c-9bb3-ffdbdaf09867/lock/heartbeat
2026-08-31T16:14:53.164+06:30 DEBUG 8652 --- [nio-8090-exec-9] o.s.security.web.FilterChainProxy        : Secured POST /api/generations/d8ed8796-8623-4e5c-9bb3-ffdbdaf09867/lock/heartbeat
2026-08-31T16:14:56.596+06:30 DEBUG 8652 --- [nio-8090-exec-4] o.s.security.web.FilterChainProxy        : Securing GET /api/generations/d8ed8796-8623-4e5c-9bb3-ffdbdaf09867/lock
2026-08-31T16:14:56.596+06:30 DEBUG 8652 --- [nio-8090-exec-4] o.s.security.web.FilterChainProxy        : Secured GET /api/generations/d8ed8796-8623-4e5c-9bb3-ffdbdaf09867/lock
2026-08-31T16:14:57.185+06:30 DEBUG 8652 --- [nio-8090-exec-8] o.s.security.web.FilterChainProxy        : Securing POST /api/generations/d8ed8796-8623-4e5c-9bb3-ffdbdaf09867/lock/heartbeat
2026-08-31T16:14:57.185+06:30 DEBUG 8652 --- [nio-8090-exec-8] o.s.security.web.FilterChainProxy        : Secured POST /api/generations/d8ed8796-8623-4e5c-9bb3-ffdbdaf09867/lock/heartbeat
2026-08-31T16:15:00.301+06:30 DEBUG 8652 --- [nio-8090-exec-2] o.s.security.web.FilterChainProxy        : Securing GET /api/timetable-lobbies
2026-08-31T16:15:00.304+06:30 DEBUG 8652 --- [nio-8090-exec-2] o.s.security.web.FilterChainProxy        : Secured GET /api/timetable-lobbies
2026-08-31T16:15:00.586+06:30 DEBUG 8652 --- [io-8090-exec-10] o.s.security.web.FilterChainProxy        : Securing GET /api/generations/d8ed8796-8623-4e5c-9bb3-ffdbdaf09867/lock
2026-08-31T16:15:00.586+06:30 DEBUG 8652 --- [io-8090-exec-10] o.s.security.web.FilterChainProxy        : Secured GET /api/generations/d8ed8796-8623-4e5c-9bb3-ffdbdaf09867/lock
2026-08-31T16:15:00.948+06:30 DEBUG 8652 --- [nio-8090-exec-6] o.s.security.web.FilterChainProxy        : Securing POST /api/generations/d8ed8796-8623-4e5c-9bb3-ffdbdaf09867/lock/heartbeat
2026-08-31T16:15:00.950+06:30 DEBUG 8652 --- [nio-8090-exec-6] o.s.security.web.FilterChainProxy        : Secured POST /api/generations/d8ed8796-8623-4e5c-9bb3-ffdbdaf09867/lock/heartbeat
2026-08-31T16:15:04.568+06:30 DEBUG 8652 --- [nio-8090-exec-3] o.s.security.web.FilterChainProxy        : Securing GET /api/generations/d8ed8796-8623-4e5c-9bb3-ffdbdaf09867/lock
2026-08-31T16:15:04.568+06:30 DEBUG 8652 --- [nio-8090-exec-3] o.s.security.web.FilterChainProxy        : Secured GET /api/generations/d8ed8796-8623-4e5c-9bb3-ffdbdaf09867/lock
2026-08-31T16:15:04.950+06:30 DEBUG 8652 --- [nio-8090-exec-1] o.s.security.web.FilterChainProxy        : Securing POST /api/generations/d8ed8796-8623-4e5c-9bb3-ffdbdaf09867/lock/heartbeat
2026-08-31T16:15:04.950+06:30 DEBUG 8652 --- [nio-8090-exec-1] o.s.security.web.FilterChainProxy        : Secured POST /api/generations/d8ed8796-8623-4e5c-9bb3-ffdbdaf09867/lock/heartbeat
2026-08-31T16:15:08.297+06:30 DEBUG 8652 --- [nio-8090-exec-7] o.s.security.web.FilterChainProxy        : Securing GET /api/timetable-lobbies
2026-08-31T16:15:08.297+06:30 DEBUG 8652 --- [nio-8090-exec-7] o.s.security.web.FilterChainProxy        : Secured GET /api/timetable-lobbies
2026-08-31T16:15:08.566+06:30 DEBUG 8652 --- [nio-8090-exec-9] o.s.security.web.FilterChainProxy        : Securing GET /api/generations/d8ed8796-8623-4e5c-9bb3-ffdbdaf09867/lock
2026-08-31T16:15:08.566+06:30 DEBUG 8652 --- [nio-8090-exec-9] o.s.security.web.FilterChainProxy        : Secured GET /api/generations/d8ed8796-8623-4e5c-9bb3-ffdbdaf09867/lock
2026-08-31T16:15:08.946+06:30 DEBUG 8652 --- [nio-8090-exec-4] o.s.security.web.FilterChainProxy        : Securing POST /api/generations/d8ed8796-8623-4e5c-9bb3-ffdbdaf09867/lock/heartbeat
2026-08-31T16:15:08.946+06:30 DEBUG 8652 --- [nio-8090-exec-4] o.s.security.web.FilterChainProxy        : Secured POST /api/generations/d8ed8796-8623-4e5c-9bb3-ffdbdaf09867/lock/heartbeat
2026-08-31T16:15:12.595+06:30 DEBUG 8652 --- [nio-8090-exec-5] o.s.security.web.FilterChainProxy        : Securing GET /api/generations/d8ed8796-8623-4e5c-9bb3-ffdbdaf09867/lock
2026-08-31T16:15:12.597+06:30 DEBUG 8652 --- [nio-8090-exec-5] o.s.security.web.FilterChainProxy        : Secured GET /api/generations/d8ed8796-8623-4e5c-9bb3-ffdbdaf09867/lock
2026-08-31T16:15:13.197+06:30 DEBUG 8652 --- [nio-8090-exec-8] o.s.security.web.FilterChainProxy        : Securing POST /api/generations/d8ed8796-8623-4e5c-9bb3-ffdbdaf09867/lock/heartbeat
2026-08-31T16:15:13.197+06:30 DEBUG 8652 --- [nio-8090-exec-8] o.s.security.web.FilterChainProxy        : Secured POST /api/generations/d8ed8796-8623-4e5c-9bb3-ffdbdaf09867/lock/heartbeat
2026-08-31T16:15:16.291+06:30 DEBUG 8652 --- [io-8090-exec-10] o.s.security.web.FilterChainProxy        : Securing GET /api/timetable-lobbies
2026-08-31T16:15:16.291+06:30 DEBUG 8652 --- [io-8090-exec-10] o.s.security.web.FilterChainProxy        : Secured GET /api/timetable-lobbies
2026-08-31T16:15:16.592+06:30 DEBUG 8652 --- [nio-8090-exec-6] o.s.security.web.FilterChainProxy        : Securing GET /api/generations/d8ed8796-8623-4e5c-9bb3-ffdbdaf09867/lock
2026-08-31T16:15:16.592+06:30 DEBUG 8652 --- [nio-8090-exec-6] o.s.security.web.FilterChainProxy        : Secured GET /api/generations/d8ed8796-8623-4e5c-9bb3-ffdbdaf09867/lock
2026-08-31T16:15:16.925+06:30 DEBUG 8652 --- [nio-8090-exec-2] o.s.security.web.FilterChainProxy        : Securing POST /api/generations/d8ed8796-8623-4e5c-9bb3-ffdbdaf09867/lock/heartbeat
2026-08-31T16:15:16.925+06:30 DEBUG 8652 --- [nio-8090-exec-2] o.s.security.web.FilterChainProxy        : Secured POST /api/generations/d8ed8796-8623-4e5c-9bb3-ffdbdaf09867/lock/heartbeat
2026-08-31T16:15:20.577+06:30 DEBUG 8652 --- [nio-8090-exec-3] o.s.security.web.FilterChainProxy        : Securing GET /api/generations/d8ed8796-8623-4e5c-9bb3-ffdbdaf09867/lock
2026-08-31T16:15:20.577+06:30 DEBUG 8652 --- [nio-8090-exec-3] o.s.security.web.FilterChainProxy        : Secured GET /api/generations/d8ed8796-8623-4e5c-9bb3-ffdbdaf09867/lock
2026-08-31T16:15:20.910+06:30 DEBUG 8652 --- [nio-8090-exec-1] o.s.security.web.FilterChainProxy        : Securing POST /api/generations/d8ed8796-8623-4e5c-9bb3-ffdbdaf09867/lock/heartbeat
2026-08-31T16:15:20.926+06:30 DEBUG 8652 --- [nio-8090-exec-1] o.s.security.web.FilterChainProxy        : Secured POST /api/generations/d8ed8796-8623-4e5c-9bb3-ffdbdaf09867/lock/heartbeat
2026-08-31T16:15:24.274+06:30 DEBUG 8652 --- [nio-8090-exec-9] o.s.security.web.FilterChainProxy        : Securing GET /api/timetable-lobbies
2026-08-31T16:15:24.274+06:30 DEBUG 8652 --- [nio-8090-exec-9] o.s.security.web.FilterChainProxy        : Secured GET /api/timetable-lobbies
2026-08-31T16:15:24.580+06:30 DEBUG 8652 --- [nio-8090-exec-4] o.s.security.web.FilterChainProxy        : Securing GET /api/generations/d8ed8796-8623-4e5c-9bb3-ffdbdaf09867/lock
2026-08-31T16:15:24.580+06:30 DEBUG 8652 --- [nio-8090-exec-4] o.s.security.web.FilterChainProxy        : Secured GET /api/generations/d8ed8796-8623-4e5c-9bb3-ffdbdaf09867/lock
2026-08-31T16:15:27.245+06:30 DEBUG 8652 --- [nio-8090-exec-5] o.s.security.web.FilterChainProxy        : Securing POST /api/generations/d8ed8796-8623-4e5c-9bb3-ffdbdaf09867/lock/heartbeat
2026-08-31T16:15:27.406+06:30 DEBUG 8652 --- [nio-8090-exec-5] o.s.security.web.FilterChainProxy        : Secured POST /api/generations/d8ed8796-8623-4e5c-9bb3-ffdbdaf09867/lock/heartbeat
2026-08-31T16:15:28.567+06:30 DEBUG 8652 --- [nio-8090-exec-6] o.s.security.web.FilterChainProxy        : Securing GET /api/generations/d8ed8796-8623-4e5c-9bb3-ffdbdaf09867/lock
2026-08-31T16:15:28.567+06:30 DEBUG 8652 --- [nio-8090-exec-6] o.s.security.web.FilterChainProxy        : Secured GET /api/generations/d8ed8796-8623-4e5c-9bb3-ffdbdaf09867/lock
2026-08-31T16:15:28.917+06:30 DEBUG 8652 --- [nio-8090-exec-2] o.s.security.web.FilterChainProxy        : Securing POST /api/generations/d8ed8796-8623-4e5c-9bb3-ffdbdaf09867/lock/heartbeat
2026-08-31T16:15:28.917+06:30 DEBUG 8652 --- [nio-8090-exec-2] o.s.security.web.FilterChainProxy        : Secured POST /api/generations/d8ed8796-8623-4e5c-9bb3-ffdbdaf09867/lock/heartbeat
2026-08-31T16:15:32.588+06:30 DEBUG 8652 --- [io-8090-exec-10] o.s.security.web.FilterChainProxy        : Securing GET /api/generations/d8ed8796-8623-4e5c-9bb3-ffdbdaf09867/lock
2026-08-31T16:15:32.588+06:30 DEBUG 8652 --- [io-8090-exec-10] o.s.security.web.FilterChainProxy        : Secured GET /api/generations/d8ed8796-8623-4e5c-9bb3-ffdbdaf09867/lock
2026-08-31T16:15:33.619+06:30 DEBUG 8652 --- [nio-8090-exec-3] o.s.security.web.FilterChainProxy        : Securing GET /api/timetable-lobbies
2026-08-31T16:15:33.619+06:30 DEBUG 8652 --- [nio-8090-exec-3] o.s.security.web.FilterChainProxy        : Secured GET /api/timetable-lobbies
2026-08-31T16:15:33.952+06:30 DEBUG 8652 --- [nio-8090-exec-4] o.s.security.web.FilterChainProxy        : Securing POST /api/generations/d8ed8796-8623-4e5c-9bb3-ffdbdaf09867/lock/heartbeat
2026-08-31T16:15:33.952+06:30 DEBUG 8652 --- [nio-8090-exec-4] o.s.security.web.FilterChainProxy        : Secured POST /api/generations/d8ed8796-8623-4e5c-9bb3-ffdbdaf09867/lock/heartbeat
2026-08-31T16:15:36.586+06:30 DEBUG 8652 --- [nio-8090-exec-1] o.s.security.web.FilterChainProxy        : Securing GET /api/generations/d8ed8796-8623-4e5c-9bb3-ffdbdaf09867/lock
2026-08-31T16:15:36.586+06:30 DEBUG 8652 --- [nio-8090-exec-1] o.s.security.web.FilterChainProxy        : Secured GET /api/generations/d8ed8796-8623-4e5c-9bb3-ffdbdaf09867/lock
2026-08-31T16:15:44.299+06:30 DEBUG 8652 --- [nio-8090-exec-7] o.s.security.web.FilterChainProxy        : Securing GET /api/users
2026-08-31T16:15:44.311+06:30 DEBUG 8652 --- [nio-8090-exec-7] o.s.security.web.FilterChainProxy        : Secured GET /api/users
2026-08-31T16:15:44.313+06:30 DEBUG 8652 --- [nio-8090-exec-8] o.s.security.web.FilterChainProxy        : Securing GET /api/students
2026-08-31T16:15:44.327+06:30 DEBUG 8652 --- [nio-8090-exec-6] o.s.security.web.FilterChainProxy        : Securing GET /api/staff
2026-08-31T16:15:44.327+06:30 DEBUG 8652 --- [nio-8090-exec-8] o.s.security.web.FilterChainProxy        : Secured GET /api/students
2026-08-31T16:15:44.327+06:30 DEBUG 8652 --- [nio-8090-exec-6] o.s.security.web.FilterChainProxy        : Secured GET /api/staff
2026-08-31T16:15:50.113+06:30 DEBUG 8652 --- [nio-8090-exec-5] o.s.security.web.FilterChainProxy        : Securing GET /api/generations/d8ed8796-8623-4e5c-9bb3-ffdbdaf09867/lock
2026-08-31T16:15:50.129+06:30 DEBUG 8652 --- [nio-8090-exec-5] o.s.security.web.FilterChainProxy        : Secured GET /api/generations/d8ed8796-8623-4e5c-9bb3-ffdbdaf09867/lock
2026-08-31T16:15:50.144+06:30 DEBUG 8652 --- [nio-8090-exec-2] o.s.security.web.FilterChainProxy        : Securing POST /api/generations/d8ed8796-8623-4e5c-9bb3-ffdbdaf09867/lock/heartbeat
2026-08-31T16:15:50.144+06:30 DEBUG 8652 --- [nio-8090-exec-2] o.s.security.web.FilterChainProxy        : Secured POST /api/generations/d8ed8796-8623-4e5c-9bb3-ffdbdaf09867/lock/heartbeat
2026-08-31T16:15:50.188+06:30  WARN 8652 --- [nio-8090-exec-6] com.zaxxer.hikari.pool.PoolBase          : HikariPool-1 - Failed to validate connection org.postgresql.jdbc.PgConnection@6feaddf1 (This connection has been closed.). Possibly consider using a shorter maxLifetime value.
2026-08-31T16:15:50.192+06:30  WARN 8652 --- [nio-8090-exec-8] com.zaxxer.hikari.pool.PoolBase          : HikariPool-1 - Failed to validate connection org.postgresql.jdbc.PgConnection@a04cc1b (This connection has been closed.). Possibly consider using a shorter maxLifetime value.
2026-08-31T16:15:50.208+06:30  WARN 8652 --- [nio-8090-exec-7] com.zaxxer.hikari.pool.PoolBase          : HikariPool-1 - Failed to validate connection org.postgresql.jdbc.PgConnection@4f8ae57e (This connection has been closed.). Possibly consider using a shorter maxLifetime value.
2026-08-31T16:15:50.528+06:30 DEBUG 8652 --- [nio-8090-exec-9] o.s.security.web.FilterChainProxy        : Securing GET /api/generations/d8ed8796-8623-4e5c-9bb3-ffdbdaf09867/lock
2026-08-31T16:15:50.528+06:30 DEBUG 8652 --- [nio-8090-exec-9] o.s.security.web.FilterChainProxy        : Secured GET /api/generations/d8ed8796-8623-4e5c-9bb3-ffdbdaf09867/lock
2026-08-31T16:15:52.725+06:30 DEBUG 8652 --- [io-8090-exec-10] o.s.security.web.FilterChainProxy        : Securing POST /api/generations/d8ed8796-8623-4e5c-9bb3-ffdbdaf09867/lock/heartbeat
2026-08-31T16:15:52.725+06:30 DEBUG 8652 --- [io-8090-exec-10] o.s.security.web.FilterChainProxy        : Secured POST /api/generations/d8ed8796-8623-4e5c-9bb3-ffdbdaf09867/lock/heartbeat
2026-08-31T16:15:52.882+06:30 DEBUG 8652 --- [nio-8090-exec-4] o.s.security.web.FilterChainProxy        : Securing GET /api/generations/d8ed8796-8623-4e5c-9bb3-ffdbdaf09867/lock
2026-08-31T16:15:52.890+06:30 DEBUG 8652 --- [nio-8090-exec-4] o.s.security.web.FilterChainProxy        : Secured GET /api/generations/d8ed8796-8623-4e5c-9bb3-ffdbdaf09867/lock
2026-08-31T16:15:53.037+06:30 DEBUG 8652 --- [nio-8090-exec-1] o.s.security.web.FilterChainProxy        : Securing POST /api/generations/d8ed8796-8623-4e5c-9bb3-ffdbdaf09867/lock/heartbeat
2026-08-31T16:15:53.038+06:30 DEBUG 8652 --- [nio-8090-exec-1] o.s.security.web.FilterChainProxy        : Secured POST /api/generations/d8ed8796-8623-4e5c-9bb3-ffdbdaf09867/lock/heartbeat
2026-08-31T16:15:53.201+06:30 DEBUG 8652 --- [nio-8090-exec-5] o.s.security.web.FilterChainProxy        : Securing GET /api/generations/d8ed8796-8623-4e5c-9bb3-ffdbdaf09867/lock
2026-08-31T16:15:53.202+06:30 DEBUG 8652 --- [nio-8090-exec-5] o.s.security.web.FilterChainProxy        : Secured GET /api/generations/d8ed8796-8623-4e5c-9bb3-ffdbdaf09867/lock
2026-08-31T16:15:53.342+06:30 DEBUG 8652 --- [nio-8090-exec-6] o.s.security.web.FilterChainProxy        : Securing POST /api/generations/d8ed8796-8623-4e5c-9bb3-ffdbdaf09867/lock/heartbeat
2026-08-31T16:15:53.342+06:30 DEBUG 8652 --- [nio-8090-exec-6] o.s.security.web.FilterChainProxy        : Secured POST /api/generations/d8ed8796-8623-4e5c-9bb3-ffdbdaf09867/lock/heartbeat
2026-08-31T16:15:53.368+06:30 DEBUG 8652 --- [nio-8090-exec-9] o.s.security.web.FilterChainProxy        : Securing POST /api/generations/d8ed8796-8623-4e5c-9bb3-ffdbdaf09867/lock/heartbeat
2026-08-31T16:15:53.368+06:30 DEBUG 8652 --- [nio-8090-exec-9] o.s.security.web.FilterChainProxy        : Secured POST /api/generations/d8ed8796-8623-4e5c-9bb3-ffdbdaf09867/lock/heartbeat
2026-08-31T16:15:54.727+06:30 DEBUG 8652 --- [nio-8090-exec-8] o.s.security.web.FilterChainProxy        : Securing GET /api/timetable-lobbies
2026-08-31T16:15:54.727+06:30 DEBUG 8652 --- [nio-8090-exec-8] o.s.security.web.FilterChainProxy        : Secured GET /api/timetable-lobbies
2026-08-31T16:15:56.574+06:30 DEBUG 8652 --- [nio-8090-exec-4] o.s.security.web.FilterChainProxy        : Securing GET /api/generations/d8ed8796-8623-4e5c-9bb3-ffdbdaf09867/lock
2026-08-31T16:15:56.574+06:30 DEBUG 8652 --- [nio-8090-exec-4] o.s.security.web.FilterChainProxy        : Secured GET /api/generations/d8ed8796-8623-4e5c-9bb3-ffdbdaf09867/lock
2026-08-31T16:15:56.863+06:30 DEBUG 8652 --- [nio-8090-exec-2] o.s.security.web.FilterChainProxy        : Securing POST /api/generations/d8ed8796-8623-4e5c-9bb3-ffdbdaf09867/lock/heartbeat
2026-08-31T16:15:56.863+06:30 DEBUG 8652 --- [nio-8090-exec-2] o.s.security.web.FilterChainProxy        : Secured POST /api/generations/d8ed8796-8623-4e5c-9bb3-ffdbdaf09867/lock/heartbeat
2026-08-31T16:15:58.186+06:30 DEBUG 8652 --- [nio-8090-exec-5] o.s.security.web.FilterChainProxy        : Securing GET /api/timetable-lobbies
2026-08-31T16:15:58.188+06:30 DEBUG 8652 --- [nio-8090-exec-5] o.s.security.web.FilterChainProxy        : Secured GET /api/timetable-lobbies
2026-08-31T16:16:00.579+06:30 DEBUG 8652 --- [nio-8090-exec-7] o.s.security.web.FilterChainProxy        : Securing GET /api/generations/d8ed8796-8623-4e5c-9bb3-ffdbdaf09867/lock
2026-08-31T16:16:00.581+06:30 DEBUG 8652 --- [nio-8090-exec-7] o.s.security.web.FilterChainProxy        : Secured GET /api/generations/d8ed8796-8623-4e5c-9bb3-ffdbdaf09867/lock
2026-08-31T16:16:01.473+06:30 DEBUG 8652 --- [nio-8090-exec-1] o.s.security.web.FilterChainProxy        : Securing POST /api/generations/d8ed8796-8623-4e5c-9bb3-ffdbdaf09867/lock/heartbeat
2026-08-31T16:16:01.475+06:30 DEBUG 8652 --- [nio-8090-exec-1] o.s.security.web.FilterChainProxy        : Secured POST /api/generations/d8ed8796-8623-4e5c-9bb3-ffdbdaf09867/lock/heartbeat
2026-08-31T16:16:04.567+06:30 DEBUG 8652 --- [nio-8090-exec-3] o.s.security.web.FilterChainProxy        : Securing GET /api/generations/d8ed8796-8623-4e5c-9bb3-ffdbdaf09867/lock
2026-08-31T16:16:04.567+06:30 DEBUG 8652 --- [nio-8090-exec-3] o.s.security.web.FilterChainProxy        : Secured GET /api/generations/d8ed8796-8623-4e5c-9bb3-ffdbdaf09867/lock
2026-08-31T16:16:14.820+06:30 DEBUG 8652 --- [io-8090-exec-10] o.s.security.web.FilterChainProxy        : Securing GET /api/generations/d8ed8796-8623-4e5c-9bb3-ffdbdaf09867/lock
2026-08-31T16:16:14.824+06:30 DEBUG 8652 --- [io-8090-exec-10] o.s.security.web.FilterChainProxy        : Secured GET /api/generations/d8ed8796-8623-4e5c-9bb3-ffdbdaf09867/lock
2026-08-31T16:16:16.535+06:30 DEBUG 8652 --- [nio-8090-exec-9] o.s.security.web.FilterChainProxy        : Securing POST /api/generations/d8ed8796-8623-4e5c-9bb3-ffdbdaf09867/lock/heartbeat
2026-08-31T16:16:16.535+06:30 DEBUG 8652 --- [nio-8090-exec-9] o.s.security.web.FilterChainProxy        : Secured POST /api/generations/d8ed8796-8623-4e5c-9bb3-ffdbdaf09867/lock/heartbeat
2026-08-31T16:16:17.561+06:30 DEBUG 8652 --- [nio-8090-exec-4] o.s.security.web.FilterChainProxy        : Securing GET /api/generations/d8ed8796-8623-4e5c-9bb3-ffdbdaf09867/lock
2026-08-31T16:16:17.563+06:30 DEBUG 8652 --- [nio-8090-exec-4] o.s.security.web.FilterChainProxy        : Secured GET /api/generations/d8ed8796-8623-4e5c-9bb3-ffdbdaf09867/lock
2026-08-31T16:18:57.279+06:30  WARN 8652 --- [nio-8090-exec-4] com.zaxxer.hikari.pool.ProxyConnection   : HikariPool-1 - Connection org.postgresql.jdbc.PgConnection@43b99499 marked as broken because of SQLSTATE(08006), ErrorCode(0)

org.postgresql.util.PSQLException: An I/O error occurred while sending to the backend.
	at org.postgresql.core.v3.QueryExecutorImpl.execute(QueryExecutorImpl.java:395) ~[postgresql-42.6.2.jar!/:42.6.2]
	at org.postgresql.jdbc.PgStatement.executeInternal(PgStatement.java:498) ~[postgresql-42.6.2.jar!/:42.6.2]
	at org.postgresql.jdbc.PgStatement.execute(PgStatement.java:415) ~[postgresql-42.6.2.jar!/:42.6.2]
	at org.postgresql.jdbc.PgPreparedStatement.executeWithFlags(PgPreparedStatement.java:190) ~[postgresql-42.6.2.jar!/:42.6.2]
	at org.postgresql.jdbc.PgPreparedStatement.executeQuery(PgPreparedStatement.java:134) ~[postgresql-42.6.2.jar!/:42.6.2]
	at com.zaxxer.hikari.pool.ProxyPreparedStatement.executeQuery(ProxyPreparedStatement.java:52) ~[HikariCP-5.0.1.jar!/:na]
	at com.zaxxer.hikari.pool.HikariProxyPreparedStatement.executeQuery(HikariProxyPreparedStatement.java) ~[HikariCP-5.0.1.jar!/:na]
	at org.hibernate.sql.results.jdbc.internal.DeferredResultSetAccess.executeQuery(DeferredResultSetAccess.java:246) ~[hibernate-core-6.4.4.Final.jar!/:6.4.4.Final]
	at org.hibernate.sql.results.jdbc.internal.DeferredResultSetAccess.getResultSet(DeferredResultSetAccess.java:167) ~[hibernate-core-6.4.4.Final.jar!/:6.4.4.Final]
	at org.hibernate.sql.results.jdbc.internal.JdbcValuesResultSetImpl.advanceNext(JdbcValuesResultSetImpl.java:218) ~[hibernate-core-6.4.4.Final.jar!/:6.4.4.Final]
	at org.hibernate.sql.results.jdbc.internal.JdbcValuesResultSetImpl.processNext(JdbcValuesResultSetImpl.java:98) ~[hibernate-core-6.4.4.Final.jar!/:6.4.4.Final]
	at org.hibernate.sql.results.jdbc.internal.AbstractJdbcValues.next(AbstractJdbcValues.java:19) ~[hibernate-core-6.4.4.Final.jar!/:6.4.4.Final]
	at org.hibernate.sql.results.internal.RowProcessingStateStandardImpl.next(RowProcessingStateStandardImpl.java:66) ~[hibernate-core-6.4.4.Final.jar!/:6.4.4.Final]
	at org.hibernate.sql.results.spi.ListResultsConsumer.consume(ListResultsConsumer.java:187) ~[hibernate-core-6.4.4.Final.jar!/:6.4.4.Final]
	at org.hibernate.sql.results.spi.ListResultsConsumer.consume(ListResultsConsumer.java:33) ~[hibernate-core-6.4.4.Final.jar!/:6.4.4.Final]
	at org.hibernate.sql.exec.internal.JdbcSelectExecutorStandardImpl.doExecuteQuery(JdbcSelectExecutorStandardImpl.java:209) ~[hibernate-core-6.4.4.Final.jar!/:6.4.4.Final]
	at org.hibernate.sql.exec.internal.JdbcSelectExecutorStandardImpl.executeQuery(JdbcSelectExecutorStandardImpl.java:83) ~[hibernate-core-6.4.4.Final.jar!/:6.4.4.Final]
	at org.hibernate.sql.exec.spi.JdbcSelectExecutor.list(JdbcSelectExecutor.java:76) ~[hibernate-core-6.4.4.Final.jar!/:6.4.4.Final]
	at org.hibernate.sql.exec.spi.JdbcSelectExecutor.list(JdbcSelectExecutor.java:65) ~[hibernate-core-6.4.4.Final.jar!/:6.4.4.Final]
	at org.hibernate.loader.ast.internal.SingleIdLoadPlan.load(SingleIdLoadPlan.java:145) ~[hibernate-core-6.4.4.Final.jar!/:6.4.4.Final]
	at org.hibernate.loader.ast.internal.SingleIdLoadPlan.load(SingleIdLoadPlan.java:117) ~[hibernate-core-6.4.4.Final.jar!/:6.4.4.Final]
	at org.hibernate.loader.ast.internal.SingleIdEntityLoaderStandardImpl.load(SingleIdEntityLoaderStandardImpl.java:75) ~[hibernate-core-6.4.4.Final.jar!/:6.4.4.Final]
	at org.hibernate.persister.entity.AbstractEntityPersister.doLoad(AbstractEntityPersister.java:3748) ~[hibernate-core-6.4.4.Final.jar!/:6.4.4.Final]
	at org.hibernate.persister.entity.AbstractEntityPersister.load(AbstractEntityPersister.java:3737) ~[hibernate-core-6.4.4.Final.jar!/:6.4.4.Final]
	at org.hibernate.event.internal.DefaultLoadEventListener.loadFromDatasource(DefaultLoadEventListener.java:604) ~[hibernate-core-6.4.4.Final.jar!/:6.4.4.Final]
	at org.hibernate.event.internal.DefaultLoadEventListener.loadFromCacheOrDatasource(DefaultLoadEventListener.java:590) ~[hibernate-core-6.4.4.Final.jar!/:6.4.4.Final]
	at org.hibernate.event.internal.DefaultLoadEventListener.load(DefaultLoadEventListener.java:560) ~[hibernate-core-6.4.4.Final.jar!/:6.4.4.Final]
	at org.hibernate.event.internal.DefaultLoadEventListener.doLoad(DefaultLoadEventListener.java:544) ~[hibernate-core-6.4.4.Final.jar!/:6.4.4.Final]
	at org.hibernate.event.internal.DefaultLoadEventListener.load(DefaultLoadEventListener.java:207) ~[hibernate-core-6.4.4.Final.jar!/:6.4.4.Final]
	at org.hibernate.event.internal.DefaultLoadEventListener.loadWithRegularProxy(DefaultLoadEventListener.java:290) ~[hibernate-core-6.4.4.Final.jar!/:6.4.4.Final]
	at org.hibernate.event.internal.DefaultLoadEventListener.proxyOrLoad(DefaultLoadEventListener.java:242) ~[hibernate-core-6.4.4.Final.jar!/:6.4.4.Final]
	at org.hibernate.event.internal.DefaultLoadEventListener.doOnLoad(DefaultLoadEventListener.java:111) ~[hibernate-core-6.4.4.Final.jar!/:6.4.4.Final]
	at org.hibernate.event.internal.DefaultLoadEventListener.onLoad(DefaultLoadEventListener.java:68) ~[hibernate-core-6.4.4.Final.jar!/:6.4.4.Final]
	at org.hibernate.event.service.internal.EventListenerGroupImpl.fireEventOnEachListener(EventListenerGroupImpl.java:138) ~[hibernate-core-6.4.4.Final.jar!/:6.4.4.Final]
	at org.hibernate.internal.SessionImpl.fireLoadNoChecks(SessionImpl.java:1222) ~[hibernate-core-6.4.4.Final.jar!/:6.4.4.Final]
	at org.hibernate.internal.SessionImpl.fireLoad(SessionImpl.java:1210) ~[hibernate-core-6.4.4.Final.jar!/:6.4.4.Final]
	at org.hibernate.loader.internal.IdentifierLoadAccessImpl.load(IdentifierLoadAccessImpl.java:209) ~[hibernate-core-6.4.4.Final.jar!/:6.4.4.Final]
	at org.hibernate.loader.internal.IdentifierLoadAccessImpl.doLoad(IdentifierLoadAccessImpl.java:160) ~[hibernate-core-6.4.4.Final.jar!/:6.4.4.Final]
	at org.hibernate.loader.internal.IdentifierLoadAccessImpl.lambda$load$1(IdentifierLoadAccessImpl.java:149) ~[hibernate-core-6.4.4.Final.jar!/:6.4.4.Final]
	at org.hibernate.loader.internal.IdentifierLoadAccessImpl.perform(IdentifierLoadAccessImpl.java:112) ~[hibernate-core-6.4.4.Final.jar!/:6.4.4.Final]
	at org.hibernate.loader.internal.IdentifierLoadAccessImpl.load(IdentifierLoadAccessImpl.java:149) ~[hibernate-core-6.4.4.Final.jar!/:6.4.4.Final]
	at org.hibernate.internal.SessionImpl.find(SessionImpl.java:2424) ~[hibernate-core-6.4.4.Final.jar!/:6.4.4.Final]
	at org.hibernate.internal.SessionImpl.find(SessionImpl.java:2395) ~[hibernate-core-6.4.4.Final.jar!/:6.4.4.Final]
	at java.base/jdk.internal.reflect.DirectMethodHandleAccessor.invoke(DirectMethodHandleAccessor.java:103) ~[na:na]
	at java.base/java.lang.reflect.Method.invoke(Method.java:580) ~[na:na]
	at org.springframework.orm.jpa.SharedEntityManagerCreator$SharedEntityManagerInvocationHandler.invoke(SharedEntityManagerCreator.java:319) ~[spring-orm-6.1.6.jar!/:6.1.6]
	at jdk.proxy2/jdk.proxy2.$Proxy131.find(Unknown Source) ~[na:na]
	at org.springframework.data.jpa.repository.support.SimpleJpaRepository.findById(SimpleJpaRepository.java:313) ~[spring-data-jpa-3.2.5.jar!/:3.2.5]
	at java.base/jdk.internal.reflect.DirectMethodHandleAccessor.invoke(DirectMethodHandleAccessor.java:103) ~[na:na]
	at java.base/java.lang.reflect.Method.invoke(Method.java:580) ~[na:na]
	at org.springframework.aop.support.AopUtils.invokeJoinpointUsingReflection(AopUtils.java:354) ~[spring-aop-6.1.6.jar!/:6.1.6]
	at org.springframework.data.repository.core.support.RepositoryMethodInvoker$RepositoryFragmentMethodInvoker.lambda$new$0(RepositoryMethodInvoker.java:277) ~[spring-data-commons-3.2.5.jar!/:3.2.5]
	at org.springframework.data.repository.core.support.RepositoryMethodInvoker.doInvoke(RepositoryMethodInvoker.java:170) ~[spring-data-commons-3.2.5.jar!/:3.2.5]
	at org.springframework.data.repository.core.support.RepositoryMethodInvoker.invoke(RepositoryMethodInvoker.java:158) ~[spring-data-commons-3.2.5.jar!/:3.2.5]
	at org.springframework.data.repository.core.support.RepositoryComposition$RepositoryFragments.invoke(RepositoryComposition.java:516) ~[spring-data-commons-3.2.5.jar!/:3.2.5]
	at org.springframework.data.repository.core.support.RepositoryComposition.invoke(RepositoryComposition.java:285) ~[spring-data-commons-3.2.5.jar!/:3.2.5]
	at org.springframework.data.repository.core.support.RepositoryFactorySupport$ImplementationMethodExecutionInterceptor.invoke(RepositoryFactorySupport.java:628) ~[spring-data-commons-3.2.5.jar!/:3.2.5]
	at org.springframework.aop.framework.ReflectiveMethodInvocation.proceed(ReflectiveMethodInvocation.java:184) ~[spring-aop-6.1.6.jar!/:6.1.6]
	at org.springframework.data.repository.core.support.QueryExecutorMethodInterceptor.doInvoke(QueryExecutorMethodInterceptor.java:168) ~[spring-data-commons-3.2.5.jar!/:3.2.5]
	at org.springframework.data.repository.core.support.QueryExecutorMethodInterceptor.invoke(QueryExecutorMethodInterceptor.java:143) ~[spring-data-commons-3.2.5.jar!/:3.2.5]
	at org.springframework.aop.framework.ReflectiveMethodInvocation.proceed(ReflectiveMethodInvocation.java:184) ~[spring-aop-6.1.6.jar!/:6.1.6]
	at org.springframework.data.projection.DefaultMethodInvokingMethodInterceptor.invoke(DefaultMethodInvokingMethodInterceptor.java:70) ~[spring-data-commons-3.2.5.jar!/:3.2.5]
	at org.springframework.aop.framework.ReflectiveMethodInvocation.proceed(ReflectiveMethodInvocation.java:184) ~[spring-aop-6.1.6.jar!/:6.1.6]
	at org.springframework.transaction.interceptor.TransactionInterceptor$1.proceedWithInvocation(TransactionInterceptor.java:123) ~[spring-tx-6.1.6.jar!/:6.1.6]
	at org.springframework.transaction.interceptor.TransactionAspectSupport.invokeWithinTransaction(TransactionAspectSupport.java:392) ~[spring-tx-6.1.6.jar!/:6.1.6]
	at org.springframework.transaction.interceptor.TransactionInterceptor.invoke(TransactionInterceptor.java:119) ~[spring-tx-6.1.6.jar!/:6.1.6]
	at org.springframework.aop.framework.ReflectiveMethodInvocation.proceed(ReflectiveMethodInvocation.java:184) ~[spring-aop-6.1.6.jar!/:6.1.6]
	at org.springframework.dao.support.PersistenceExceptionTranslationInterceptor.invoke(PersistenceExceptionTranslationInterceptor.java:137) ~[spring-tx-6.1.6.jar!/:6.1.6]
	at org.springframework.aop.framework.ReflectiveMethodInvocation.proceed(ReflectiveMethodInvocation.java:184) ~[spring-aop-6.1.6.jar!/:6.1.6]
	at org.springframework.data.jpa.repository.support.CrudMethodMetadataPostProcessor$CrudMethodMetadataPopulatingMethodInterceptor.invoke(CrudMethodMetadataPostProcessor.java:164) ~[spring-data-jpa-3.2.5.jar!/:3.2.5]
	at org.springframework.aop.framework.ReflectiveMethodInvocation.proceed(ReflectiveMethodInvocation.java:184) ~[spring-aop-6.1.6.jar!/:6.1.6]
	at org.springframework.aop.interceptor.ExposeInvocationInterceptor.invoke(ExposeInvocationInterceptor.java:97) ~[spring-aop-6.1.6.jar!/:6.1.6]
	at org.springframework.aop.framework.ReflectiveMethodInvocation.proceed(ReflectiveMethodInvocation.java:184) ~[spring-aop-6.1.6.jar!/:6.1.6]
	at org.springframework.aop.framework.JdkDynamicAopProxy.invoke(JdkDynamicAopProxy.java:223) ~[spring-aop-6.1.6.jar!/:6.1.6]
	at jdk.proxy2/jdk.proxy2.$Proxy158.findById(Unknown Source) ~[na:na]
	at com.unicconnect.service.TimetableEditLockService.status(TimetableEditLockService.java:107) ~[!/:0.0.1-SNAPSHOT]
	at com.unicconnect.controller.TimetableGenerationController.lockStatus(TimetableGenerationController.java:134) ~[!/:0.0.1-SNAPSHOT]
	at java.base/jdk.internal.reflect.DirectMethodHandleAccessor.invoke(DirectMethodHandleAccessor.java:103) ~[na:na]
	at java.base/java.lang.reflect.Method.invoke(Method.java:580) ~[na:na]
	at org.springframework.web.method.support.InvocableHandlerMethod.doInvoke(InvocableHandlerMethod.java:255) ~[spring-web-6.1.6.jar!/:6.1.6]
	at org.springframework.web.method.support.InvocableHandlerMethod.invokeForRequest(InvocableHandlerMethod.java:188) ~[spring-web-6.1.6.jar!/:6.1.6]
	at org.springframework.web.servlet.mvc.method.annotation.ServletInvocableHandlerMethod.invokeAndHandle(ServletInvocableHandlerMethod.java:118) ~[spring-webmvc-6.1.6.jar!/:6.1.6]
	at org.springframework.web.servlet.mvc.method.annotation.RequestMappingHandlerAdapter.invokeHandlerMethod(RequestMappingHandlerAdapter.java:926) ~[spring-webmvc-6.1.6.jar!/:6.1.6]
	at org.springframework.web.servlet.mvc.method.annotation.RequestMappingHandlerAdapter.handleInternal(RequestMappingHandlerAdapter.java:831) ~[spring-webmvc-6.1.6.jar!/:6.1.6]
	at org.springframework.web.servlet.mvc.method.AbstractHandlerMethodAdapter.handle(AbstractHandlerMethodAdapter.java:87) ~[spring-webmvc-6.1.6.jar!/:6.1.6]
	at org.springframework.web.servlet.DispatcherServlet.doDispatch(DispatcherServlet.java:1089) ~[spring-webmvc-6.1.6.jar!/:6.1.6]
	at org.springframework.web.servlet.DispatcherServlet.doService(DispatcherServlet.java:979) ~[spring-webmvc-6.1.6.jar!/:6.1.6]
	at org.springframework.web.servlet.FrameworkServlet.processRequest(FrameworkServlet.java:1014) ~[spring-webmvc-6.1.6.jar!/:6.1.6]
	at org.springframework.web.servlet.FrameworkServlet.doGet(FrameworkServlet.java:903) ~[spring-webmvc-6.1.6.jar!/:6.1.6]
	at jakarta.servlet.http.HttpServlet.service(HttpServlet.java:564) ~[tomcat-embed-core-10.1.20.jar!/:na]
	at org.springframework.web.servlet.FrameworkServlet.service(FrameworkServlet.java:885) ~[spring-webmvc-6.1.6.jar!/:6.1.6]
	at jakarta.servlet.http.HttpServlet.service(HttpServlet.java:658) ~[tomcat-embed-core-10.1.20.jar!/:na]
	at org.apache.catalina.core.ApplicationFilterChain.internalDoFilter(ApplicationFilterChain.java:206) ~[tomcat-embed-core-10.1.20.jar!/:na]
	at org.apache.catalina.core.ApplicationFilterChain.doFilter(ApplicationFilterChain.java:150) ~[tomcat-embed-core-10.1.20.jar!/:na]
	at org.apache.tomcat.websocket.server.WsFilter.doFilter(WsFilter.java:51) ~[tomcat-embed-websocket-10.1.20.jar!/:na]
	at org.apache.catalina.core.ApplicationFilterChain.internalDoFilter(ApplicationFilterChain.java:175) ~[tomcat-embed-core-10.1.20.jar!/:na]
	at org.apache.catalina.core.ApplicationFilterChain.doFilter(ApplicationFilterChain.java:150) ~[tomcat-embed-core-10.1.20.jar!/:na]
	at org.springframework.web.filter.OncePerRequestFilter.doFilter(OncePerRequestFilter.java:110) ~[spring-web-6.1.6.jar!/:6.1.6]
	at org.apache.catalina.core.ApplicationFilterChain.internalDoFilter(ApplicationFilterChain.java:175) ~[tomcat-embed-core-10.1.20.jar!/:na]
	at org.apache.catalina.core.ApplicationFilterChain.doFilter(ApplicationFilterChain.java:150) ~[tomcat-embed-core-10.1.20.jar!/:na]
	at org.springframework.web.filter.CompositeFilter$VirtualFilterChain.doFilter(CompositeFilter.java:108) ~[spring-web-6.1.6.jar!/:6.1.6]
	at org.springframework.security.web.FilterChainProxy.lambda$doFilterInternal$3(FilterChainProxy.java:231) ~[spring-security-web-6.2.4.jar!/:6.2.4]
	at org.springframework.security.web.FilterChainProxy$VirtualFilterChain.doFilter(FilterChainProxy.java:365) ~[spring-security-web-6.2.4.jar!/:6.2.4]
	at org.springframework.security.web.access.intercept.AuthorizationFilter.doFilter(AuthorizationFilter.java:100) ~[spring-security-web-6.2.4.jar!/:6.2.4]
	at org.springframework.security.web.FilterChainProxy$VirtualFilterChain.doFilter(FilterChainProxy.java:374) ~[spring-security-web-6.2.4.jar!/:6.2.4]
	at org.springframework.security.web.access.ExceptionTranslationFilter.doFilter(ExceptionTranslationFilter.java:126) ~[spring-security-web-6.2.4.jar!/:6.2.4]
	at org.springframework.security.web.access.ExceptionTranslationFilter.doFilter(ExceptionTranslationFilter.java:120) ~[spring-security-web-6.2.4.jar!/:6.2.4]
	at org.springframework.security.web.FilterChainProxy$VirtualFilterChain.doFilter(FilterChainProxy.java:374) ~[spring-security-web-6.2.4.jar!/:6.2.4]
	at org.springframework.security.web.session.SessionManagementFilter.doFilter(SessionManagementFilter.java:131) ~[spring-security-web-6.2.4.jar!/:6.2.4]
	at org.springframework.security.web.session.SessionManagementFilter.doFilter(SessionManagementFilter.java:85) ~[spring-security-web-6.2.4.jar!/:6.2.4]
	at org.springframework.security.web.FilterChainProxy$VirtualFilterChain.doFilter(FilterChainProxy.java:374) ~[spring-security-web-6.2.4.jar!/:6.2.4]
	at org.springframework.security.web.authentication.AnonymousAuthenticationFilter.doFilter(AnonymousAuthenticationFilter.java:100) ~[spring-security-web-6.2.4.jar!/:6.2.4]
	at org.springframework.security.web.FilterChainProxy$VirtualFilterChain.doFilter(FilterChainProxy.java:374) ~[spring-security-web-6.2.4.jar!/:6.2.4]
	at org.springframework.security.web.servletapi.SecurityContextHolderAwareRequestFilter.doFilter(SecurityContextHolderAwareRequestFilter.java:179) ~[spring-security-web-6.2.4.jar!/:6.2.4]
	at org.springframework.security.web.FilterChainProxy$VirtualFilterChain.doFilter(FilterChainProxy.java:374) ~[spring-security-web-6.2.4.jar!/:6.2.4]
	at org.springframework.security.web.savedrequest.RequestCacheAwareFilter.doFilter(RequestCacheAwareFilter.java:63) ~[spring-security-web-6.2.4.jar!/:6.2.4]
	at org.springframework.security.web.FilterChainProxy$VirtualFilterChain.doFilter(FilterChainProxy.java:374) ~[spring-security-web-6.2.4.jar!/:6.2.4]
	at com.unicconnect.security.JwtAuthenticationFilter.doFilterInternal(JwtAuthenticationFilter.java:49) ~[!/:0.0.1-SNAPSHOT]
	at org.springframework.web.filter.OncePerRequestFilter.doFilter(OncePerRequestFilter.java:116) ~[spring-web-6.1.6.jar!/:6.1.6]
	at org.springframework.security.web.FilterChainProxy$VirtualFilterChain.doFilter(FilterChainProxy.java:374) ~[spring-security-web-6.2.4.jar!/:6.2.4]
	at org.springframework.security.web.authentication.logout.LogoutFilter.doFilter(LogoutFilter.java:107) ~[spring-security-web-6.2.4.jar!/:6.2.4]
	at org.springframework.security.web.authentication.logout.LogoutFilter.doFilter(LogoutFilter.java:93) ~[spring-security-web-6.2.4.jar!/:6.2.4]
	at org.springframework.security.web.FilterChainProxy$VirtualFilterChain.doFilter(FilterChainProxy.java:374) ~[spring-security-web-6.2.4.jar!/:6.2.4]
	at org.springframework.web.filter.CorsFilter.doFilterInternal(CorsFilter.java:91) ~[spring-web-6.1.6.jar!/:6.1.6]
	at org.springframework.web.filter.OncePerRequestFilter.doFilter(OncePerRequestFilter.java:116) ~[spring-web-6.1.6.jar!/:6.1.6]
	at org.springframework.security.web.FilterChainProxy$VirtualFilterChain.doFilter(FilterChainProxy.java:374) ~[spring-security-web-6.2.4.jar!/:6.2.4]
	at org.springframework.security.web.header.HeaderWriterFilter.doHeadersAfter(HeaderWriterFilter.java:90) ~[spring-security-web-6.2.4.jar!/:6.2.4]
	at org.springframework.security.web.header.HeaderWriterFilter.doFilterInternal(HeaderWriterFilter.java:75) ~[spring-security-web-6.2.4.jar!/:6.2.4]
	at org.springframework.web.filter.OncePerRequestFilter.doFilter(OncePerRequestFilter.java:116) ~[spring-web-6.1.6.jar!/:6.1.6]
	at org.springframework.security.web.FilterChainProxy$VirtualFilterChain.doFilter(FilterChainProxy.java:374) ~[spring-security-web-6.2.4.jar!/:6.2.4]
	at org.springframework.security.web.context.SecurityContextHolderFilter.doFilter(SecurityContextHolderFilter.java:82) ~[spring-security-web-6.2.4.jar!/:6.2.4]
	at org.springframework.security.web.context.SecurityContextHolderFilter.doFilter(SecurityContextHolderFilter.java:69) ~[spring-security-web-6.2.4.jar!/:6.2.4]
	at org.springframework.security.web.FilterChainProxy$VirtualFilterChain.doFilter(FilterChainProxy.java:374) ~[spring-security-web-6.2.4.jar!/:6.2.4]
	at org.springframework.security.web.context.request.async.WebAsyncManagerIntegrationFilter.doFilterInternal(WebAsyncManagerIntegrationFilter.java:62) ~[spring-security-web-6.2.4.jar!/:6.2.4]
	at org.springframework.web.filter.OncePerRequestFilter.doFilter(OncePerRequestFilter.java:116) ~[spring-web-6.1.6.jar!/:6.1.6]
	at org.springframework.security.web.FilterChainProxy$VirtualFilterChain.doFilter(FilterChainProxy.java:374) ~[spring-security-web-6.2.4.jar!/:6.2.4]
	at org.springframework.security.web.session.DisableEncodeUrlFilter.doFilterInternal(DisableEncodeUrlFilter.java:42) ~[spring-security-web-6.2.4.jar!/:6.2.4]
	at org.springframework.web.filter.OncePerRequestFilter.doFilter(OncePerRequestFilter.java:116) ~[spring-web-6.1.6.jar!/:6.1.6]
	at org.springframework.security.web.FilterChainProxy$VirtualFilterChain.doFilter(FilterChainProxy.java:374) ~[spring-security-web-6.2.4.jar!/:6.2.4]
	at org.springframework.security.web.FilterChainProxy.doFilterInternal(FilterChainProxy.java:233) ~[spring-security-web-6.2.4.jar!/:6.2.4]
	at org.springframework.security.web.FilterChainProxy.doFilter(FilterChainProxy.java:191) ~[spring-security-web-6.2.4.jar!/:6.2.4]
	at org.springframework.web.filter.CompositeFilter$VirtualFilterChain.doFilter(CompositeFilter.java:113) ~[spring-web-6.1.6.jar!/:6.1.6]
	at org.springframework.web.servlet.handler.HandlerMappingIntrospector.lambda$createCacheFilter$3(HandlerMappingIntrospector.java:195) ~[spring-webmvc-6.1.6.jar!/:6.1.6]
	at org.springframework.web.filter.CompositeFilter$VirtualFilterChain.doFilter(CompositeFilter.java:113) ~[spring-web-6.1.6.jar!/:6.1.6]
	at org.springframework.web.filter.CompositeFilter.doFilter(CompositeFilter.java:74) ~[spring-web-6.1.6.jar!/:6.1.6]
	at org.springframework.security.config.annotation.web.configuration.WebMvcSecurityConfiguration$CompositeFilterChainProxy.doFilter(WebMvcSecurityConfiguration.java:230) ~[spring-security-config-6.2.4.jar!/:6.2.4]
	at org.springframework.web.filter.DelegatingFilterProxy.invokeDelegate(DelegatingFilterProxy.java:352) ~[spring-web-6.1.6.jar!/:6.1.6]
	at org.springframework.web.filter.DelegatingFilterProxy.doFilter(DelegatingFilterProxy.java:268) ~[spring-web-6.1.6.jar!/:6.1.6]
	at org.apache.catalina.core.ApplicationFilterChain.internalDoFilter(ApplicationFilterChain.java:175) ~[tomcat-embed-core-10.1.20.jar!/:na]
	at org.apache.catalina.core.ApplicationFilterChain.doFilter(ApplicationFilterChain.java:150) ~[tomcat-embed-core-10.1.20.jar!/:na]
	at org.springframework.web.filter.RequestContextFilter.doFilterInternal(RequestContextFilter.java:100) ~[spring-web-6.1.6.jar!/:6.1.6]
	at org.springframework.web.filter.OncePerRequestFilter.doFilter(OncePerRequestFilter.java:116) ~[spring-web-6.1.6.jar!/:6.1.6]
	at org.apache.catalina.core.ApplicationFilterChain.internalDoFilter(ApplicationFilterChain.java:175) ~[tomcat-embed-core-10.1.20.jar!/:na]
	at org.apache.catalina.core.ApplicationFilterChain.doFilter(ApplicationFilterChain.java:150) ~[tomcat-embed-core-10.1.20.jar!/:na]
	at org.springframework.web.filter.FormContentFilter.doFilterInternal(FormContentFilter.java:93) ~[spring-web-6.1.6.jar!/:6.1.6]
	at org.springframework.web.filter.OncePerRequestFilter.doFilter(OncePerRequestFilter.java:116) ~[spring-web-6.1.6.jar!/:6.1.6]
	at org.apache.catalina.core.ApplicationFilterChain.internalDoFilter(ApplicationFilterChain.java:175) ~[tomcat-embed-core-10.1.20.jar!/:na]
	at org.apache.catalina.core.ApplicationFilterChain.doFilter(ApplicationFilterChain.java:150) ~[tomcat-embed-core-10.1.20.jar!/:na]
	at org.springframework.web.filter.CharacterEncodingFilter.doFilterInternal(CharacterEncodingFilter.java:201) ~[spring-web-6.1.6.jar!/:6.1.6]
	at org.springframework.web.filter.OncePerRequestFilter.doFilter(OncePerRequestFilter.java:116) ~[spring-web-6.1.6.jar!/:6.1.6]
	at org.apache.catalina.core.ApplicationFilterChain.internalDoFilter(ApplicationFilterChain.java:175) ~[tomcat-embed-core-10.1.20.jar!/:na]
	at org.apache.catalina.core.ApplicationFilterChain.doFilter(ApplicationFilterChain.java:150) ~[tomcat-embed-core-10.1.20.jar!/:na]
	at org.apache.catalina.core.StandardWrapperValve.invoke(StandardWrapperValve.java:167) ~[tomcat-embed-core-10.1.20.jar!/:na]
	at org.apache.catalina.core.StandardContextValve.invoke(StandardContextValve.java:90) ~[tomcat-embed-core-10.1.20.jar!/:na]
	at org.apache.catalina.authenticator.AuthenticatorBase.invoke(AuthenticatorBase.java:482) ~[tomcat-embed-core-10.1.20.jar!/:na]
	at org.apache.catalina.core.StandardHostValve.invoke(StandardHostValve.java:115) ~[tomcat-embed-core-10.1.20.jar!/:na]
	at org.apache.catalina.valves.ErrorReportValve.invoke(ErrorReportValve.java:93) ~[tomcat-embed-core-10.1.20.jar!/:na]
	at org.apache.catalina.core.StandardEngineValve.invoke(StandardEngineValve.java:74) ~[tomcat-embed-core-10.1.20.jar!/:na]
	at org.apache.catalina.connector.CoyoteAdapter.service(CoyoteAdapter.java:344) ~[tomcat-embed-core-10.1.20.jar!/:na]
	at org.apache.coyote.http11.Http11Processor.service(Http11Processor.java:391) ~[tomcat-embed-core-10.1.20.jar!/:na]
	at org.apache.coyote.AbstractProcessorLight.process(AbstractProcessorLight.java:63) ~[tomcat-embed-core-10.1.20.jar!/:na]
	at org.apache.coyote.AbstractProtocol$ConnectionHandler.process(AbstractProtocol.java:896) ~[tomcat-embed-core-10.1.20.jar!/:na]
	at org.apache.tomcat.util.net.NioEndpoint$SocketProcessor.doRun(NioEndpoint.java:1736) ~[tomcat-embed-core-10.1.20.jar!/:na]
	at org.apache.tomcat.util.net.SocketProcessorBase.run(SocketProcessorBase.java:52) ~[tomcat-embed-core-10.1.20.jar!/:na]
	at org.apache.tomcat.util.threads.ThreadPoolExecutor.runWorker(ThreadPoolExecutor.java:1191) ~[tomcat-embed-core-10.1.20.jar!/:na]
	at org.apache.tomcat.util.threads.ThreadPoolExecutor$Worker.run(ThreadPoolExecutor.java:659) ~[tomcat-embed-core-10.1.20.jar!/:na]
	at org.apache.tomcat.util.threads.TaskThread$WrappingRunnable.run(TaskThread.java:63) ~[tomcat-embed-core-10.1.20.jar!/:na]
	at java.base/java.lang.Thread.run(Thread.java:1583) ~[na:na]
Caused by: java.net.SocketException: Connection reset
	at java.base/sun.nio.ch.NioSocketImpl.implRead(NioSocketImpl.java:318) ~[na:na]
	at java.base/sun.nio.ch.NioSocketImpl.read(NioSocketImpl.java:346) ~[na:na]
	at java.base/sun.nio.ch.NioSocketImpl$1.read(NioSocketImpl.java:796) ~[na:na]
	at java.base/java.net.Socket$SocketInputStream.read(Socket.java:1099) ~[na:na]
	at java.base/sun.security.ssl.SSLSocketInputRecord.read(SSLSocketInputRecord.java:489) ~[na:na]
	at java.base/sun.security.ssl.SSLSocketInputRecord.readHeader(SSLSocketInputRecord.java:483) ~[na:na]
	at java.base/sun.security.ssl.SSLSocketInputRecord.bytesInCompletePacket(SSLSocketInputRecord.java:70) ~[na:na]
	at java.base/sun.security.ssl.SSLSocketImpl.readApplicationRecord(SSLSocketImpl.java:1460) ~[na:na]
	at java.base/sun.security.ssl.SSLSocketImpl$AppInputStream.read(SSLSocketImpl.java:1066) ~[na:na]
	at org.postgresql.core.VisibleBufferedInputStream.readMore(VisibleBufferedInputStream.java:161) ~[postgresql-42.6.2.jar!/:42.6.2]
	at org.postgresql.core.VisibleBufferedInputStream.ensureBytes(VisibleBufferedInputStream.java:128) ~[postgresql-42.6.2.jar!/:42.6.2]
	at org.postgresql.core.VisibleBufferedInputStream.ensureBytes(VisibleBufferedInputStream.java:113) ~[postgresql-42.6.2.jar!/:42.6.2]
	at org.postgresql.core.VisibleBufferedInputStream.read(VisibleBufferedInputStream.java:73) ~[postgresql-42.6.2.jar!/:42.6.2]
	at org.postgresql.core.PGStream.receiveChar(PGStream.java:465) ~[postgresql-42.6.2.jar!/:42.6.2]
	at org.postgresql.core.v3.QueryExecutorImpl.processResults(QueryExecutorImpl.java:2155) ~[postgresql-42.6.2.jar!/:42.6.2]
	at org.postgresql.core.v3.QueryExecutorImpl.execute(QueryExecutorImpl.java:368) ~[postgresql-42.6.2.jar!/:42.6.2]
	... 177 common frames omitted

2026-08-31T16:18:57.126+06:30  WARN 8652 --- [nio-8090-exec-9] com.zaxxer.hikari.pool.ProxyConnection   : HikariPool-1 - Connection org.postgresql.jdbc.PgConnection@7700caac marked as broken because of SQLSTATE(08006), ErrorCode(0)

org.postgresql.util.PSQLException: An I/O error occurred while sending to the backend.
	at org.postgresql.core.v3.QueryExecutorImpl.execute(QueryExecutorImpl.java:395) ~[postgresql-42.6.2.jar!/:42.6.2]
	at org.postgresql.core.v3.QueryExecutorImpl.execute(QueryExecutorImpl.java:327) ~[postgresql-42.6.2.jar!/:42.6.2]
	at org.postgresql.jdbc.PgConnection.executeTransactionCommand(PgConnection.java:965) ~[postgresql-42.6.2.jar!/:42.6.2]
	at org.postgresql.jdbc.PgConnection.commit(PgConnection.java:987) ~[postgresql-42.6.2.jar!/:42.6.2]
	at com.zaxxer.hikari.pool.ProxyConnection.commit(ProxyConnection.java:377) ~[HikariCP-5.0.1.jar!/:na]
	at com.zaxxer.hikari.pool.HikariProxyConnection.commit(HikariProxyConnection.java) ~[HikariCP-5.0.1.jar!/:na]
	at org.hibernate.resource.jdbc.internal.AbstractLogicalConnectionImplementor.commit(AbstractLogicalConnectionImplementor.java:86) ~[hibernate-core-6.4.4.Final.jar!/:6.4.4.Final]
	at org.hibernate.resource.transaction.backend.jdbc.internal.JdbcResourceLocalTransactionCoordinatorImpl$TransactionDriverControlImpl.commit(JdbcResourceLocalTransactionCoordinatorImpl.java:268) ~[hibernate-core-6.4.4.Final.jar!/:6.4.4.Final]
	at org.hibernate.engine.transaction.internal.TransactionImpl.commit(TransactionImpl.java:101) ~[hibernate-core-6.4.4.Final.jar!/:6.4.4.Final]
	at org.springframework.orm.jpa.JpaTransactionManager.doCommit(JpaTransactionManager.java:562) ~[spring-orm-6.1.6.jar!/:6.1.6]
	at org.springframework.transaction.support.AbstractPlatformTransactionManager.processCommit(AbstractPlatformTransactionManager.java:794) ~[spring-tx-6.1.6.jar!/:6.1.6]
	at org.springframework.transaction.support.AbstractPlatformTransactionManager.commit(AbstractPlatformTransactionManager.java:757) ~[spring-tx-6.1.6.jar!/:6.1.6]
	at org.springframework.transaction.interceptor.TransactionAspectSupport.commitTransactionAfterReturning(TransactionAspectSupport.java:676) ~[spring-tx-6.1.6.jar!/:6.1.6]
	at org.springframework.transaction.interceptor.TransactionAspectSupport.invokeWithinTransaction(TransactionAspectSupport.java:426) ~[spring-tx-6.1.6.jar!/:6.1.6]
	at org.springframework.transaction.interceptor.TransactionInterceptor.invoke(TransactionInterceptor.java:119) ~[spring-tx-6.1.6.jar!/:6.1.6]
	at org.springframework.aop.framework.ReflectiveMethodInvocation.proceed(ReflectiveMethodInvocation.java:184) ~[spring-aop-6.1.6.jar!/:6.1.6]
	at org.springframework.dao.support.PersistenceExceptionTranslationInterceptor.invoke(PersistenceExceptionTranslationInterceptor.java:137) ~[spring-tx-6.1.6.jar!/:6.1.6]
	at org.springframework.aop.framework.ReflectiveMethodInvocation.proceed(ReflectiveMethodInvocation.java:184) ~[spring-aop-6.1.6.jar!/:6.1.6]
	at org.springframework.data.jpa.repository.support.CrudMethodMetadataPostProcessor$CrudMethodMetadataPopulatingMethodInterceptor.invoke(CrudMethodMetadataPostProcessor.java:164) ~[spring-data-jpa-3.2.5.jar!/:3.2.5]
	at org.springframework.aop.framework.ReflectiveMethodInvocation.proceed(ReflectiveMethodInvocation.java:184) ~[spring-aop-6.1.6.jar!/:6.1.6]
	at org.springframework.aop.interceptor.ExposeInvocationInterceptor.invoke(ExposeInvocationInterceptor.java:97) ~[spring-aop-6.1.6.jar!/:6.1.6]
	at org.springframework.aop.framework.ReflectiveMethodInvocation.proceed(ReflectiveMethodInvocation.java:184) ~[spring-aop-6.1.6.jar!/:6.1.6]
	at org.springframework.aop.framework.JdkDynamicAopProxy.invoke(JdkDynamicAopProxy.java:223) ~[spring-aop-6.1.6.jar!/:6.1.6]
	at jdk.proxy2/jdk.proxy2.$Proxy158.findById(Unknown Source) ~[na:na]
	at com.unicconnect.service.TimetableEditLockService.requireDraft(TimetableEditLockService.java:128) ~[!/:0.0.1-SNAPSHOT]
	at com.unicconnect.service.TimetableEditLockService.heartbeat(TimetableEditLockService.java:73) ~[!/:0.0.1-SNAPSHOT]
	at com.unicconnect.controller.TimetableGenerationController.heartbeatLock(TimetableGenerationController.java:144) ~[!/:0.0.1-SNAPSHOT]
	at java.base/jdk.internal.reflect.DirectMethodHandleAccessor.invoke(DirectMethodHandleAccessor.java:103) ~[na:na]
	at java.base/java.lang.reflect.Method.invoke(Method.java:580) ~[na:na]
	at org.springframework.web.method.support.InvocableHandlerMethod.doInvoke(InvocableHandlerMethod.java:255) ~[spring-web-6.1.6.jar!/:6.1.6]
	at org.springframework.web.method.support.InvocableHandlerMethod.invokeForRequest(InvocableHandlerMethod.java:188) ~[spring-web-6.1.6.jar!/:6.1.6]
	at org.springframework.web.servlet.mvc.method.annotation.ServletInvocableHandlerMethod.invokeAndHandle(ServletInvocableHandlerMethod.java:118) ~[spring-webmvc-6.1.6.jar!/:6.1.6]
	at org.springframework.web.servlet.mvc.method.annotation.RequestMappingHandlerAdapter.invokeHandlerMethod(RequestMappingHandlerAdapter.java:926) ~[spring-webmvc-6.1.6.jar!/:6.1.6]
	at org.springframework.web.servlet.mvc.method.annotation.RequestMappingHandlerAdapter.handleInternal(RequestMappingHandlerAdapter.java:831) ~[spring-webmvc-6.1.6.jar!/:6.1.6]
	at org.springframework.web.servlet.mvc.method.AbstractHandlerMethodAdapter.handle(AbstractHandlerMethodAdapter.java:87) ~[spring-webmvc-6.1.6.jar!/:6.1.6]
	at org.springframework.web.servlet.DispatcherServlet.doDispatch(DispatcherServlet.java:1089) ~[spring-webmvc-6.1.6.jar!/:6.1.6]
	at org.springframework.web.servlet.DispatcherServlet.doService(DispatcherServlet.java:979) ~[spring-webmvc-6.1.6.jar!/:6.1.6]
	at org.springframework.web.servlet.FrameworkServlet.processRequest(FrameworkServlet.java:1014) ~[spring-webmvc-6.1.6.jar!/:6.1.6]
	at org.springframework.web.servlet.FrameworkServlet.doPost(FrameworkServlet.java:914) ~[spring-webmvc-6.1.6.jar!/:6.1.6]
	at jakarta.servlet.http.HttpServlet.service(HttpServlet.java:590) ~[tomcat-embed-core-10.1.20.jar!/:na]
	at org.springframework.web.servlet.FrameworkServlet.service(FrameworkServlet.java:885) ~[spring-webmvc-6.1.6.jar!/:6.1.6]
	at jakarta.servlet.http.HttpServlet.service(HttpServlet.java:658) ~[tomcat-embed-core-10.1.20.jar!/:na]
	at org.apache.catalina.core.ApplicationFilterChain.internalDoFilter(ApplicationFilterChain.java:206) ~[tomcat-embed-core-10.1.20.jar!/:na]
	at org.apache.catalina.core.ApplicationFilterChain.doFilter(ApplicationFilterChain.java:150) ~[tomcat-embed-core-10.1.20.jar!/:na]
	at org.apache.tomcat.websocket.server.WsFilter.doFilter(WsFilter.java:51) ~[tomcat-embed-websocket-10.1.20.jar!/:na]
	at org.apache.catalina.core.ApplicationFilterChain.internalDoFilter(ApplicationFilterChain.java:175) ~[tomcat-embed-core-10.1.20.jar!/:na]
	at org.apache.catalina.core.ApplicationFilterChain.doFilter(ApplicationFilterChain.java:150) ~[tomcat-embed-core-10.1.20.jar!/:na]
	at org.springframework.web.filter.OncePerRequestFilter.doFilter(OncePerRequestFilter.java:110) ~[spring-web-6.1.6.jar!/:6.1.6]
	at org.apache.catalina.core.ApplicationFilterChain.internalDoFilter(ApplicationFilterChain.java:175) ~[tomcat-embed-core-10.1.20.jar!/:na]
	at org.apache.catalina.core.ApplicationFilterChain.doFilter(ApplicationFilterChain.java:150) ~[tomcat-embed-core-10.1.20.jar!/:na]
	at org.springframework.web.filter.CompositeFilter$VirtualFilterChain.doFilter(CompositeFilter.java:108) ~[spring-web-6.1.6.jar!/:6.1.6]
	at org.springframework.security.web.FilterChainProxy.lambda$doFilterInternal$3(FilterChainProxy.java:231) ~[spring-security-web-6.2.4.jar!/:6.2.4]
	at org.springframework.security.web.FilterChainProxy$VirtualFilterChain.doFilter(FilterChainProxy.java:365) ~[spring-security-web-6.2.4.jar!/:6.2.4]
	at org.springframework.security.web.access.intercept.AuthorizationFilter.doFilter(AuthorizationFilter.java:100) ~[spring-security-web-6.2.4.jar!/:6.2.4]
	at org.springframework.security.web.FilterChainProxy$VirtualFilterChain.doFilter(FilterChainProxy.java:374) ~[spring-security-web-6.2.4.jar!/:6.2.4]
	at org.springframework.security.web.access.ExceptionTranslationFilter.doFilter(ExceptionTranslationFilter.java:126) ~[spring-security-web-6.2.4.jar!/:6.2.4]
	at org.springframework.security.web.access.ExceptionTranslationFilter.doFilter(ExceptionTranslationFilter.java:120) ~[spring-security-web-6.2.4.jar!/:6.2.4]
	at org.springframework.security.web.FilterChainProxy$VirtualFilterChain.doFilter(FilterChainProxy.java:374) ~[spring-security-web-6.2.4.jar!/:6.2.4]
	at org.springframework.security.web.session.SessionManagementFilter.doFilter(SessionManagementFilter.java:131) ~[spring-security-web-6.2.4.jar!/:6.2.4]
	at org.springframework.security.web.session.SessionManagementFilter.doFilter(SessionManagementFilter.java:85) ~[spring-security-web-6.2.4.jar!/:6.2.4]
	at org.springframework.security.web.FilterChainProxy$VirtualFilterChain.doFilter(FilterChainProxy.java:374) ~[spring-security-web-6.2.4.jar!/:6.2.4]
	at org.springframework.security.web.authentication.AnonymousAuthenticationFilter.doFilter(AnonymousAuthenticationFilter.java:100) ~[spring-security-web-6.2.4.jar!/:6.2.4]
	at org.springframework.security.web.FilterChainProxy$VirtualFilterChain.doFilter(FilterChainProxy.java:374) ~[spring-security-web-6.2.4.jar!/:6.2.4]
	at org.springframework.security.web.servletapi.SecurityContextHolderAwareRequestFilter.doFilter(SecurityContextHolderAwareRequestFilter.java:179) ~[spring-security-web-6.2.4.jar!/:6.2.4]
	at org.springframework.security.web.FilterChainProxy$VirtualFilterChain.doFilter(FilterChainProxy.java:374) ~[spring-security-web-6.2.4.jar!/:6.2.4]
	at org.springframework.security.web.savedrequest.RequestCacheAwareFilter.doFilter(RequestCacheAwareFilter.java:63) ~[spring-security-web-6.2.4.jar!/:6.2.4]
	at org.springframework.security.web.FilterChainProxy$VirtualFilterChain.doFilter(FilterChainProxy.java:374) ~[spring-security-web-6.2.4.jar!/:6.2.4]
	at com.unicconnect.security.JwtAuthenticationFilter.doFilterInternal(JwtAuthenticationFilter.java:49) ~[!/:0.0.1-SNAPSHOT]
	at org.springframework.web.filter.OncePerRequestFilter.doFilter(OncePerRequestFilter.java:116) ~[spring-web-6.1.6.jar!/:6.1.6]
	at org.springframework.security.web.FilterChainProxy$VirtualFilterChain.doFilter(FilterChainProxy.java:374) ~[spring-security-web-6.2.4.jar!/:6.2.4]
	at org.springframework.security.web.authentication.logout.LogoutFilter.doFilter(LogoutFilter.java:107) ~[spring-security-web-6.2.4.jar!/:6.2.4]
	at org.springframework.security.web.authentication.logout.LogoutFilter.doFilter(LogoutFilter.java:93) ~[spring-security-web-6.2.4.jar!/:6.2.4]
	at org.springframework.security.web.FilterChainProxy$VirtualFilterChain.doFilter(FilterChainProxy.java:374) ~[spring-security-web-6.2.4.jar!/:6.2.4]
	at org.springframework.web.filter.CorsFilter.doFilterInternal(CorsFilter.java:91) ~[spring-web-6.1.6.jar!/:6.1.6]
	at org.springframework.web.filter.OncePerRequestFilter.doFilter(OncePerRequestFilter.java:116) ~[spring-web-6.1.6.jar!/:6.1.6]
	at org.springframework.security.web.FilterChainProxy$VirtualFilterChain.doFilter(FilterChainProxy.java:374) ~[spring-security-web-6.2.4.jar!/:6.2.4]
	at org.springframework.security.web.header.HeaderWriterFilter.doHeadersAfter(HeaderWriterFilter.java:90) ~[spring-security-web-6.2.4.jar!/:6.2.4]
	at org.springframework.security.web.header.HeaderWriterFilter.doFilterInternal(HeaderWriterFilter.java:75) ~[spring-security-web-6.2.4.jar!/:6.2.4]
	at org.springframework.web.filter.OncePerRequestFilter.doFilter(OncePerRequestFilter.java:116) ~[spring-web-6.1.6.jar!/:6.1.6]
	at org.springframework.security.web.FilterChainProxy$VirtualFilterChain.doFilter(FilterChainProxy.java:374) ~[spring-security-web-6.2.4.jar!/:6.2.4]
	at org.springframework.security.web.context.SecurityContextHolderFilter.doFilter(SecurityContextHolderFilter.java:82) ~[spring-security-web-6.2.4.jar!/:6.2.4]
	at org.springframework.security.web.context.SecurityContextHolderFilter.doFilter(SecurityContextHolderFilter.java:69) ~[spring-security-web-6.2.4.jar!/:6.2.4]
	at org.springframework.security.web.FilterChainProxy$VirtualFilterChain.doFilter(FilterChainProxy.java:374) ~[spring-security-web-6.2.4.jar!/:6.2.4]
	at org.springframework.security.web.context.request.async.WebAsyncManagerIntegrationFilter.doFilterInternal(WebAsyncManagerIntegrationFilter.java:62) ~[spring-security-web-6.2.4.jar!/:6.2.4]
	at org.springframework.web.filter.OncePerRequestFilter.doFilter(OncePerRequestFilter.java:116) ~[spring-web-6.1.6.jar!/:6.1.6]
	at org.springframework.security.web.FilterChainProxy$VirtualFilterChain.doFilter(FilterChainProxy.java:374) ~[spring-security-web-6.2.4.jar!/:6.2.4]
	at org.springframework.security.web.session.DisableEncodeUrlFilter.doFilterInternal(DisableEncodeUrlFilter.java:42) ~[spring-security-web-6.2.4.jar!/:6.2.4]
	at org.springframework.web.filter.OncePerRequestFilter.doFilter(OncePerRequestFilter.java:116) ~[spring-web-6.1.6.jar!/:6.1.6]
	at org.springframework.security.web.FilterChainProxy$VirtualFilterChain.doFilter(FilterChainProxy.java:374) ~[spring-security-web-6.2.4.jar!/:6.2.4]
	at org.springframework.security.web.FilterChainProxy.doFilterInternal(FilterChainProxy.java:233) ~[spring-security-web-6.2.4.jar!/:6.2.4]
	at org.springframework.security.web.FilterChainProxy.doFilter(FilterChainProxy.java:191) ~[spring-security-web-6.2.4.jar!/:6.2.4]
	at org.springframework.web.filter.CompositeFilter$VirtualFilterChain.doFilter(CompositeFilter.java:113) ~[spring-web-6.1.6.jar!/:6.1.6]
	at org.springframework.web.servlet.handler.HandlerMappingIntrospector.lambda$createCacheFilter$3(HandlerMappingIntrospector.java:195) ~[spring-webmvc-6.1.6.jar!/:6.1.6]
	at org.springframework.web.filter.CompositeFilter$VirtualFilterChain.doFilter(CompositeFilter.java:113) ~[spring-web-6.1.6.jar!/:6.1.6]
	at org.springframework.web.filter.CompositeFilter.doFilter(CompositeFilter.java:74) ~[spring-web-6.1.6.jar!/:6.1.6]
	at org.springframework.security.config.annotation.web.configuration.WebMvcSecurityConfiguration$CompositeFilterChainProxy.doFilter(WebMvcSecurityConfiguration.java:230) ~[spring-security-config-6.2.4.jar!/:6.2.4]
	at org.springframework.web.filter.DelegatingFilterProxy.invokeDelegate(DelegatingFilterProxy.java:352) ~[spring-web-6.1.6.jar!/:6.1.6]
	at org.springframework.web.filter.DelegatingFilterProxy.doFilter(DelegatingFilterProxy.java:268) ~[spring-web-6.1.6.jar!/:6.1.6]
	at org.apache.catalina.core.ApplicationFilterChain.internalDoFilter(ApplicationFilterChain.java:175) ~[tomcat-embed-core-10.1.20.jar!/:na]
	at org.apache.catalina.core.ApplicationFilterChain.doFilter(ApplicationFilterChain.java:150) ~[tomcat-embed-core-10.1.20.jar!/:na]
	at org.springframework.web.filter.RequestContextFilter.doFilterInternal(RequestContextFilter.java:100) ~[spring-web-6.1.6.jar!/:6.1.6]
	at org.springframework.web.filter.OncePerRequestFilter.doFilter(OncePerRequestFilter.java:116) ~[spring-web-6.1.6.jar!/:6.1.6]
	at org.apache.catalina.core.ApplicationFilterChain.internalDoFilter(ApplicationFilterChain.java:175) ~[tomcat-embed-core-10.1.20.jar!/:na]
	at org.apache.catalina.core.ApplicationFilterChain.doFilter(ApplicationFilterChain.java:150) ~[tomcat-embed-core-10.1.20.jar!/:na]
	at org.springframework.web.filter.FormContentFilter.doFilterInternal(FormContentFilter.java:93) ~[spring-web-6.1.6.jar!/:6.1.6]
	at org.springframework.web.filter.OncePerRequestFilter.doFilter(OncePerRequestFilter.java:116) ~[spring-web-6.1.6.jar!/:6.1.6]
	at org.apache.catalina.core.ApplicationFilterChain.internalDoFilter(ApplicationFilterChain.java:175) ~[tomcat-embed-core-10.1.20.jar!/:na]
	at org.apache.catalina.core.ApplicationFilterChain.doFilter(ApplicationFilterChain.java:150) ~[tomcat-embed-core-10.1.20.jar!/:na]
	at org.springframework.web.filter.CharacterEncodingFilter.doFilterInternal(CharacterEncodingFilter.java:201) ~[spring-web-6.1.6.jar!/:6.1.6]
	at org.springframework.web.filter.OncePerRequestFilter.doFilter(OncePerRequestFilter.java:116) ~[spring-web-6.1.6.jar!/:6.1.6]
	at org.apache.catalina.core.ApplicationFilterChain.internalDoFilter(ApplicationFilterChain.java:175) ~[tomcat-embed-core-10.1.20.jar!/:na]
	at org.apache.catalina.core.ApplicationFilterChain.doFilter(ApplicationFilterChain.java:150) ~[tomcat-embed-core-10.1.20.jar!/:na]
	at org.apache.catalina.core.StandardWrapperValve.invoke(StandardWrapperValve.java:167) ~[tomcat-embed-core-10.1.20.jar!/:na]
	at org.apache.catalina.core.StandardContextValve.invoke(StandardContextValve.java:90) ~[tomcat-embed-core-10.1.20.jar!/:na]
	at org.apache.catalina.authenticator.AuthenticatorBase.invoke(AuthenticatorBase.java:482) ~[tomcat-embed-core-10.1.20.jar!/:na]
	at org.apache.catalina.core.StandardHostValve.invoke(StandardHostValve.java:115) ~[tomcat-embed-core-10.1.20.jar!/:na]
	at org.apache.catalina.valves.ErrorReportValve.invoke(ErrorReportValve.java:93) ~[tomcat-embed-core-10.1.20.jar!/:na]
	at org.apache.catalina.core.StandardEngineValve.invoke(StandardEngineValve.java:74) ~[tomcat-embed-core-10.1.20.jar!/:na]
	at org.apache.catalina.connector.CoyoteAdapter.service(CoyoteAdapter.java:344) ~[tomcat-embed-core-10.1.20.jar!/:na]
	at org.apache.coyote.http11.Http11Processor.service(Http11Processor.java:391) ~[tomcat-embed-core-10.1.20.jar!/:na]
	at org.apache.coyote.AbstractProcessorLight.process(AbstractProcessorLight.java:63) ~[tomcat-embed-core-10.1.20.jar!/:na]
	at org.apache.coyote.AbstractProtocol$ConnectionHandler.process(AbstractProtocol.java:896) ~[tomcat-embed-core-10.1.20.jar!/:na]
	at org.apache.tomcat.util.net.NioEndpoint$SocketProcessor.doRun(NioEndpoint.java:1736) ~[tomcat-embed-core-10.1.20.jar!/:na]
	at org.apache.tomcat.util.net.SocketProcessorBase.run(SocketProcessorBase.java:52) ~[tomcat-embed-core-10.1.20.jar!/:na]
	at org.apache.tomcat.util.threads.ThreadPoolExecutor.runWorker(ThreadPoolExecutor.java:1191) ~[tomcat-embed-core-10.1.20.jar!/:na]
	at org.apache.tomcat.util.threads.ThreadPoolExecutor$Worker.run(ThreadPoolExecutor.java:659) ~[tomcat-embed-core-10.1.20.jar!/:na]
	at org.apache.tomcat.util.threads.TaskThread$WrappingRunnable.run(TaskThread.java:63) ~[tomcat-embed-core-10.1.20.jar!/:na]
	at java.base/java.lang.Thread.run(Thread.java:1583) ~[na:na]
Caused by: java.net.SocketException: Connection reset
	at java.base/sun.nio.ch.NioSocketImpl.implRead(NioSocketImpl.java:318) ~[na:na]
	at java.base/sun.nio.ch.NioSocketImpl.read(NioSocketImpl.java:346) ~[na:na]
	at java.base/sun.nio.ch.NioSocketImpl$1.read(NioSocketImpl.java:796) ~[na:na]
	at java.base/java.net.Socket$SocketInputStream.read(Socket.java:1099) ~[na:na]
	at java.base/sun.security.ssl.SSLSocketInputRecord.read(SSLSocketInputRecord.java:489) ~[na:na]
	at java.base/sun.security.ssl.SSLSocketInputRecord.readHeader(SSLSocketInputRecord.java:483) ~[na:na]
	at java.base/sun.security.ssl.SSLSocketInputRecord.bytesInCompletePacket(SSLSocketInputRecord.java:70) ~[na:na]
	at java.base/sun.security.ssl.SSLSocketImpl.readApplicationRecord(SSLSocketImpl.java:1460) ~[na:na]
	at java.base/sun.security.ssl.SSLSocketImpl$AppInputStream.read(SSLSocketImpl.java:1066) ~[na:na]
	at org.postgresql.core.VisibleBufferedInputStream.readMore(VisibleBufferedInputStream.java:161) ~[postgresql-42.6.2.jar!/:42.6.2]
	at org.postgresql.core.VisibleBufferedInputStream.ensureBytes(VisibleBufferedInputStream.java:128) ~[postgresql-42.6.2.jar!/:42.6.2]
	at org.postgresql.core.VisibleBufferedInputStream.ensureBytes(VisibleBufferedInputStream.java:113) ~[postgresql-42.6.2.jar!/:42.6.2]
	at org.postgresql.core.VisibleBufferedInputStream.read(VisibleBufferedInputStream.java:73) ~[postgresql-42.6.2.jar!/:42.6.2]
	at org.postgresql.core.PGStream.receiveChar(PGStream.java:465) ~[postgresql-42.6.2.jar!/:42.6.2]
	at org.postgresql.core.v3.QueryExecutorImpl.processResults(QueryExecutorImpl.java:2155) ~[postgresql-42.6.2.jar!/:42.6.2]
	at org.postgresql.core.v3.QueryExecutorImpl.execute(QueryExecutorImpl.java:368) ~[postgresql-42.6.2.jar!/:42.6.2]
	... 127 common frames omitted

2026-08-31T16:18:57.644+06:30  WARN 8652 --- [nio-8090-exec-4] o.h.engine.jdbc.spi.SqlExceptionHelper   : SQL Error: 0, SQLState: 08006
2026-08-31T16:18:57.646+06:30 ERROR 8652 --- [nio-8090-exec-4] o.h.engine.jdbc.spi.SqlExceptionHelper   : An I/O error occurred while sending to the backend.
2026-08-31T16:18:57.742+06:30  INFO 8652 --- [nio-8090-exec-4] o.h.e.internal.DefaultLoadEventListener  : HHH000327: Error performing load command

org.hibernate.exception.JDBCConnectionException: JDBC exception executing SQL [select gs1_0.generation_id,gs1_0.created_at,gs1_0.failure_report,gs1_0.finished_at,gs1_0.generated_by_staff_id,gs1_0.published_at,gs1_0.scope_json,gs1_0.started_at,gs1_0.status,gs1_0.term_id from generation_sessions gs1_0 where gs1_0.generation_id=?] [An I/O error occurred while sending to the backend.] [n/a]
	at org.hibernate.exception.internal.SQLStateConversionDelegate.convert(SQLStateConversionDelegate.java:100) ~[hibernate-core-6.4.4.Final.jar!/:6.4.4.Final]
	at org.hibernate.exception.internal.StandardSQLExceptionConverter.convert(StandardSQLExceptionConverter.java:58) ~[hibernate-core-6.4.4.Final.jar!/:6.4.4.Final]
	at org.hibernate.engine.jdbc.spi.SqlExceptionHelper.convert(SqlExceptionHelper.java:108) ~[hibernate-core-6.4.4.Final.jar!/:6.4.4.Final]
	at org.hibernate.engine.jdbc.spi.SqlExceptionHelper.convert(SqlExceptionHelper.java:94) ~[hibernate-core-6.4.4.Final.jar!/:6.4.4.Final]
	at org.hibernate.sql.results.jdbc.internal.DeferredResultSetAccess.executeQuery(DeferredResultSetAccess.java:265) ~[hibernate-core-6.4.4.Final.jar!/:6.4.4.Final]
	at org.hibernate.sql.results.jdbc.internal.DeferredResultSetAccess.getResultSet(DeferredResultSetAccess.java:167) ~[hibernate-core-6.4.4.Final.jar!/:6.4.4.Final]
	at org.hibernate.sql.results.jdbc.internal.JdbcValuesResultSetImpl.advanceNext(JdbcValuesResultSetImpl.java:218) ~[hibernate-core-6.4.4.Final.jar!/:6.4.4.Final]
	at org.hibernate.sql.results.jdbc.internal.JdbcValuesResultSetImpl.processNext(JdbcValuesResultSetImpl.java:98) ~[hibernate-core-6.4.4.Final.jar!/:6.4.4.Final]
	at org.hibernate.sql.results.jdbc.internal.AbstractJdbcValues.next(AbstractJdbcValues.java:19) ~[hibernate-core-6.4.4.Final.jar!/:6.4.4.Final]
	at org.hibernate.sql.results.internal.RowProcessingStateStandardImpl.next(RowProcessingStateStandardImpl.java:66) ~[hibernate-core-6.4.4.Final.jar!/:6.4.4.Final]
	at org.hibernate.sql.results.spi.ListResultsConsumer.consume(ListResultsConsumer.java:187) ~[hibernate-core-6.4.4.Final.jar!/:6.4.4.Final]
	at org.hibernate.sql.results.spi.ListResultsConsumer.consume(ListResultsConsumer.java:33) ~[hibernate-core-6.4.4.Final.jar!/:6.4.4.Final]
	at org.hibernate.sql.exec.internal.JdbcSelectExecutorStandardImpl.doExecuteQuery(JdbcSelectExecutorStandardImpl.java:209) ~[hibernate-core-6.4.4.Final.jar!/:6.4.4.Final]
	at org.hibernate.sql.exec.internal.JdbcSelectExecutorStandardImpl.executeQuery(JdbcSelectExecutorStandardImpl.java:83) ~[hibernate-core-6.4.4.Final.jar!/:6.4.4.Final]
	at org.hibernate.sql.exec.spi.JdbcSelectExecutor.list(JdbcSelectExecutor.java:76) ~[hibernate-core-6.4.4.Final.jar!/:6.4.4.Final]
	at org.hibernate.sql.exec.spi.JdbcSelectExecutor.list(JdbcSelectExecutor.java:65) ~[hibernate-core-6.4.4.Final.jar!/:6.4.4.Final]
	at org.hibernate.loader.ast.internal.SingleIdLoadPlan.load(SingleIdLoadPlan.java:145) ~[hibernate-core-6.4.4.Final.jar!/:6.4.4.Final]
	at org.hibernate.loader.ast.internal.SingleIdLoadPlan.load(SingleIdLoadPlan.java:117) ~[hibernate-core-6.4.4.Final.jar!/:6.4.4.Final]
	at org.hibernate.loader.ast.internal.SingleIdEntityLoaderStandardImpl.load(SingleIdEntityLoaderStandardImpl.java:75) ~[hibernate-core-6.4.4.Final.jar!/:6.4.4.Final]
	at org.hibernate.persister.entity.AbstractEntityPersister.doLoad(AbstractEntityPersister.java:3748) ~[hibernate-core-6.4.4.Final.jar!/:6.4.4.Final]
	at org.hibernate.persister.entity.AbstractEntityPersister.load(AbstractEntityPersister.java:3737) ~[hibernate-core-6.4.4.Final.jar!/:6.4.4.Final]
	at org.hibernate.event.internal.DefaultLoadEventListener.loadFromDatasource(DefaultLoadEventListener.java:604) ~[hibernate-core-6.4.4.Final.jar!/:6.4.4.Final]
	at org.hibernate.event.internal.DefaultLoadEventListener.loadFromCacheOrDatasource(DefaultLoadEventListener.java:590) ~[hibernate-core-6.4.4.Final.jar!/:6.4.4.Final]
	at org.hibernate.event.internal.DefaultLoadEventListener.load(DefaultLoadEventListener.java:560) ~[hibernate-core-6.4.4.Final.jar!/:6.4.4.Final]
	at org.hibernate.event.internal.DefaultLoadEventListener.doLoad(DefaultLoadEventListener.java:544) ~[hibernate-core-6.4.4.Final.jar!/:6.4.4.Final]
	at org.hibernate.event.internal.DefaultLoadEventListener.load(DefaultLoadEventListener.java:207) ~[hibernate-core-6.4.4.Final.jar!/:6.4.4.Final]
	at org.hibernate.event.internal.DefaultLoadEventListener.loadWithRegularProxy(DefaultLoadEventListener.java:290) ~[hibernate-core-6.4.4.Final.jar!/:6.4.4.Final]
	at org.hibernate.event.internal.DefaultLoadEventListener.proxyOrLoad(DefaultLoadEventListener.java:242) ~[hibernate-core-6.4.4.Final.jar!/:6.4.4.Final]
	at org.hibernate.event.internal.DefaultLoadEventListener.doOnLoad(DefaultLoadEventListener.java:111) ~[hibernate-core-6.4.4.Final.jar!/:6.4.4.Final]
	at org.hibernate.event.internal.DefaultLoadEventListener.onLoad(DefaultLoadEventListener.java:68) ~[hibernate-core-6.4.4.Final.jar!/:6.4.4.Final]
	at org.hibernate.event.service.internal.EventListenerGroupImpl.fireEventOnEachListener(EventListenerGroupImpl.java:138) ~[hibernate-core-6.4.4.Final.jar!/:6.4.4.Final]
	at org.hibernate.internal.SessionImpl.fireLoadNoChecks(SessionImpl.java:1222) ~[hibernate-core-6.4.4.Final.jar!/:6.4.4.Final]
	at org.hibernate.internal.SessionImpl.fireLoad(SessionImpl.java:1210) ~[hibernate-core-6.4.4.Final.jar!/:6.4.4.Final]
	at org.hibernate.loader.internal.IdentifierLoadAccessImpl.load(IdentifierLoadAccessImpl.java:209) ~[hibernate-core-6.4.4.Final.jar!/:6.4.4.Final]
	at org.hibernate.loader.internal.IdentifierLoadAccessImpl.doLoad(IdentifierLoadAccessImpl.java:160) ~[hibernate-core-6.4.4.Final.jar!/:6.4.4.Final]
	at org.hibernate.loader.internal.IdentifierLoadAccessImpl.lambda$load$1(IdentifierLoadAccessImpl.java:149) ~[hibernate-core-6.4.4.Final.jar!/:6.4.4.Final]
	at org.hibernate.loader.internal.IdentifierLoadAccessImpl.perform(IdentifierLoadAccessImpl.java:112) ~[hibernate-core-6.4.4.Final.jar!/:6.4.4.Final]
	at org.hibernate.loader.internal.IdentifierLoadAccessImpl.load(IdentifierLoadAccessImpl.java:149) ~[hibernate-core-6.4.4.Final.jar!/:6.4.4.Final]
	at org.hibernate.internal.SessionImpl.find(SessionImpl.java:2424) ~[hibernate-core-6.4.4.Final.jar!/:6.4.4.Final]
	at org.hibernate.internal.SessionImpl.find(SessionImpl.java:2395) ~[hibernate-core-6.4.4.Final.jar!/:6.4.4.Final]
	at java.base/jdk.internal.reflect.DirectMethodHandleAccessor.invoke(DirectMethodHandleAccessor.java:103) ~[na:na]
	at java.base/java.lang.reflect.Method.invoke(Method.java:580) ~[na:na]
	at org.springframework.orm.jpa.SharedEntityManagerCreator$SharedEntityManagerInvocationHandler.invoke(SharedEntityManagerCreator.java:319) ~[spring-orm-6.1.6.jar!/:6.1.6]
	at jdk.proxy2/jdk.proxy2.$Proxy131.find(Unknown Source) ~[na:na]
	at org.springframework.data.jpa.repository.support.SimpleJpaRepository.findById(SimpleJpaRepository.java:313) ~[spring-data-jpa-3.2.5.jar!/:3.2.5]
	at java.base/jdk.internal.reflect.DirectMethodHandleAccessor.invoke(DirectMethodHandleAccessor.java:103) ~[na:na]
	at java.base/java.lang.reflect.Method.invoke(Method.java:580) ~[na:na]
	at org.springframework.aop.support.AopUtils.invokeJoinpointUsingReflection(AopUtils.java:354) ~[spring-aop-6.1.6.jar!/:6.1.6]
	at org.springframework.data.repository.core.support.RepositoryMethodInvoker$RepositoryFragmentMethodInvoker.lambda$new$0(RepositoryMethodInvoker.java:277) ~[spring-data-commons-3.2.5.jar!/:3.2.5]
	at org.springframework.data.repository.core.support.RepositoryMethodInvoker.doInvoke(RepositoryMethodInvoker.java:170) ~[spring-data-commons-3.2.5.jar!/:3.2.5]
	at org.springframework.data.repository.core.support.RepositoryMethodInvoker.invoke(RepositoryMethodInvoker.java:158) ~[spring-data-commons-3.2.5.jar!/:3.2.5]
	at org.springframework.data.repository.core.support.RepositoryComposition$RepositoryFragments.invoke(RepositoryComposition.java:516) ~[spring-data-commons-3.2.5.jar!/:3.2.5]
	at org.springframework.data.repository.core.support.RepositoryComposition.invoke(RepositoryComposition.java:285) ~[spring-data-commons-3.2.5.jar!/:3.2.5]
	at org.springframework.data.repository.core.support.RepositoryFactorySupport$ImplementationMethodExecutionInterceptor.invoke(RepositoryFactorySupport.java:628) ~[spring-data-commons-3.2.5.jar!/:3.2.5]
	at org.springframework.aop.framework.ReflectiveMethodInvocation.proceed(ReflectiveMethodInvocation.java:184) ~[spring-aop-6.1.6.jar!/:6.1.6]
	at org.springframework.data.repository.core.support.QueryExecutorMethodInterceptor.doInvoke(QueryExecutorMethodInterceptor.java:168) ~[spring-data-commons-3.2.5.jar!/:3.2.5]
	at org.springframework.data.repository.core.support.QueryExecutorMethodInterceptor.invoke(QueryExecutorMethodInterceptor.java:143) ~[spring-data-commons-3.2.5.jar!/:3.2.5]
	at org.springframework.aop.framework.ReflectiveMethodInvocation.proceed(ReflectiveMethodInvocation.java:184) ~[spring-aop-6.1.6.jar!/:6.1.6]
	at org.springframework.data.projection.DefaultMethodInvokingMethodInterceptor.invoke(DefaultMethodInvokingMethodInterceptor.java:70) ~[spring-data-commons-3.2.5.jar!/:3.2.5]
	at org.springframework.aop.framework.ReflectiveMethodInvocation.proceed(ReflectiveMethodInvocation.java:184) ~[spring-aop-6.1.6.jar!/:6.1.6]
	at org.springframework.transaction.interceptor.TransactionInterceptor$1.proceedWithInvocation(TransactionInterceptor.java:123) ~[spring-tx-6.1.6.jar!/:6.1.6]
	at org.springframework.transaction.interceptor.TransactionAspectSupport.invokeWithinTransaction(TransactionAspectSupport.java:392) ~[spring-tx-6.1.6.jar!/:6.1.6]
	at org.springframework.transaction.interceptor.TransactionInterceptor.invoke(TransactionInterceptor.java:119) ~[spring-tx-6.1.6.jar!/:6.1.6]
	at org.springframework.aop.framework.ReflectiveMethodInvocation.proceed(ReflectiveMethodInvocation.java:184) ~[spring-aop-6.1.6.jar!/:6.1.6]
	at org.springframework.dao.support.PersistenceExceptionTranslationInterceptor.invoke(PersistenceExceptionTranslationInterceptor.java:137) ~[spring-tx-6.1.6.jar!/:6.1.6]
	at org.springframework.aop.framework.ReflectiveMethodInvocation.proceed(ReflectiveMethodInvocation.java:184) ~[spring-aop-6.1.6.jar!/:6.1.6]
	at org.springframework.data.jpa.repository.support.CrudMethodMetadataPostProcessor$CrudMethodMetadataPopulatingMethodInterceptor.invoke(CrudMethodMetadataPostProcessor.java:164) ~[spring-data-jpa-3.2.5.jar!/:3.2.5]
	at org.springframework.aop.framework.ReflectiveMethodInvocation.proceed(ReflectiveMethodInvocation.java:184) ~[spring-aop-6.1.6.jar!/:6.1.6]
	at org.springframework.aop.interceptor.ExposeInvocationInterceptor.invoke(ExposeInvocationInterceptor.java:97) ~[spring-aop-6.1.6.jar!/:6.1.6]
	at org.springframework.aop.framework.ReflectiveMethodInvocation.proceed(ReflectiveMethodInvocation.java:184) ~[spring-aop-6.1.6.jar!/:6.1.6]
	at org.springframework.aop.framework.JdkDynamicAopProxy.invoke(JdkDynamicAopProxy.java:223) ~[spring-aop-6.1.6.jar!/:6.1.6]
	at jdk.proxy2/jdk.proxy2.$Proxy158.findById(Unknown Source) ~[na:na]
	at com.unicconnect.service.TimetableEditLockService.status(TimetableEditLockService.java:107) ~[!/:0.0.1-SNAPSHOT]
	at com.unicconnect.controller.TimetableGenerationController.lockStatus(TimetableGenerationController.java:134) ~[!/:0.0.1-SNAPSHOT]
	at java.base/jdk.internal.reflect.DirectMethodHandleAccessor.invoke(DirectMethodHandleAccessor.java:103) ~[na:na]
	at java.base/java.lang.reflect.Method.invoke(Method.java:580) ~[na:na]
	at org.springframework.web.method.support.InvocableHandlerMethod.doInvoke(InvocableHandlerMethod.java:255) ~[spring-web-6.1.6.jar!/:6.1.6]
	at org.springframework.web.method.support.InvocableHandlerMethod.invokeForRequest(InvocableHandlerMethod.java:188) ~[spring-web-6.1.6.jar!/:6.1.6]
	at org.springframework.web.servlet.mvc.method.annotation.ServletInvocableHandlerMethod.invokeAndHandle(ServletInvocableHandlerMethod.java:118) ~[spring-webmvc-6.1.6.jar!/:6.1.6]
	at org.springframework.web.servlet.mvc.method.annotation.RequestMappingHandlerAdapter.invokeHandlerMethod(RequestMappingHandlerAdapter.java:926) ~[spring-webmvc-6.1.6.jar!/:6.1.6]
	at org.springframework.web.servlet.mvc.method.annotation.RequestMappingHandlerAdapter.handleInternal(RequestMappingHandlerAdapter.java:831) ~[spring-webmvc-6.1.6.jar!/:6.1.6]
	at org.springframework.web.servlet.mvc.method.AbstractHandlerMethodAdapter.handle(AbstractHandlerMethodAdapter.java:87) ~[spring-webmvc-6.1.6.jar!/:6.1.6]
	at org.springframework.web.servlet.DispatcherServlet.doDispatch(DispatcherServlet.java:1089) ~[spring-webmvc-6.1.6.jar!/:6.1.6]
	at org.springframework.web.servlet.DispatcherServlet.doService(DispatcherServlet.java:979) ~[spring-webmvc-6.1.6.jar!/:6.1.6]
	at org.springframework.web.servlet.FrameworkServlet.processRequest(FrameworkServlet.java:1014) ~[spring-webmvc-6.1.6.jar!/:6.1.6]
	at org.springframework.web.servlet.FrameworkServlet.doGet(FrameworkServlet.java:903) ~[spring-webmvc-6.1.6.jar!/:6.1.6]
	at jakarta.servlet.http.HttpServlet.service(HttpServlet.java:564) ~[tomcat-embed-core-10.1.20.jar!/:na]
	at org.springframework.web.servlet.FrameworkServlet.service(FrameworkServlet.java:885) ~[spring-webmvc-6.1.6.jar!/:6.1.6]
	at jakarta.servlet.http.HttpServlet.service(HttpServlet.java:658) ~[tomcat-embed-core-10.1.20.jar!/:na]
	at org.apache.catalina.core.ApplicationFilterChain.internalDoFilter(ApplicationFilterChain.java:206) ~[tomcat-embed-core-10.1.20.jar!/:na]
	at org.apache.catalina.core.ApplicationFilterChain.doFilter(ApplicationFilterChain.java:150) ~[tomcat-embed-core-10.1.20.jar!/:na]
	at org.apache.tomcat.websocket.server.WsFilter.doFilter(WsFilter.java:51) ~[tomcat-embed-websocket-10.1.20.jar!/:na]
	at org.apache.catalina.core.ApplicationFilterChain.internalDoFilter(ApplicationFilterChain.java:175) ~[tomcat-embed-core-10.1.20.jar!/:na]
	at org.apache.catalina.core.ApplicationFilterChain.doFilter(ApplicationFilterChain.java:150) ~[tomcat-embed-core-10.1.20.jar!/:na]
	at org.springframework.web.filter.OncePerRequestFilter.doFilter(OncePerRequestFilter.java:110) ~[spring-web-6.1.6.jar!/:6.1.6]
	at org.apache.catalina.core.ApplicationFilterChain.internalDoFilter(ApplicationFilterChain.java:175) ~[tomcat-embed-core-10.1.20.jar!/:na]
	at org.apache.catalina.core.ApplicationFilterChain.doFilter(ApplicationFilterChain.java:150) ~[tomcat-embed-core-10.1.20.jar!/:na]
	at org.springframework.web.filter.CompositeFilter$VirtualFilterChain.doFilter(CompositeFilter.java:108) ~[spring-web-6.1.6.jar!/:6.1.6]
	at org.springframework.security.web.FilterChainProxy.lambda$doFilterInternal$3(FilterChainProxy.java:231) ~[spring-security-web-6.2.4.jar!/:6.2.4]
	at org.springframework.security.web.FilterChainProxy$VirtualFilterChain.doFilter(FilterChainProxy.java:365) ~[spring-security-web-6.2.4.jar!/:6.2.4]
	at org.springframework.security.web.access.intercept.AuthorizationFilter.doFilter(AuthorizationFilter.java:100) ~[spring-security-web-6.2.4.jar!/:6.2.4]
	at org.springframework.security.web.FilterChainProxy$VirtualFilterChain.doFilter(FilterChainProxy.java:374) ~[spring-security-web-6.2.4.jar!/:6.2.4]
	at org.springframework.security.web.access.ExceptionTranslationFilter.doFilter(ExceptionTranslationFilter.java:126) ~[spring-security-web-6.2.4.jar!/:6.2.4]
	at org.springframework.security.web.access.ExceptionTranslationFilter.doFilter(ExceptionTranslationFilter.java:120) ~[spring-security-web-6.2.4.jar!/:6.2.4]
	at org.springframework.security.web.FilterChainProxy$VirtualFilterChain.doFilter(FilterChainProxy.java:374) ~[spring-security-web-6.2.4.jar!/:6.2.4]
	at org.springframework.security.web.session.SessionManagementFilter.doFilter(SessionManagementFilter.java:131) ~[spring-security-web-6.2.4.jar!/:6.2.4]
	at org.springframework.security.web.session.SessionManagementFilter.doFilter(SessionManagementFilter.java:85) ~[spring-security-web-6.2.4.jar!/:6.2.4]
	at org.springframework.security.web.FilterChainProxy$VirtualFilterChain.doFilter(FilterChainProxy.java:374) ~[spring-security-web-6.2.4.jar!/:6.2.4]
	at org.springframework.security.web.authentication.AnonymousAuthenticationFilter.doFilter(AnonymousAuthenticationFilter.java:100) ~[spring-security-web-6.2.4.jar!/:6.2.4]
	at org.springframework.security.web.FilterChainProxy$VirtualFilterChain.doFilter(FilterChainProxy.java:374) ~[spring-security-web-6.2.4.jar!/:6.2.4]
	at org.springframework.security.web.servletapi.SecurityContextHolderAwareRequestFilter.doFilter(SecurityContextHolderAwareRequestFilter.java:179) ~[spring-security-web-6.2.4.jar!/:6.2.4]
	at org.springframework.security.web.FilterChainProxy$VirtualFilterChain.doFilter(FilterChainProxy.java:374) ~[spring-security-web-6.2.4.jar!/:6.2.4]
	at org.springframework.security.web.savedrequest.RequestCacheAwareFilter.doFilter(RequestCacheAwareFilter.java:63) ~[spring-security-web-6.2.4.jar!/:6.2.4]
	at org.springframework.security.web.FilterChainProxy$VirtualFilterChain.doFilter(FilterChainProxy.java:374) ~[spring-security-web-6.2.4.jar!/:6.2.4]
	at com.unicconnect.security.JwtAuthenticationFilter.doFilterInternal(JwtAuthenticationFilter.java:49) ~[!/:0.0.1-SNAPSHOT]
	at org.springframework.web.filter.OncePerRequestFilter.doFilter(OncePerRequestFilter.java:116) ~[spring-web-6.1.6.jar!/:6.1.6]
	at org.springframework.security.web.FilterChainProxy$VirtualFilterChain.doFilter(FilterChainProxy.java:374) ~[spring-security-web-6.2.4.jar!/:6.2.4]
	at org.springframework.security.web.authentication.logout.LogoutFilter.doFilter(LogoutFilter.java:107) ~[spring-security-web-6.2.4.jar!/:6.2.4]
	at org.springframework.security.web.authentication.logout.LogoutFilter.doFilter(LogoutFilter.java:93) ~[spring-security-web-6.2.4.jar!/:6.2.4]
	at org.springframework.security.web.FilterChainProxy$VirtualFilterChain.doFilter(FilterChainProxy.java:374) ~[spring-security-web-6.2.4.jar!/:6.2.4]
	at org.springframework.web.filter.CorsFilter.doFilterInternal(CorsFilter.java:91) ~[spring-web-6.1.6.jar!/:6.1.6]
	at org.springframework.web.filter.OncePerRequestFilter.doFilter(OncePerRequestFilter.java:116) ~[spring-web-6.1.6.jar!/:6.1.6]
	at org.springframework.security.web.FilterChainProxy$VirtualFilterChain.doFilter(FilterChainProxy.java:374) ~[spring-security-web-6.2.4.jar!/:6.2.4]
	at org.springframework.security.web.header.HeaderWriterFilter.doHeadersAfter(HeaderWriterFilter.java:90) ~[spring-security-web-6.2.4.jar!/:6.2.4]
	at org.springframework.security.web.header.HeaderWriterFilter.doFilterInternal(HeaderWriterFilter.java:75) ~[spring-security-web-6.2.4.jar!/:6.2.4]
	at org.springframework.web.filter.OncePerRequestFilter.doFilter(OncePerRequestFilter.java:116) ~[spring-web-6.1.6.jar!/:6.1.6]
	at org.springframework.security.web.FilterChainProxy$VirtualFilterChain.doFilter(FilterChainProxy.java:374) ~[spring-security-web-6.2.4.jar!/:6.2.4]
	at org.springframework.security.web.context.SecurityContextHolderFilter.doFilter(SecurityContextHolderFilter.java:82) ~[spring-security-web-6.2.4.jar!/:6.2.4]
	at org.springframework.security.web.context.SecurityContextHolderFilter.doFilter(SecurityContextHolderFilter.java:69) ~[spring-security-web-6.2.4.jar!/:6.2.4]
	at org.springframework.security.web.FilterChainProxy$VirtualFilterChain.doFilter(FilterChainProxy.java:374) ~[spring-security-web-6.2.4.jar!/:6.2.4]
	at org.springframework.security.web.context.request.async.WebAsyncManagerIntegrationFilter.doFilterInternal(WebAsyncManagerIntegrationFilter.java:62) ~[spring-security-web-6.2.4.jar!/:6.2.4]
	at org.springframework.web.filter.OncePerRequestFilter.doFilter(OncePerRequestFilter.java:116) ~[spring-web-6.1.6.jar!/:6.1.6]
	at org.springframework.security.web.FilterChainProxy$VirtualFilterChain.doFilter(FilterChainProxy.java:374) ~[spring-security-web-6.2.4.jar!/:6.2.4]
	at org.springframework.security.web.session.DisableEncodeUrlFilter.doFilterInternal(DisableEncodeUrlFilter.java:42) ~[spring-security-web-6.2.4.jar!/:6.2.4]
	at org.springframework.web.filter.OncePerRequestFilter.doFilter(OncePerRequestFilter.java:116) ~[spring-web-6.1.6.jar!/:6.1.6]
	at org.springframework.security.web.FilterChainProxy$VirtualFilterChain.doFilter(FilterChainProxy.java:374) ~[spring-security-web-6.2.4.jar!/:6.2.4]
	at org.springframework.security.web.FilterChainProxy.doFilterInternal(FilterChainProxy.java:233) ~[spring-security-web-6.2.4.jar!/:6.2.4]
	at org.springframework.security.web.FilterChainProxy.doFilter(FilterChainProxy.java:191) ~[spring-security-web-6.2.4.jar!/:6.2.4]
	at org.springframework.web.filter.CompositeFilter$VirtualFilterChain.doFilter(CompositeFilter.java:113) ~[spring-web-6.1.6.jar!/:6.1.6]
	at org.springframework.web.servlet.handler.HandlerMappingIntrospector.lambda$createCacheFilter$3(HandlerMappingIntrospector.java:195) ~[spring-webmvc-6.1.6.jar!/:6.1.6]
	at org.springframework.web.filter.CompositeFilter$VirtualFilterChain.doFilter(CompositeFilter.java:113) ~[spring-web-6.1.6.jar!/:6.1.6]
	at org.springframework.web.filter.CompositeFilter.doFilter(CompositeFilter.java:74) ~[spring-web-6.1.6.jar!/:6.1.6]
	at org.springframework.security.config.annotation.web.configuration.WebMvcSecurityConfiguration$CompositeFilterChainProxy.doFilter(WebMvcSecurityConfiguration.java:230) ~[spring-security-config-6.2.4.jar!/:6.2.4]
	at org.springframework.web.filter.DelegatingFilterProxy.invokeDelegate(DelegatingFilterProxy.java:352) ~[spring-web-6.1.6.jar!/:6.1.6]
	at org.springframework.web.filter.DelegatingFilterProxy.doFilter(DelegatingFilterProxy.java:268) ~[spring-web-6.1.6.jar!/:6.1.6]
	at org.apache.catalina.core.ApplicationFilterChain.internalDoFilter(ApplicationFilterChain.java:175) ~[tomcat-embed-core-10.1.20.jar!/:na]
	at org.apache.catalina.core.ApplicationFilterChain.doFilter(ApplicationFilterChain.java:150) ~[tomcat-embed-core-10.1.20.jar!/:na]
	at org.springframework.web.filter.RequestContextFilter.doFilterInternal(RequestContextFilter.java:100) ~[spring-web-6.1.6.jar!/:6.1.6]
	at org.springframework.web.filter.OncePerRequestFilter.doFilter(OncePerRequestFilter.java:116) ~[spring-web-6.1.6.jar!/:6.1.6]
	at org.apache.catalina.core.ApplicationFilterChain.internalDoFilter(ApplicationFilterChain.java:175) ~[tomcat-embed-core-10.1.20.jar!/:na]
	at org.apache.catalina.core.ApplicationFilterChain.doFilter(ApplicationFilterChain.java:150) ~[tomcat-embed-core-10.1.20.jar!/:na]
	at org.springframework.web.filter.FormContentFilter.doFilterInternal(FormContentFilter.java:93) ~[spring-web-6.1.6.jar!/:6.1.6]
	at org.springframework.web.filter.OncePerRequestFilter.doFilter(OncePerRequestFilter.java:116) ~[spring-web-6.1.6.jar!/:6.1.6]
	at org.apache.catalina.core.ApplicationFilterChain.internalDoFilter(ApplicationFilterChain.java:175) ~[tomcat-embed-core-10.1.20.jar!/:na]
	at org.apache.catalina.core.ApplicationFilterChain.doFilter(ApplicationFilterChain.java:150) ~[tomcat-embed-core-10.1.20.jar!/:na]
	at org.springframework.web.filter.CharacterEncodingFilter.doFilterInternal(CharacterEncodingFilter.java:201) ~[spring-web-6.1.6.jar!/:6.1.6]
	at org.springframework.web.filter.OncePerRequestFilter.doFilter(OncePerRequestFilter.java:116) ~[spring-web-6.1.6.jar!/:6.1.6]
	at org.apache.catalina.core.ApplicationFilterChain.internalDoFilter(ApplicationFilterChain.java:175) ~[tomcat-embed-core-10.1.20.jar!/:na]
	at org.apache.catalina.core.ApplicationFilterChain.doFilter(ApplicationFilterChain.java:150) ~[tomcat-embed-core-10.1.20.jar!/:na]
	at org.apache.catalina.core.StandardWrapperValve.invoke(StandardWrapperValve.java:167) ~[tomcat-embed-core-10.1.20.jar!/:na]
	at org.apache.catalina.core.StandardContextValve.invoke(StandardContextValve.java:90) ~[tomcat-embed-core-10.1.20.jar!/:na]
	at org.apache.catalina.authenticator.AuthenticatorBase.invoke(AuthenticatorBase.java:482) ~[tomcat-embed-core-10.1.20.jar!/:na]
	at org.apache.catalina.core.StandardHostValve.invoke(StandardHostValve.java:115) ~[tomcat-embed-core-10.1.20.jar!/:na]
	at org.apache.catalina.valves.ErrorReportValve.invoke(ErrorReportValve.java:93) ~[tomcat-embed-core-10.1.20.jar!/:na]
	at org.apache.catalina.core.StandardEngineValve.invoke(StandardEngineValve.java:74) ~[tomcat-embed-core-10.1.20.jar!/:na]
	at org.apache.catalina.connector.CoyoteAdapter.service(CoyoteAdapter.java:344) ~[tomcat-embed-core-10.1.20.jar!/:na]
	at org.apache.coyote.http11.Http11Processor.service(Http11Processor.java:391) ~[tomcat-embed-core-10.1.20.jar!/:na]
	at org.apache.coyote.AbstractProcessorLight.process(AbstractProcessorLight.java:63) ~[tomcat-embed-core-10.1.20.jar!/:na]
	at org.apache.coyote.AbstractProtocol$ConnectionHandler.process(AbstractProtocol.java:896) ~[tomcat-embed-core-10.1.20.jar!/:na]
	at org.apache.tomcat.util.net.NioEndpoint$SocketProcessor.doRun(NioEndpoint.java:1736) ~[tomcat-embed-core-10.1.20.jar!/:na]
	at org.apache.tomcat.util.net.SocketProcessorBase.run(SocketProcessorBase.java:52) ~[tomcat-embed-core-10.1.20.jar!/:na]
	at org.apache.tomcat.util.threads.ThreadPoolExecutor.runWorker(ThreadPoolExecutor.java:1191) ~[tomcat-embed-core-10.1.20.jar!/:na]
	at org.apache.tomcat.util.threads.ThreadPoolExecutor$Worker.run(ThreadPoolExecutor.java:659) ~[tomcat-embed-core-10.1.20.jar!/:na]
	at org.apache.tomcat.util.threads.TaskThread$WrappingRunnable.run(TaskThread.java:63) ~[tomcat-embed-core-10.1.20.jar!/:na]
	at java.base/java.lang.Thread.run(Thread.java:1583) ~[na:na]
Caused by: org.postgresql.util.PSQLException: An I/O error occurred while sending to the backend.
	at org.postgresql.core.v3.QueryExecutorImpl.execute(QueryExecutorImpl.java:395) ~[postgresql-42.6.2.jar!/:42.6.2]
	at org.postgresql.jdbc.PgStatement.executeInternal(PgStatement.java:498) ~[postgresql-42.6.2.jar!/:42.6.2]
	at org.postgresql.jdbc.PgStatement.execute(PgStatement.java:415) ~[postgresql-42.6.2.jar!/:42.6.2]
	at org.postgresql.jdbc.PgPreparedStatement.executeWithFlags(PgPreparedStatement.java:190) ~[postgresql-42.6.2.jar!/:42.6.2]
	at org.postgresql.jdbc.PgPreparedStatement.executeQuery(PgPreparedStatement.java:134) ~[postgresql-42.6.2.jar!/:42.6.2]
	at com.zaxxer.hikari.pool.ProxyPreparedStatement.executeQuery(ProxyPreparedStatement.java:52) ~[HikariCP-5.0.1.jar!/:na]
	at com.zaxxer.hikari.pool.HikariProxyPreparedStatement.executeQuery(HikariProxyPreparedStatement.java) ~[HikariCP-5.0.1.jar!/:na]
	at org.hibernate.sql.results.jdbc.internal.DeferredResultSetAccess.executeQuery(DeferredResultSetAccess.java:246) ~[hibernate-core-6.4.4.Final.jar!/:6.4.4.Final]
	... 170 common frames omitted
Caused by: java.net.SocketException: Connection reset
	at java.base/sun.nio.ch.NioSocketImpl.implRead(NioSocketImpl.java:318) ~[na:na]
	at java.base/sun.nio.ch.NioSocketImpl.read(NioSocketImpl.java:346) ~[na:na]
	at java.base/sun.nio.ch.NioSocketImpl$1.read(NioSocketImpl.java:796) ~[na:na]
	at java.base/java.net.Socket$SocketInputStream.read(Socket.java:1099) ~[na:na]
	at java.base/sun.security.ssl.SSLSocketInputRecord.read(SSLSocketInputRecord.java:489) ~[na:na]
	at java.base/sun.security.ssl.SSLSocketInputRecord.readHeader(SSLSocketInputRecord.java:483) ~[na:na]
	at java.base/sun.security.ssl.SSLSocketInputRecord.bytesInCompletePacket(SSLSocketInputRecord.java:70) ~[na:na]
	at java.base/sun.security.ssl.SSLSocketImpl.readApplicationRecord(SSLSocketImpl.java:1460) ~[na:na]
	at java.base/sun.security.ssl.SSLSocketImpl$AppInputStream.read(SSLSocketImpl.java:1066) ~[na:na]
	at org.postgresql.core.VisibleBufferedInputStream.readMore(VisibleBufferedInputStream.java:161) ~[postgresql-42.6.2.jar!/:42.6.2]
	at org.postgresql.core.VisibleBufferedInputStream.ensureBytes(VisibleBufferedInputStream.java:128) ~[postgresql-42.6.2.jar!/:42.6.2]
	at org.postgresql.core.VisibleBufferedInputStream.ensureBytes(VisibleBufferedInputStream.java:113) ~[postgresql-42.6.2.jar!/:42.6.2]
	at org.postgresql.core.VisibleBufferedInputStream.read(VisibleBufferedInputStream.java:73) ~[postgresql-42.6.2.jar!/:42.6.2]
	at org.postgresql.core.PGStream.receiveChar(PGStream.java:465) ~[postgresql-42.6.2.jar!/:42.6.2]
	at org.postgresql.core.v3.QueryExecutorImpl.processResults(QueryExecutorImpl.java:2155) ~[postgresql-42.6.2.jar!/:42.6.2]
	at org.postgresql.core.v3.QueryExecutorImpl.execute(QueryExecutorImpl.java:368) ~[postgresql-42.6.2.jar!/:42.6.2]
	... 177 common frames omitted

2026-08-31T16:18:57.816+06:30 ERROR 8652 --- [nio-8090-exec-4] o.s.t.i.TransactionInterceptor           : Application exception overridden by rollback exception

org.hibernate.exception.JDBCConnectionException: JDBC exception executing SQL [select gs1_0.generation_id,gs1_0.created_at,gs1_0.failure_report,gs1_0.finished_at,gs1_0.generated_by_staff_id,gs1_0.published_at,gs1_0.scope_json,gs1_0.started_at,gs1_0.status,gs1_0.term_id from generation_sessions gs1_0 where gs1_0.generation_id=?] [An I/O error occurred while sending to the backend.] [n/a]
	at org.hibernate.exception.internal.SQLStateConversionDelegate.convert(SQLStateConversionDelegate.java:100) ~[hibernate-core-6.4.4.Final.jar!/:6.4.4.Final]
	at org.hibernate.exception.internal.StandardSQLExceptionConverter.convert(StandardSQLExceptionConverter.java:58) ~[hibernate-core-6.4.4.Final.jar!/:6.4.4.Final]
	at org.hibernate.engine.jdbc.spi.SqlExceptionHelper.convert(SqlExceptionHelper.java:108) ~[hibernate-core-6.4.4.Final.jar!/:6.4.4.Final]
	at org.hibernate.engine.jdbc.spi.SqlExceptionHelper.convert(SqlExceptionHelper.java:94) ~[hibernate-core-6.4.4.Final.jar!/:6.4.4.Final]
	at org.hibernate.sql.results.jdbc.internal.DeferredResultSetAccess.executeQuery(DeferredResultSetAccess.java:265) ~[hibernate-core-6.4.4.Final.jar!/:6.4.4.Final]
	at org.hibernate.sql.results.jdbc.internal.DeferredResultSetAccess.getResultSet(DeferredResultSetAccess.java:167) ~[hibernate-core-6.4.4.Final.jar!/:6.4.4.Final]
	at org.hibernate.sql.results.jdbc.internal.JdbcValuesResultSetImpl.advanceNext(JdbcValuesResultSetImpl.java:218) ~[hibernate-core-6.4.4.Final.jar!/:6.4.4.Final]
	at org.hibernate.sql.results.jdbc.internal.JdbcValuesResultSetImpl.processNext(JdbcValuesResultSetImpl.java:98) ~[hibernate-core-6.4.4.Final.jar!/:6.4.4.Final]
	at org.hibernate.sql.results.jdbc.internal.AbstractJdbcValues.next(AbstractJdbcValues.java:19) ~[hibernate-core-6.4.4.Final.jar!/:6.4.4.Final]
	at org.hibernate.sql.results.internal.RowProcessingStateStandardImpl.next(RowProcessingStateStandardImpl.java:66) ~[hibernate-core-6.4.4.Final.jar!/:6.4.4.Final]
	at org.hibernate.sql.results.spi.ListResultsConsumer.consume(ListResultsConsumer.java:187) ~[hibernate-core-6.4.4.Final.jar!/:6.4.4.Final]
	at org.hibernate.sql.results.spi.ListResultsConsumer.consume(ListResultsConsumer.java:33) ~[hibernate-core-6.4.4.Final.jar!/:6.4.4.Final]
	at org.hibernate.sql.exec.internal.JdbcSelectExecutorStandardImpl.doExecuteQuery(JdbcSelectExecutorStandardImpl.java:209) ~[hibernate-core-6.4.4.Final.jar!/:6.4.4.Final]
	at org.hibernate.sql.exec.internal.JdbcSelectExecutorStandardImpl.executeQuery(JdbcSelectExecutorStandardImpl.java:83) ~[hibernate-core-6.4.4.Final.jar!/:6.4.4.Final]
	at org.hibernate.sql.exec.spi.JdbcSelectExecutor.list(JdbcSelectExecutor.java:76) ~[hibernate-core-6.4.4.Final.jar!/:6.4.4.Final]
	at org.hibernate.sql.exec.spi.JdbcSelectExecutor.list(JdbcSelectExecutor.java:65) ~[hibernate-core-6.4.4.Final.jar!/:6.4.4.Final]
	at org.hibernate.loader.ast.internal.SingleIdLoadPlan.load(SingleIdLoadPlan.java:145) ~[hibernate-core-6.4.4.Final.jar!/:6.4.4.Final]
	at org.hibernate.loader.ast.internal.SingleIdLoadPlan.load(SingleIdLoadPlan.java:117) ~[hibernate-core-6.4.4.Final.jar!/:6.4.4.Final]
	at org.hibernate.loader.ast.internal.SingleIdEntityLoaderStandardImpl.load(SingleIdEntityLoaderStandardImpl.java:75) ~[hibernate-core-6.4.4.Final.jar!/:6.4.4.Final]
	at org.hibernate.persister.entity.AbstractEntityPersister.doLoad(AbstractEntityPersister.java:3748) ~[hibernate-core-6.4.4.Final.jar!/:6.4.4.Final]
	at org.hibernate.persister.entity.AbstractEntityPersister.load(AbstractEntityPersister.java:3737) ~[hibernate-core-6.4.4.Final.jar!/:6.4.4.Final]
	at org.hibernate.event.internal.DefaultLoadEventListener.loadFromDatasource(DefaultLoadEventListener.java:604) ~[hibernate-core-6.4.4.Final.jar!/:6.4.4.Final]
	at org.hibernate.event.internal.DefaultLoadEventListener.loadFromCacheOrDatasource(DefaultLoadEventListener.java:590) ~[hibernate-core-6.4.4.Final.jar!/:6.4.4.Final]
	at org.hibernate.event.internal.DefaultLoadEventListener.load(DefaultLoadEventListener.java:560) ~[hibernate-core-6.4.4.Final.jar!/:6.4.4.Final]
	at org.hibernate.event.internal.DefaultLoadEventListener.doLoad(DefaultLoadEventListener.java:544) ~[hibernate-core-6.4.4.Final.jar!/:6.4.4.Final]
	at org.hibernate.event.internal.DefaultLoadEventListener.load(DefaultLoadEventListener.java:207) ~[hibernate-core-6.4.4.Final.jar!/:6.4.4.Final]
	at org.hibernate.event.internal.DefaultLoadEventListener.loadWithRegularProxy(DefaultLoadEventListener.java:290) ~[hibernate-core-6.4.4.Final.jar!/:6.4.4.Final]
	at org.hibernate.event.internal.DefaultLoadEventListener.proxyOrLoad(DefaultLoadEventListener.java:242) ~[hibernate-core-6.4.4.Final.jar!/:6.4.4.Final]
	at org.hibernate.event.internal.DefaultLoadEventListener.doOnLoad(DefaultLoadEventListener.java:111) ~[hibernate-core-6.4.4.Final.jar!/:6.4.4.Final]
	at org.hibernate.event.internal.DefaultLoadEventListener.onLoad(DefaultLoadEventListener.java:68) ~[hibernate-core-6.4.4.Final.jar!/:6.4.4.Final]
	at org.hibernate.event.service.internal.EventListenerGroupImpl.fireEventOnEachListener(EventListenerGroupImpl.java:138) ~[hibernate-core-6.4.4.Final.jar!/:6.4.4.Final]
	at org.hibernate.internal.SessionImpl.fireLoadNoChecks(SessionImpl.java:1222) ~[hibernate-core-6.4.4.Final.jar!/:6.4.4.Final]
	at org.hibernate.internal.SessionImpl.fireLoad(SessionImpl.java:1210) ~[hibernate-core-6.4.4.Final.jar!/:6.4.4.Final]
	at org.hibernate.loader.internal.IdentifierLoadAccessImpl.load(IdentifierLoadAccessImpl.java:209) ~[hibernate-core-6.4.4.Final.jar!/:6.4.4.Final]
	at org.hibernate.loader.internal.IdentifierLoadAccessImpl.doLoad(IdentifierLoadAccessImpl.java:160) ~[hibernate-core-6.4.4.Final.jar!/:6.4.4.Final]
	at org.hibernate.loader.internal.IdentifierLoadAccessImpl.lambda$load$1(IdentifierLoadAccessImpl.java:149) ~[hibernate-core-6.4.4.Final.jar!/:6.4.4.Final]
	at org.hibernate.loader.internal.IdentifierLoadAccessImpl.perform(IdentifierLoadAccessImpl.java:112) ~[hibernate-core-6.4.4.Final.jar!/:6.4.4.Final]
	at org.hibernate.loader.internal.IdentifierLoadAccessImpl.load(IdentifierLoadAccessImpl.java:149) ~[hibernate-core-6.4.4.Final.jar!/:6.4.4.Final]
	at org.hibernate.internal.SessionImpl.find(SessionImpl.java:2424) ~[hibernate-core-6.4.4.Final.jar!/:6.4.4.Final]
	at org.hibernate.internal.SessionImpl.find(SessionImpl.java:2395) ~[hibernate-core-6.4.4.Final.jar!/:6.4.4.Final]
	at java.base/jdk.internal.reflect.DirectMethodHandleAccessor.invoke(DirectMethodHandleAccessor.java:103) ~[na:na]
	at java.base/java.lang.reflect.Method.invoke(Method.java:580) ~[na:na]
	at org.springframework.orm.jpa.SharedEntityManagerCreator$SharedEntityManagerInvocationHandler.invoke(SharedEntityManagerCreator.java:319) ~[spring-orm-6.1.6.jar!/:6.1.6]
	at jdk.proxy2/jdk.proxy2.$Proxy131.find(Unknown Source) ~[na:na]
	at org.springframework.data.jpa.repository.support.SimpleJpaRepository.findById(SimpleJpaRepository.java:313) ~[spring-data-jpa-3.2.5.jar!/:3.2.5]
	at java.base/jdk.internal.reflect.DirectMethodHandleAccessor.invoke(DirectMethodHandleAccessor.java:103) ~[na:na]
	at java.base/java.lang.reflect.Method.invoke(Method.java:580) ~[na:na]
	at org.springframework.aop.support.AopUtils.invokeJoinpointUsingReflection(AopUtils.java:354) ~[spring-aop-6.1.6.jar!/:6.1.6]
	at org.springframework.data.repository.core.support.RepositoryMethodInvoker$RepositoryFragmentMethodInvoker.lambda$new$0(RepositoryMethodInvoker.java:277) ~[spring-data-commons-3.2.5.jar!/:3.2.5]
	at org.springframework.data.repository.core.support.RepositoryMethodInvoker.doInvoke(RepositoryMethodInvoker.java:170) ~[spring-data-commons-3.2.5.jar!/:3.2.5]
	at org.springframework.data.repository.core.support.RepositoryMethodInvoker.invoke(RepositoryMethodInvoker.java:158) ~[spring-data-commons-3.2.5.jar!/:3.2.5]
	at org.springframework.data.repository.core.support.RepositoryComposition$RepositoryFragments.invoke(RepositoryComposition.java:516) ~[spring-data-commons-3.2.5.jar!/:3.2.5]
	at org.springframework.data.repository.core.support.RepositoryComposition.invoke(RepositoryComposition.java:285) ~[spring-data-commons-3.2.5.jar!/:3.2.5]
	at org.springframework.data.repository.core.support.RepositoryFactorySupport$ImplementationMethodExecutionInterceptor.invoke(RepositoryFactorySupport.java:628) ~[spring-data-commons-3.2.5.jar!/:3.2.5]
	at org.springframework.aop.framework.ReflectiveMethodInvocation.proceed(ReflectiveMethodInvocation.java:184) ~[spring-aop-6.1.6.jar!/:6.1.6]
	at org.springframework.data.repository.core.support.QueryExecutorMethodInterceptor.doInvoke(QueryExecutorMethodInterceptor.java:168) ~[spring-data-commons-3.2.5.jar!/:3.2.5]
	at org.springframework.data.repository.core.support.QueryExecutorMethodInterceptor.invoke(QueryExecutorMethodInterceptor.java:143) ~[spring-data-commons-3.2.5.jar!/:3.2.5]
	at org.springframework.aop.framework.ReflectiveMethodInvocation.proceed(ReflectiveMethodInvocation.java:184) ~[spring-aop-6.1.6.jar!/:6.1.6]
	at org.springframework.data.projection.DefaultMethodInvokingMethodInterceptor.invoke(DefaultMethodInvokingMethodInterceptor.java:70) ~[spring-data-commons-3.2.5.jar!/:3.2.5]
	at org.springframework.aop.framework.ReflectiveMethodInvocation.proceed(ReflectiveMethodInvocation.java:184) ~[spring-aop-6.1.6.jar!/:6.1.6]
	at org.springframework.transaction.interceptor.TransactionInterceptor$1.proceedWithInvocation(TransactionInterceptor.java:123) ~[spring-tx-6.1.6.jar!/:6.1.6]
	at org.springframework.transaction.interceptor.TransactionAspectSupport.invokeWithinTransaction(TransactionAspectSupport.java:392) ~[spring-tx-6.1.6.jar!/:6.1.6]
	at org.springframework.transaction.interceptor.TransactionInterceptor.invoke(TransactionInterceptor.java:119) ~[spring-tx-6.1.6.jar!/:6.1.6]
	at org.springframework.aop.framework.ReflectiveMethodInvocation.proceed(ReflectiveMethodInvocation.java:184) ~[spring-aop-6.1.6.jar!/:6.1.6]
	at org.springframework.dao.support.PersistenceExceptionTranslationInterceptor.invoke(PersistenceExceptionTranslationInterceptor.java:137) ~[spring-tx-6.1.6.jar!/:6.1.6]
	at org.springframework.aop.framework.ReflectiveMethodInvocation.proceed(ReflectiveMethodInvocation.java:184) ~[spring-aop-6.1.6.jar!/:6.1.6]
	at org.springframework.data.jpa.repository.support.CrudMethodMetadataPostProcessor$CrudMethodMetadataPopulatingMethodInterceptor.invoke(CrudMethodMetadataPostProcessor.java:164) ~[spring-data-jpa-3.2.5.jar!/:3.2.5]
	at org.springframework.aop.framework.ReflectiveMethodInvocation.proceed(ReflectiveMethodInvocation.java:184) ~[spring-aop-6.1.6.jar!/:6.1.6]
	at org.springframework.aop.interceptor.ExposeInvocationInterceptor.invoke(ExposeInvocationInterceptor.java:97) ~[spring-aop-6.1.6.jar!/:6.1.6]
	at org.springframework.aop.framework.ReflectiveMethodInvocation.proceed(ReflectiveMethodInvocation.java:184) ~[spring-aop-6.1.6.jar!/:6.1.6]
	at org.springframework.aop.framework.JdkDynamicAopProxy.invoke(JdkDynamicAopProxy.java:223) ~[spring-aop-6.1.6.jar!/:6.1.6]
	at jdk.proxy2/jdk.proxy2.$Proxy158.findById(Unknown Source) ~[na:na]
	at com.unicconnect.service.TimetableEditLockService.status(TimetableEditLockService.java:107) ~[!/:0.0.1-SNAPSHOT]
	at com.unicconnect.controller.TimetableGenerationController.lockStatus(TimetableGenerationController.java:134) ~[!/:0.0.1-SNAPSHOT]
	at java.base/jdk.internal.reflect.DirectMethodHandleAccessor.invoke(DirectMethodHandleAccessor.java:103) ~[na:na]
	at java.base/java.lang.reflect.Method.invoke(Method.java:580) ~[na:na]
	at org.springframework.web.method.support.InvocableHandlerMethod.doInvoke(InvocableHandlerMethod.java:255) ~[spring-web-6.1.6.jar!/:6.1.6]
	at org.springframework.web.method.support.InvocableHandlerMethod.invokeForRequest(InvocableHandlerMethod.java:188) ~[spring-web-6.1.6.jar!/:6.1.6]
	at org.springframework.web.servlet.mvc.method.annotation.ServletInvocableHandlerMethod.invokeAndHandle(ServletInvocableHandlerMethod.java:118) ~[spring-webmvc-6.1.6.jar!/:6.1.6]
	at org.springframework.web.servlet.mvc.method.annotation.RequestMappingHandlerAdapter.invokeHandlerMethod(RequestMappingHandlerAdapter.java:926) ~[spring-webmvc-6.1.6.jar!/:6.1.6]
	at org.springframework.web.servlet.mvc.method.annotation.RequestMappingHandlerAdapter.handleInternal(RequestMappingHandlerAdapter.java:831) ~[spring-webmvc-6.1.6.jar!/:6.1.6]
	at org.springframework.web.servlet.mvc.method.AbstractHandlerMethodAdapter.handle(AbstractHandlerMethodAdapter.java:87) ~[spring-webmvc-6.1.6.jar!/:6.1.6]
	at org.springframework.web.servlet.DispatcherServlet.doDispatch(DispatcherServlet.java:1089) ~[spring-webmvc-6.1.6.jar!/:6.1.6]
	at org.springframework.web.servlet.DispatcherServlet.doService(DispatcherServlet.java:979) ~[spring-webmvc-6.1.6.jar!/:6.1.6]
	at org.springframework.web.servlet.FrameworkServlet.processRequest(FrameworkServlet.java:1014) ~[spring-webmvc-6.1.6.jar!/:6.1.6]
	at org.springframework.web.servlet.FrameworkServlet.doGet(FrameworkServlet.java:903) ~[spring-webmvc-6.1.6.jar!/:6.1.6]
	at jakarta.servlet.http.HttpServlet.service(HttpServlet.java:564) ~[tomcat-embed-core-10.1.20.jar!/:na]
	at org.springframework.web.servlet.FrameworkServlet.service(FrameworkServlet.java:885) ~[spring-webmvc-6.1.6.jar!/:6.1.6]
	at jakarta.servlet.http.HttpServlet.service(HttpServlet.java:658) ~[tomcat-embed-core-10.1.20.jar!/:na]
	at org.apache.catalina.core.ApplicationFilterChain.internalDoFilter(ApplicationFilterChain.java:206) ~[tomcat-embed-core-10.1.20.jar!/:na]
	at org.apache.catalina.core.ApplicationFilterChain.doFilter(ApplicationFilterChain.java:150) ~[tomcat-embed-core-10.1.20.jar!/:na]
	at org.apache.tomcat.websocket.server.WsFilter.doFilter(WsFilter.java:51) ~[tomcat-embed-websocket-10.1.20.jar!/:na]
	at org.apache.catalina.core.ApplicationFilterChain.internalDoFilter(ApplicationFilterChain.java:175) ~[tomcat-embed-core-10.1.20.jar!/:na]
	at org.apache.catalina.core.ApplicationFilterChain.doFilter(ApplicationFilterChain.java:150) ~[tomcat-embed-core-10.1.20.jar!/:na]
	at org.springframework.web.filter.OncePerRequestFilter.doFilter(OncePerRequestFilter.java:110) ~[spring-web-6.1.6.jar!/:6.1.6]
	at org.apache.catalina.core.ApplicationFilterChain.internalDoFilter(ApplicationFilterChain.java:175) ~[tomcat-embed-core-10.1.20.jar!/:na]
	at org.apache.catalina.core.ApplicationFilterChain.doFilter(ApplicationFilterChain.java:150) ~[tomcat-embed-core-10.1.20.jar!/:na]
	at org.springframework.web.filter.CompositeFilter$VirtualFilterChain.doFilter(CompositeFilter.java:108) ~[spring-web-6.1.6.jar!/:6.1.6]
	at org.springframework.security.web.FilterChainProxy.lambda$doFilterInternal$3(FilterChainProxy.java:231) ~[spring-security-web-6.2.4.jar!/:6.2.4]
	at org.springframework.security.web.FilterChainProxy$VirtualFilterChain.doFilter(FilterChainProxy.java:365) ~[spring-security-web-6.2.4.jar!/:6.2.4]
	at org.springframework.security.web.access.intercept.AuthorizationFilter.doFilter(AuthorizationFilter.java:100) ~[spring-security-web-6.2.4.jar!/:6.2.4]
	at org.springframework.security.web.FilterChainProxy$VirtualFilterChain.doFilter(FilterChainProxy.java:374) ~[spring-security-web-6.2.4.jar!/:6.2.4]
	at org.springframework.security.web.access.ExceptionTranslationFilter.doFilter(ExceptionTranslationFilter.java:126) ~[spring-security-web-6.2.4.jar!/:6.2.4]
	at org.springframework.security.web.access.ExceptionTranslationFilter.doFilter(ExceptionTranslationFilter.java:120) ~[spring-security-web-6.2.4.jar!/:6.2.4]
	at org.springframework.security.web.FilterChainProxy$VirtualFilterChain.doFilter(FilterChainProxy.java:374) ~[spring-security-web-6.2.4.jar!/:6.2.4]
	at org.springframework.security.web.session.SessionManagementFilter.doFilter(SessionManagementFilter.java:131) ~[spring-security-web-6.2.4.jar!/:6.2.4]
	at org.springframework.security.web.session.SessionManagementFilter.doFilter(SessionManagementFilter.java:85) ~[spring-security-web-6.2.4.jar!/:6.2.4]
	at org.springframework.security.web.FilterChainProxy$VirtualFilterChain.doFilter(FilterChainProxy.java:374) ~[spring-security-web-6.2.4.jar!/:6.2.4]
	at org.springframework.security.web.authentication.AnonymousAuthenticationFilter.doFilter(AnonymousAuthenticationFilter.java:100) ~[spring-security-web-6.2.4.jar!/:6.2.4]
	at org.springframework.security.web.FilterChainProxy$VirtualFilterChain.doFilter(FilterChainProxy.java:374) ~[spring-security-web-6.2.4.jar!/:6.2.4]
	at org.springframework.security.web.servletapi.SecurityContextHolderAwareRequestFilter.doFilter(SecurityContextHolderAwareRequestFilter.java:179) ~[spring-security-web-6.2.4.jar!/:6.2.4]
	at org.springframework.security.web.FilterChainProxy$VirtualFilterChain.doFilter(FilterChainProxy.java:374) ~[spring-security-web-6.2.4.jar!/:6.2.4]
	at org.springframework.security.web.savedrequest.RequestCacheAwareFilter.doFilter(RequestCacheAwareFilter.java:63) ~[spring-security-web-6.2.4.jar!/:6.2.4]
	at org.springframework.security.web.FilterChainProxy$VirtualFilterChain.doFilter(FilterChainProxy.java:374) ~[spring-security-web-6.2.4.jar!/:6.2.4]
	at com.unicconnect.security.JwtAuthenticationFilter.doFilterInternal(JwtAuthenticationFilter.java:49) ~[!/:0.0.1-SNAPSHOT]
	at org.springframework.web.filter.OncePerRequestFilter.doFilter(OncePerRequestFilter.java:116) ~[spring-web-6.1.6.jar!/:6.1.6]
	at org.springframework.security.web.FilterChainProxy$VirtualFilterChain.doFilter(FilterChainProxy.java:374) ~[spring-security-web-6.2.4.jar!/:6.2.4]
	at org.springframework.security.web.authentication.logout.LogoutFilter.doFilter(LogoutFilter.java:107) ~[spring-security-web-6.2.4.jar!/:6.2.4]
	at org.springframework.security.web.authentication.logout.LogoutFilter.doFilter(LogoutFilter.java:93) ~[spring-security-web-6.2.4.jar!/:6.2.4]
	at org.springframework.security.web.FilterChainProxy$VirtualFilterChain.doFilter(FilterChainProxy.java:374) ~[spring-security-web-6.2.4.jar!/:6.2.4]
	at org.springframework.web.filter.CorsFilter.doFilterInternal(CorsFilter.java:91) ~[spring-web-6.1.6.jar!/:6.1.6]
	at org.springframework.web.filter.OncePerRequestFilter.doFilter(OncePerRequestFilter.java:116) ~[spring-web-6.1.6.jar!/:6.1.6]
	at org.springframework.security.web.FilterChainProxy$VirtualFilterChain.doFilter(FilterChainProxy.java:374) ~[spring-security-web-6.2.4.jar!/:6.2.4]
	at org.springframework.security.web.header.HeaderWriterFilter.doHeadersAfter(HeaderWriterFilter.java:90) ~[spring-security-web-6.2.4.jar!/:6.2.4]
	at org.springframework.security.web.header.HeaderWriterFilter.doFilterInternal(HeaderWriterFilter.java:75) ~[spring-security-web-6.2.4.jar!/:6.2.4]
	at org.springframework.web.filter.OncePerRequestFilter.doFilter(OncePerRequestFilter.java:116) ~[spring-web-6.1.6.jar!/:6.1.6]
	at org.springframework.security.web.FilterChainProxy$VirtualFilterChain.doFilter(FilterChainProxy.java:374) ~[spring-security-web-6.2.4.jar!/:6.2.4]
	at org.springframework.security.web.context.SecurityContextHolderFilter.doFilter(SecurityContextHolderFilter.java:82) ~[spring-security-web-6.2.4.jar!/:6.2.4]
	at org.springframework.security.web.context.SecurityContextHolderFilter.doFilter(SecurityContextHolderFilter.java:69) ~[spring-security-web-6.2.4.jar!/:6.2.4]
	at org.springframework.security.web.FilterChainProxy$VirtualFilterChain.doFilter(FilterChainProxy.java:374) ~[spring-security-web-6.2.4.jar!/:6.2.4]
	at org.springframework.security.web.context.request.async.WebAsyncManagerIntegrationFilter.doFilterInternal(WebAsyncManagerIntegrationFilter.java:62) ~[spring-security-web-6.2.4.jar!/:6.2.4]
	at org.springframework.web.filter.OncePerRequestFilter.doFilter(OncePerRequestFilter.java:116) ~[spring-web-6.1.6.jar!/:6.1.6]
	at org.springframework.security.web.FilterChainProxy$VirtualFilterChain.doFilter(FilterChainProxy.java:374) ~[spring-security-web-6.2.4.jar!/:6.2.4]
	at org.springframework.security.web.session.DisableEncodeUrlFilter.doFilterInternal(DisableEncodeUrlFilter.java:42) ~[spring-security-web-6.2.4.jar!/:6.2.4]
	at org.springframework.web.filter.OncePerRequestFilter.doFilter(OncePerRequestFilter.java:116) ~[spring-web-6.1.6.jar!/:6.1.6]
	at org.springframework.security.web.FilterChainProxy$VirtualFilterChain.doFilter(FilterChainProxy.java:374) ~[spring-security-web-6.2.4.jar!/:6.2.4]
	at org.springframework.security.web.FilterChainProxy.doFilterInternal(FilterChainProxy.java:233) ~[spring-security-web-6.2.4.jar!/:6.2.4]
	at org.springframework.security.web.FilterChainProxy.doFilter(FilterChainProxy.java:191) ~[spring-security-web-6.2.4.jar!/:6.2.4]
	at org.springframework.web.filter.CompositeFilter$VirtualFilterChain.doFilter(CompositeFilter.java:113) ~[spring-web-6.1.6.jar!/:6.1.6]
	at org.springframework.web.servlet.handler.HandlerMappingIntrospector.lambda$createCacheFilter$3(HandlerMappingIntrospector.java:195) ~[spring-webmvc-6.1.6.jar!/:6.1.6]
	at org.springframework.web.filter.CompositeFilter$VirtualFilterChain.doFilter(CompositeFilter.java:113) ~[spring-web-6.1.6.jar!/:6.1.6]
	at org.springframework.web.filter.CompositeFilter.doFilter(CompositeFilter.java:74) ~[spring-web-6.1.6.jar!/:6.1.6]
	at org.springframework.security.config.annotation.web.configuration.WebMvcSecurityConfiguration$CompositeFilterChainProxy.doFilter(WebMvcSecurityConfiguration.java:230) ~[spring-security-config-6.2.4.jar!/:6.2.4]
	at org.springframework.web.filter.DelegatingFilterProxy.invokeDelegate(DelegatingFilterProxy.java:352) ~[spring-web-6.1.6.jar!/:6.1.6]
	at org.springframework.web.filter.DelegatingFilterProxy.doFilter(DelegatingFilterProxy.java:268) ~[spring-web-6.1.6.jar!/:6.1.6]
	at org.apache.catalina.core.ApplicationFilterChain.internalDoFilter(ApplicationFilterChain.java:175) ~[tomcat-embed-core-10.1.20.jar!/:na]
	at org.apache.catalina.core.ApplicationFilterChain.doFilter(ApplicationFilterChain.java:150) ~[tomcat-embed-core-10.1.20.jar!/:na]
	at org.springframework.web.filter.RequestContextFilter.doFilterInternal(RequestContextFilter.java:100) ~[spring-web-6.1.6.jar!/:6.1.6]
	at org.springframework.web.filter.OncePerRequestFilter.doFilter(OncePerRequestFilter.java:116) ~[spring-web-6.1.6.jar!/:6.1.6]
	at org.apache.catalina.core.ApplicationFilterChain.internalDoFilter(ApplicationFilterChain.java:175) ~[tomcat-embed-core-10.1.20.jar!/:na]
	at org.apache.catalina.core.ApplicationFilterChain.doFilter(ApplicationFilterChain.java:150) ~[tomcat-embed-core-10.1.20.jar!/:na]
	at org.springframework.web.filter.FormContentFilter.doFilterInternal(FormContentFilter.java:93) ~[spring-web-6.1.6.jar!/:6.1.6]
	at org.springframework.web.filter.OncePerRequestFilter.doFilter(OncePerRequestFilter.java:116) ~[spring-web-6.1.6.jar!/:6.1.6]
	at org.apache.catalina.core.ApplicationFilterChain.internalDoFilter(ApplicationFilterChain.java:175) ~[tomcat-embed-core-10.1.20.jar!/:na]
	at org.apache.catalina.core.ApplicationFilterChain.doFilter(ApplicationFilterChain.java:150) ~[tomcat-embed-core-10.1.20.jar!/:na]
	at org.springframework.web.filter.CharacterEncodingFilter.doFilterInternal(CharacterEncodingFilter.java:201) ~[spring-web-6.1.6.jar!/:6.1.6]
	at org.springframework.web.filter.OncePerRequestFilter.doFilter(OncePerRequestFilter.java:116) ~[spring-web-6.1.6.jar!/:6.1.6]
	at org.apache.catalina.core.ApplicationFilterChain.internalDoFilter(ApplicationFilterChain.java:175) ~[tomcat-embed-core-10.1.20.jar!/:na]
	at org.apache.catalina.core.ApplicationFilterChain.doFilter(ApplicationFilterChain.java:150) ~[tomcat-embed-core-10.1.20.jar!/:na]
	at org.apache.catalina.core.StandardWrapperValve.invoke(StandardWrapperValve.java:167) ~[tomcat-embed-core-10.1.20.jar!/:na]
	at org.apache.catalina.core.StandardContextValve.invoke(StandardContextValve.java:90) ~[tomcat-embed-core-10.1.20.jar!/:na]
	at org.apache.catalina.authenticator.AuthenticatorBase.invoke(AuthenticatorBase.java:482) ~[tomcat-embed-core-10.1.20.jar!/:na]
	at org.apache.catalina.core.StandardHostValve.invoke(StandardHostValve.java:115) ~[tomcat-embed-core-10.1.20.jar!/:na]
	at org.apache.catalina.valves.ErrorReportValve.invoke(ErrorReportValve.java:93) ~[tomcat-embed-core-10.1.20.jar!/:na]
	at org.apache.catalina.core.StandardEngineValve.invoke(StandardEngineValve.java:74) ~[tomcat-embed-core-10.1.20.jar!/:na]
	at org.apache.catalina.connector.CoyoteAdapter.service(CoyoteAdapter.java:344) ~[tomcat-embed-core-10.1.20.jar!/:na]
	at org.apache.coyote.http11.Http11Processor.service(Http11Processor.java:391) ~[tomcat-embed-core-10.1.20.jar!/:na]
	at org.apache.coyote.AbstractProcessorLight.process(AbstractProcessorLight.java:63) ~[tomcat-embed-core-10.1.20.jar!/:na]
	at org.apache.coyote.AbstractProtocol$ConnectionHandler.process(AbstractProtocol.java:896) ~[tomcat-embed-core-10.1.20.jar!/:na]
	at org.apache.tomcat.util.net.NioEndpoint$SocketProcessor.doRun(NioEndpoint.java:1736) ~[tomcat-embed-core-10.1.20.jar!/:na]
	at org.apache.tomcat.util.net.SocketProcessorBase.run(SocketProcessorBase.java:52) ~[tomcat-embed-core-10.1.20.jar!/:na]
	at org.apache.tomcat.util.threads.ThreadPoolExecutor.runWorker(ThreadPoolExecutor.java:1191) ~[tomcat-embed-core-10.1.20.jar!/:na]
	at org.apache.tomcat.util.threads.ThreadPoolExecutor$Worker.run(ThreadPoolExecutor.java:659) ~[tomcat-embed-core-10.1.20.jar!/:na]
	at org.apache.tomcat.util.threads.TaskThread$WrappingRunnable.run(TaskThread.java:63) ~[tomcat-embed-core-10.1.20.jar!/:na]
	at java.base/java.lang.Thread.run(Thread.java:1583) ~[na:na]
Caused by: org.postgresql.util.PSQLException: An I/O error occurred while sending to the backend.
	at org.postgresql.core.v3.QueryExecutorImpl.execute(QueryExecutorImpl.java:395) ~[postgresql-42.6.2.jar!/:42.6.2]
	at org.postgresql.jdbc.PgStatement.executeInternal(PgStatement.java:498) ~[postgresql-42.6.2.jar!/:42.6.2]
	at org.postgresql.jdbc.PgStatement.execute(PgStatement.java:415) ~[postgresql-42.6.2.jar!/:42.6.2]
	at org.postgresql.jdbc.PgPreparedStatement.executeWithFlags(PgPreparedStatement.java:190) ~[postgresql-42.6.2.jar!/:42.6.2]
	at org.postgresql.jdbc.PgPreparedStatement.executeQuery(PgPreparedStatement.java:134) ~[postgresql-42.6.2.jar!/:42.6.2]
	at com.zaxxer.hikari.pool.ProxyPreparedStatement.executeQuery(ProxyPreparedStatement.java:52) ~[HikariCP-5.0.1.jar!/:na]
	at com.zaxxer.hikari.pool.HikariProxyPreparedStatement.executeQuery(HikariProxyPreparedStatement.java) ~[HikariCP-5.0.1.jar!/:na]
	at org.hibernate.sql.results.jdbc.internal.DeferredResultSetAccess.executeQuery(DeferredResultSetAccess.java:246) ~[hibernate-core-6.4.4.Final.jar!/:6.4.4.Final]
	... 170 common frames omitted
Caused by: java.net.SocketException: Connection reset
	at java.base/sun.nio.ch.NioSocketImpl.implRead(NioSocketImpl.java:318) ~[na:na]
	at java.base/sun.nio.ch.NioSocketImpl.read(NioSocketImpl.java:346) ~[na:na]
	at java.base/sun.nio.ch.NioSocketImpl$1.read(NioSocketImpl.java:796) ~[na:na]
	at java.base/java.net.Socket$SocketInputStream.read(Socket.java:1099) ~[na:na]
	at java.base/sun.security.ssl.SSLSocketInputRecord.read(SSLSocketInputRecord.java:489) ~[na:na]
	at java.base/sun.security.ssl.SSLSocketInputRecord.readHeader(SSLSocketInputRecord.java:483) ~[na:na]
	at java.base/sun.security.ssl.SSLSocketInputRecord.bytesInCompletePacket(SSLSocketInputRecord.java:70) ~[na:na]
	at java.base/sun.security.ssl.SSLSocketImpl.readApplicationRecord(SSLSocketImpl.java:1460) ~[na:na]
	at java.base/sun.security.ssl.SSLSocketImpl$AppInputStream.read(SSLSocketImpl.java:1066) ~[na:na]
	at org.postgresql.core.VisibleBufferedInputStream.readMore(VisibleBufferedInputStream.java:161) ~[postgresql-42.6.2.jar!/:42.6.2]
	at org.postgresql.core.VisibleBufferedInputStream.ensureBytes(VisibleBufferedInputStream.java:128) ~[postgresql-42.6.2.jar!/:42.6.2]
	at org.postgresql.core.VisibleBufferedInputStream.ensureBytes(VisibleBufferedInputStream.java:113) ~[postgresql-42.6.2.jar!/:42.6.2]
	at org.postgresql.core.VisibleBufferedInputStream.read(VisibleBufferedInputStream.java:73) ~[postgresql-42.6.2.jar!/:42.6.2]
	at org.postgresql.core.PGStream.receiveChar(PGStream.java:465) ~[postgresql-42.6.2.jar!/:42.6.2]
	at org.postgresql.core.v3.QueryExecutorImpl.processResults(QueryExecutorImpl.java:2155) ~[postgresql-42.6.2.jar!/:42.6.2]
	at org.postgresql.core.v3.QueryExecutorImpl.execute(QueryExecutorImpl.java:368) ~[postgresql-42.6.2.jar!/:42.6.2]
	... 177 common frames omitted

2026-08-31T16:18:57.952+06:30  WARN 8652 --- [nio-8090-exec-9] c.u.exception.GlobalExceptionHandler     : Data access failure on /api/generations/d8ed8796-8623-4e5c-9bb3-ffdbdaf09867/lock/heartbeat: Hibernate transaction: Unable to commit against JDBC Connection; An I/O error occurred while sending to the backend.
2026-08-31T16:18:57.952+06:30  WARN 8652 --- [nio-8090-exec-4] c.u.exception.GlobalExceptionHandler     : Data access failure on /api/generations/d8ed8796-8623-4e5c-9bb3-ffdbdaf09867/lock: Unable to rollback against JDBC Connection
2026-08-31T16:18:58.216+06:30 DEBUG 8652 --- [nio-8090-exec-3] o.s.security.web.FilterChainProxy        : Securing GET /api/generations/d8ed8796-8623-4e5c-9bb3-ffdbdaf09867/lock
2026-08-31T16:18:58.222+06:30 DEBUG 8652 --- [nio-8090-exec-3] o.s.security.web.FilterChainProxy        : Secured GET /api/generations/d8ed8796-8623-4e5c-9bb3-ffdbdaf09867/lock
2026-08-31T16:18:58.234+06:30  WARN 8652 --- [nio-8090-exec-3] com.zaxxer.hikari.pool.PoolBase          : HikariPool-1 - Failed to validate connection org.postgresql.jdbc.PgConnection@5dc4e175 (This connection has been closed.). Possibly consider using a shorter maxLifetime value.
2026-08-31T16:18:58.238+06:30  WARN 8652 --- [nio-8090-exec-3] com.zaxxer.hikari.pool.PoolBase          : HikariPool-1 - Failed to validate connection org.postgresql.jdbc.PgConnection@3fbd940 (This connection has been closed.). Possibly consider using a shorter maxLifetime value.
2026-08-31T16:18:58.244+06:30  WARN 8652 --- [nio-8090-exec-3] com.zaxxer.hikari.pool.PoolBase          : HikariPool-1 - Failed to validate connection org.postgresql.jdbc.PgConnection@1bffe1c1 (This connection has been closed.). Possibly consider using a shorter maxLifetime value.
2026-08-31T16:18:58.254+06:30  WARN 8652 --- [nio-8090-exec-3] com.zaxxer.hikari.pool.PoolBase          : HikariPool-1 - Failed to validate connection org.postgresql.jdbc.PgConnection@2b32ec7c (This connection has been closed.). Possibly consider using a shorter maxLifetime value.
2026-08-31T16:18:58.427+06:30 DEBUG 8652 --- [nio-8090-exec-1] o.s.security.web.FilterChainProxy        : Securing GET /api/users
2026-08-31T16:18:58.436+06:30 DEBUG 8652 --- [nio-8090-exec-1] o.s.security.web.FilterChainProxy        : Secured GET /api/users
2026-08-31T16:18:58.565+06:30 DEBUG 8652 --- [nio-8090-exec-5] o.s.security.web.FilterChainProxy        : Securing GET /api/staff
2026-08-31T16:18:58.565+06:30 DEBUG 8652 --- [io-8090-exec-10] o.s.security.web.FilterChainProxy        : Securing GET /api/students
2026-08-31T16:18:58.572+06:30 DEBUG 8652 --- [nio-8090-exec-5] o.s.security.web.FilterChainProxy        : Secured GET /api/staff
2026-08-31T16:18:58.579+06:30 DEBUG 8652 --- [io-8090-exec-10] o.s.security.web.FilterChainProxy        : Secured GET /api/students
2026-08-31T19:08:59.024+06:30  WARN 8652 --- [l-1 housekeeper] com.zaxxer.hikari.pool.HikariPool        : HikariPool-1 - Thread starvation or clock leap detected (housekeeper delta=2h53m8s831ms390µs600ns).
2026-08-31T19:09:00.510+06:30 DEBUG 8652 --- [nio-8090-exec-6] o.s.security.web.FilterChainProxy        : Securing GET /api/users
2026-08-31T19:09:00.518+06:30 DEBUG 8652 --- [nio-8090-exec-6] o.s.s.w.a.AnonymousAuthenticationFilter  : Set SecurityContextHolder to anonymous SecurityContext
2026-08-31T19:09:00.574+06:30 DEBUG 8652 --- [nio-8090-exec-2] o.s.security.web.FilterChainProxy        : Securing POST /api/auth/refresh
2026-08-31T19:09:00.574+06:30 DEBUG 8652 --- [nio-8090-exec-2] o.s.s.w.a.AnonymousAuthenticationFilter  : Set SecurityContextHolder to anonymous SecurityContext
2026-08-31T19:09:00.576+06:30 DEBUG 8652 --- [nio-8090-exec-2] o.s.security.web.FilterChainProxy        : Secured POST /api/auth/refresh
2026-08-31T19:09:00.682+06:30 DEBUG 8652 --- [nio-8090-exec-8] o.s.security.web.FilterChainProxy        : Securing GET /api/students
2026-08-31T19:09:00.684+06:30 DEBUG 8652 --- [nio-8090-exec-8] o.s.s.w.a.AnonymousAuthenticationFilter  : Set SecurityContextHolder to anonymous SecurityContext
2026-08-31T19:09:00.812+06:30 DEBUG 8652 --- [nio-8090-exec-7] o.s.security.web.FilterChainProxy        : Securing GET /api/staff
2026-08-31T19:09:00.814+06:30 DEBUG 8652 --- [nio-8090-exec-7] o.s.s.w.a.AnonymousAuthenticationFilter  : Set SecurityContextHolder to anonymous SecurityContext
2026-08-31T19:09:00.820+06:30 DEBUG 8652 --- [nio-8090-exec-9] o.s.security.web.FilterChainProxy        : Securing GET /api/generations/d8ed8796-8623-4e5c-9bb3-ffdbdaf09867/lock
2026-08-31T19:09:00.822+06:30 DEBUG 8652 --- [nio-8090-exec-9] o.s.s.w.a.AnonymousAuthenticationFilter  : Set SecurityContextHolder to anonymous SecurityContext
2026-08-31T19:09:04.572+06:30 DEBUG 8652 --- [nio-8090-exec-4] o.s.security.web.FilterChainProxy        : Securing GET /api/timetable-lobbies
2026-08-31T19:09:04.576+06:30 DEBUG 8652 --- [nio-8090-exec-4] o.s.s.w.a.AnonymousAuthenticationFilter  : Set SecurityContextHolder to anonymous SecurityContext
2026-08-31T19:09:18.906+06:30 DEBUG 8652 --- [nio-8090-exec-6] o.s.security.web.FilterChainProxy        : Securing GET /api/users
2026-08-31T19:09:18.913+06:30 DEBUG 8652 --- [nio-8090-exec-9] o.s.security.web.FilterChainProxy        : Securing GET /api/generations/d8ed8796-8623-4e5c-9bb3-ffdbdaf09867/lock
2026-08-31T19:09:18.915+06:30 DEBUG 8652 --- [nio-8090-exec-4] o.s.security.web.FilterChainProxy        : Securing GET /api/timetable-lobbies
2026-08-31T19:09:18.910+06:30 DEBUG 8652 --- [nio-8090-exec-8] o.s.security.web.FilterChainProxy        : Securing GET /api/students
2026-08-31T19:09:18.912+06:30 DEBUG 8652 --- [nio-8090-exec-7] o.s.security.web.FilterChainProxy        : Securing GET /api/staff
2026-08-31T19:09:18.922+06:30 DEBUG 8652 --- [nio-8090-exec-4] o.s.security.web.FilterChainProxy        : Secured GET /api/timetable-lobbies
2026-08-31T19:09:18.925+06:30 DEBUG 8652 --- [nio-8090-exec-8] o.s.security.web.FilterChainProxy        : Secured GET /api/students
2026-08-31T19:09:18.932+06:30 DEBUG 8652 --- [nio-8090-exec-6] o.s.security.web.FilterChainProxy        : Secured GET /api/users
2026-08-31T19:09:18.936+06:30 DEBUG 8652 --- [nio-8090-exec-9] o.s.security.web.FilterChainProxy        : Secured GET /api/generations/d8ed8796-8623-4e5c-9bb3-ffdbdaf09867/lock
2026-08-31T19:09:18.937+06:30 DEBUG 8652 --- [nio-8090-exec-7] o.s.security.web.FilterChainProxy        : Secured GET /api/staff
2026-08-31T19:09:19.799+06:30 DEBUG 8652 --- [nio-8090-exec-3] o.s.security.web.FilterChainProxy        : Securing GET /api/generations/d8ed8796-8623-4e5c-9bb3-ffdbdaf09867/lock
2026-08-31T19:09:19.801+06:30 DEBUG 8652 --- [nio-8090-exec-3] o.s.s.w.a.AnonymousAuthenticationFilter  : Set SecurityContextHolder to anonymous SecurityContext
2026-08-31T19:09:19.948+06:30 DEBUG 8652 --- [nio-8090-exec-1] o.s.security.web.FilterChainProxy        : Securing POST /api/generations/d8ed8796-8623-4e5c-9bb3-ffdbdaf09867/lock
2026-08-31T19:09:19.952+06:30 DEBUG 8652 --- [nio-8090-exec-1] o.s.security.web.FilterChainProxy        : Secured POST /api/generations/d8ed8796-8623-4e5c-9bb3-ffdbdaf09867/lock
2026-08-31T19:09:19.983+06:30 DEBUG 8652 --- [nio-8090-exec-5] o.s.security.web.FilterChainProxy        : Securing GET /api/generations/d8ed8796-8623-4e5c-9bb3-ffdbdaf09867/lock
2026-08-31T19:09:19.988+06:30 DEBUG 8652 --- [nio-8090-exec-5] o.s.security.web.FilterChainProxy        : Secured GET /api/generations/d8ed8796-8623-4e5c-9bb3-ffdbdaf09867/lock
2026-08-31T19:09:20.464+06:30 DEBUG 8652 --- [io-8090-exec-10] o.s.security.web.FilterChainProxy        : Securing GET /api/generations/d8ed8796-8623-4e5c-9bb3-ffdbdaf09867/lock
2026-08-31T19:09:20.466+06:30 DEBUG 8652 --- [nio-8090-exec-2] o.s.security.web.FilterChainProxy        : Securing POST /api/generations/d8ed8796-8623-4e5c-9bb3-ffdbdaf09867/lock
2026-08-31T19:09:20.468+06:30 DEBUG 8652 --- [io-8090-exec-10] o.s.s.w.a.AnonymousAuthenticationFilter  : Set SecurityContextHolder to anonymous SecurityContext
2026-08-31T19:09:20.470+06:30 DEBUG 8652 --- [nio-8090-exec-2] o.s.security.web.FilterChainProxy        : Secured POST /api/generations/d8ed8796-8623-4e5c-9bb3-ffdbdaf09867/lock
2026-08-31T19:09:20.480+06:30 DEBUG 8652 --- [nio-8090-exec-9] o.s.security.web.FilterChainProxy        : Securing GET /api/generations/d8ed8796-8623-4e5c-9bb3-ffdbdaf09867/lock
2026-08-31T19:09:20.483+06:30 DEBUG 8652 --- [nio-8090-exec-9] o.s.security.web.FilterChainProxy        : Secured GET /api/generations/d8ed8796-8623-4e5c-9bb3-ffdbdaf09867/lock
2026-08-31T19:09:20.616+06:30 DEBUG 8652 --- [nio-8090-exec-6] o.s.security.web.FilterChainProxy        : Securing GET /api/generations/d8ed8796-8623-4e5c-9bb3-ffdbdaf09867/lock
2026-08-31T19:09:20.619+06:30 DEBUG 8652 --- [nio-8090-exec-6] o.s.s.w.a.AnonymousAuthenticationFilter  : Set SecurityContextHolder to anonymous SecurityContext
2026-08-31T19:09:20.662+06:30 DEBUG 8652 --- [nio-8090-exec-3] o.s.security.web.FilterChainProxy        : Securing POST /api/generations/d8ed8796-8623-4e5c-9bb3-ffdbdaf09867/lock
2026-08-31T19:09:20.668+06:30 DEBUG 8652 --- [nio-8090-exec-3] o.s.security.web.FilterChainProxy        : Secured POST /api/generations/d8ed8796-8623-4e5c-9bb3-ffdbdaf09867/lock
2026-08-31T19:09:20.677+06:30 DEBUG 8652 --- [nio-8090-exec-5] o.s.security.web.FilterChainProxy        : Securing GET /api/generations/d8ed8796-8623-4e5c-9bb3-ffdbdaf09867/lock
2026-08-31T19:09:20.681+06:30 DEBUG 8652 --- [nio-8090-exec-5] o.s.security.web.FilterChainProxy        : Secured GET /api/generations/d8ed8796-8623-4e5c-9bb3-ffdbdaf09867/lock
2026-08-31T19:09:20.842+06:30 DEBUG 8652 --- [nio-8090-exec-7] o.s.security.web.FilterChainProxy        : Securing POST /api/generations/d8ed8796-8623-4e5c-9bb3-ffdbdaf09867/lock
2026-08-31T19:09:20.842+06:30 DEBUG 8652 --- [nio-8090-exec-8] o.s.security.web.FilterChainProxy        : Securing GET /api/generations/d8ed8796-8623-4e5c-9bb3-ffdbdaf09867/lock
2026-08-31T19:09:20.844+06:30 DEBUG 8652 --- [nio-8090-exec-8] o.s.s.w.a.AnonymousAuthenticationFilter  : Set SecurityContextHolder to anonymous SecurityContext
2026-08-31T19:09:20.845+06:30 DEBUG 8652 --- [nio-8090-exec-7] o.s.security.web.FilterChainProxy        : Secured POST /api/generations/d8ed8796-8623-4e5c-9bb3-ffdbdaf09867/lock
2026-08-31T19:09:20.854+06:30 DEBUG 8652 --- [io-8090-exec-10] o.s.security.web.FilterChainProxy        : Securing GET /api/generations/d8ed8796-8623-4e5c-9bb3-ffdbdaf09867/lock
2026-08-31T19:09:20.859+06:30 DEBUG 8652 --- [io-8090-exec-10] o.s.security.web.FilterChainProxy        : Secured GET /api/generations/d8ed8796-8623-4e5c-9bb3-ffdbdaf09867/lock
2026-08-31T19:09:20.997+06:30 DEBUG 8652 --- [nio-8090-exec-9] o.s.security.web.FilterChainProxy        : Securing GET /api/generations/d8ed8796-8623-4e5c-9bb3-ffdbdaf09867/lock
2026-08-31T19:09:21.002+06:30 DEBUG 8652 --- [nio-8090-exec-9] o.s.s.w.a.AnonymousAuthenticationFilter  : Set SecurityContextHolder to anonymous SecurityContext
2026-08-31T19:09:21.019+06:30 DEBUG 8652 --- [nio-8090-exec-6] o.s.security.web.FilterChainProxy        : Securing GET /api/generations/d8ed8796-8623-4e5c-9bb3-ffdbdaf09867/lock
2026-08-31T19:09:21.022+06:30 DEBUG 8652 --- [nio-8090-exec-6] o.s.security.web.FilterChainProxy        : Secured GET /api/generations/d8ed8796-8623-4e5c-9bb3-ffdbdaf09867/lock
2026-08-31T19:09:21.096+06:30 DEBUG 8652 --- [nio-8090-exec-5] o.s.security.web.FilterChainProxy        : Securing POST /api/generations/d8ed8796-8623-4e5c-9bb3-ffdbdaf09867/lock
2026-08-31T19:09:21.110+06:30 DEBUG 8652 --- [nio-8090-exec-5] o.s.security.web.FilterChainProxy        : Secured POST /api/generations/d8ed8796-8623-4e5c-9bb3-ffdbdaf09867/lock
2026-08-31T19:09:22.183+06:30 DEBUG 8652 --- [nio-8090-exec-8] o.s.security.web.FilterChainProxy        : Securing GET /api/generations/d8ed8796-8623-4e5c-9bb3-ffdbdaf09867/lock
2026-08-31T19:09:22.185+06:30 DEBUG 8652 --- [nio-8090-exec-8] o.s.security.web.FilterChainProxy        : Secured GET /api/generations/d8ed8796-8623-4e5c-9bb3-ffdbdaf09867/lock
2026-08-31T19:09:22.715+06:30 DEBUG 8652 --- [io-8090-exec-10] o.s.security.web.FilterChainProxy        : Securing POST /api/generations/d8ed8796-8623-4e5c-9bb3-ffdbdaf09867/lock
2026-08-31T19:09:22.720+06:30 DEBUG 8652 --- [io-8090-exec-10] o.s.security.web.FilterChainProxy        : Secured POST /api/generations/d8ed8796-8623-4e5c-9bb3-ffdbdaf09867/lock
2026-08-31T19:09:24.617+06:30 DEBUG 8652 --- [nio-8090-exec-9] o.s.security.web.FilterChainProxy        : Securing POST /api/generations/d8ed8796-8623-4e5c-9bb3-ffdbdaf09867/lock/heartbeat
2026-08-31T19:09:24.620+06:30 DEBUG 8652 --- [nio-8090-exec-9] o.s.security.web.FilterChainProxy        : Secured POST /api/generations/d8ed8796-8623-4e5c-9bb3-ffdbdaf09867/lock/heartbeat
2026-08-31T19:09:26.478+06:30 DEBUG 8652 --- [nio-8090-exec-6] o.s.security.web.FilterChainProxy        : Securing GET /api/generations/d8ed8796-8623-4e5c-9bb3-ffdbdaf09867/lock
2026-08-31T19:09:26.484+06:30 DEBUG 8652 --- [nio-8090-exec-6] o.s.security.web.FilterChainProxy        : Secured GET /api/generations/d8ed8796-8623-4e5c-9bb3-ffdbdaf09867/lock
2026-08-31T19:09:26.923+06:30 DEBUG 8652 --- [nio-8090-exec-1] o.s.security.web.FilterChainProxy        : Securing GET /api/timetable-lobbies
2026-08-31T19:09:26.925+06:30 DEBUG 8652 --- [nio-8090-exec-1] o.s.s.w.a.AnonymousAuthenticationFilter  : Set SecurityContextHolder to anonymous SecurityContext
2026-08-31T19:09:26.935+06:30 DEBUG 8652 --- [nio-8090-exec-8] o.s.security.web.FilterChainProxy        : Securing GET /api/timetable-lobbies
2026-08-31T19:09:26.939+06:30 DEBUG 8652 --- [nio-8090-exec-8] o.s.security.web.FilterChainProxy        : Secured GET /api/timetable-lobbies
2026-08-31T19:09:27.537+06:30 DEBUG 8652 --- [nio-8090-exec-5] o.s.security.web.FilterChainProxy        : Securing POST /api/generations/d8ed8796-8623-4e5c-9bb3-ffdbdaf09867/lock/heartbeat
2026-08-31T19:09:27.541+06:30 DEBUG 8652 --- [nio-8090-exec-5] o.s.security.web.FilterChainProxy        : Secured POST /api/generations/d8ed8796-8623-4e5c-9bb3-ffdbdaf09867/lock/heartbeat
2026-08-31T19:09:29.442+06:30 DEBUG 8652 --- [nio-8090-exec-4] o.s.security.web.FilterChainProxy        : Securing GET /api/generations/d8ed8796-8623-4e5c-9bb3-ffdbdaf09867/lock
2026-08-31T19:09:29.447+06:30 DEBUG 8652 --- [nio-8090-exec-4] o.s.security.web.FilterChainProxy        : Secured GET /api/generations/d8ed8796-8623-4e5c-9bb3-ffdbdaf09867/lock
2026-08-31T19:09:30.107+06:30 DEBUG 8652 --- [nio-8090-exec-6] o.s.security.web.FilterChainProxy        : Securing POST /api/generations/d8ed8796-8623-4e5c-9bb3-ffdbdaf09867/lock/heartbeat
2026-08-31T19:09:30.111+06:30 DEBUG 8652 --- [nio-8090-exec-6] o.s.security.web.FilterChainProxy        : Secured POST /api/generations/d8ed8796-8623-4e5c-9bb3-ffdbdaf09867/lock/heartbeat
2026-08-31T19:09:33.453+06:30 DEBUG 8652 --- [nio-8090-exec-1] o.s.security.web.FilterChainProxy        : Securing GET /api/timetable-lobbies
2026-08-31T19:09:33.455+06:30 DEBUG 8652 --- [nio-8090-exec-1] o.s.s.w.a.AnonymousAuthenticationFilter  : Set SecurityContextHolder to anonymous SecurityContext
2026-08-31T19:09:33.463+06:30 DEBUG 8652 --- [nio-8090-exec-7] o.s.security.web.FilterChainProxy        : Securing GET /api/timetable-lobbies
2026-08-31T19:09:33.468+06:30 DEBUG 8652 --- [nio-8090-exec-7] o.s.security.web.FilterChainProxy        : Secured GET /api/timetable-lobbies
2026-08-31T19:09:33.674+06:30 DEBUG 8652 --- [nio-8090-exec-3] o.s.security.web.FilterChainProxy        : Securing GET /api/generations/d8ed8796-8623-4e5c-9bb3-ffdbdaf09867/lock
2026-08-31T19:09:33.686+06:30 DEBUG 8652 --- [nio-8090-exec-3] o.s.security.web.FilterChainProxy        : Secured GET /api/generations/d8ed8796-8623-4e5c-9bb3-ffdbdaf09867/lock
2026-08-31T19:09:34.319+06:30 DEBUG 8652 --- [nio-8090-exec-4] o.s.security.web.FilterChainProxy        : Securing POST /api/generations/d8ed8796-8623-4e5c-9bb3-ffdbdaf09867/lock/heartbeat
2026-08-31T19:09:34.319+06:30 DEBUG 8652 --- [nio-8090-exec-4] o.s.security.web.FilterChainProxy        : Secured POST /api/generations/d8ed8796-8623-4e5c-9bb3-ffdbdaf09867/lock/heartbeat
2026-08-31T19:09:37.677+06:30 DEBUG 8652 --- [nio-8090-exec-2] o.s.security.web.FilterChainProxy        : Securing GET /api/generations/d8ed8796-8623-4e5c-9bb3-ffdbdaf09867/lock
2026-08-31T19:09:37.681+06:30 DEBUG 8652 --- [nio-8090-exec-2] o.s.security.web.FilterChainProxy        : Secured GET /api/generations/d8ed8796-8623-4e5c-9bb3-ffdbdaf09867/lock
2026-08-31T19:09:38.289+06:30 DEBUG 8652 --- [nio-8090-exec-8] o.s.security.web.FilterChainProxy        : Securing GET /api/timetable-lobbies
2026-08-31T19:09:38.297+06:30 DEBUG 8652 --- [nio-8090-exec-8] o.s.security.web.FilterChainProxy        : Secured GET /api/timetable-lobbies
2026-08-31T19:09:38.342+06:30 DEBUG 8652 --- [nio-8090-exec-1] o.s.security.web.FilterChainProxy        : Securing POST /api/generations/d8ed8796-8623-4e5c-9bb3-ffdbdaf09867/lock/heartbeat
2026-08-31T19:09:38.347+06:30 DEBUG 8652 --- [nio-8090-exec-1] o.s.security.web.FilterChainProxy        : Secured POST /api/generations/d8ed8796-8623-4e5c-9bb3-ffdbdaf09867/lock/heartbeat
2026-08-31T19:09:41.630+06:30 DEBUG 8652 --- [nio-8090-exec-6] o.s.security.web.FilterChainProxy        : Securing GET /api/generations/d8ed8796-8623-4e5c-9bb3-ffdbdaf09867/lock
2026-08-31T19:09:41.637+06:30 DEBUG 8652 --- [nio-8090-exec-6] o.s.security.web.FilterChainProxy        : Secured GET /api/generations/d8ed8796-8623-4e5c-9bb3-ffdbdaf09867/lock
2026-08-31T19:09:42.139+06:30 DEBUG 8652 --- [nio-8090-exec-3] o.s.security.web.FilterChainProxy        : Securing POST /api/generations/d8ed8796-8623-4e5c-9bb3-ffdbdaf09867/lock/heartbeat
2026-08-31T19:09:42.149+06:30 DEBUG 8652 --- [nio-8090-exec-3] o.s.security.web.FilterChainProxy        : Secured POST /api/generations/d8ed8796-8623-4e5c-9bb3-ffdbdaf09867/lock/heartbeat
2026-08-31T19:09:42.915+06:30 DEBUG 8652 --- [nio-8090-exec-5] o.s.security.web.FilterChainProxy        : Securing GET /api/timetable-lobbies
2026-08-31T19:09:42.918+06:30 DEBUG 8652 --- [nio-8090-exec-5] o.s.security.web.FilterChainProxy        : Secured GET /api/timetable-lobbies
2026-08-31T19:09:45.604+06:30 DEBUG 8652 --- [nio-8090-exec-9] o.s.security.web.FilterChainProxy        : Securing GET /api/generations/d8ed8796-8623-4e5c-9bb3-ffdbdaf09867/lock
2026-08-31T19:09:45.610+06:30 DEBUG 8652 --- [nio-8090-exec-9] o.s.security.web.FilterChainProxy        : Secured GET /api/generations/d8ed8796-8623-4e5c-9bb3-ffdbdaf09867/lock
2026-08-31T19:09:46.262+06:30 DEBUG 8652 --- [nio-8090-exec-7] o.s.security.web.FilterChainProxy        : Securing POST /api/generations/d8ed8796-8623-4e5c-9bb3-ffdbdaf09867/lock/heartbeat
2026-08-31T19:09:46.270+06:30 DEBUG 8652 --- [nio-8090-exec-7] o.s.security.web.FilterChainProxy        : Secured POST /api/generations/d8ed8796-8623-4e5c-9bb3-ffdbdaf09867/lock/heartbeat
2026-08-31T19:09:47.216+06:30 DEBUG 8652 --- [nio-8090-exec-2] o.s.security.web.FilterChainProxy        : Securing GET /api/timetable-lobbies
2026-08-31T19:09:47.224+06:30 DEBUG 8652 --- [nio-8090-exec-2] o.s.security.web.FilterChainProxy        : Secured GET /api/timetable-lobbies
2026-08-31T19:09:49.576+06:30 DEBUG 8652 --- [io-8090-exec-10] o.s.security.web.FilterChainProxy        : Securing GET /api/generations/d8ed8796-8623-4e5c-9bb3-ffdbdaf09867/lock
2026-08-31T19:09:49.587+06:30 DEBUG 8652 --- [io-8090-exec-10] o.s.security.web.FilterChainProxy        : Secured GET /api/generations/d8ed8796-8623-4e5c-9bb3-ffdbdaf09867/lock
2026-08-31T19:09:50.055+06:30 DEBUG 8652 --- [nio-8090-exec-4] o.s.security.web.FilterChainProxy        : Securing POST /api/generations/d8ed8796-8623-4e5c-9bb3-ffdbdaf09867/lock/heartbeat
2026-08-31T19:09:50.063+06:30 DEBUG 8652 --- [nio-8090-exec-4] o.s.security.web.FilterChainProxy        : Secured POST /api/generations/d8ed8796-8623-4e5c-9bb3-ffdbdaf09867/lock/heartbeat
2026-08-31T19:09:53.615+06:30 DEBUG 8652 --- [nio-8090-exec-1] o.s.security.web.FilterChainProxy        : Securing GET /api/generations/d8ed8796-8623-4e5c-9bb3-ffdbdaf09867/lock
2026-08-31T19:09:53.619+06:30 DEBUG 8652 --- [nio-8090-exec-1] o.s.security.web.FilterChainProxy        : Secured GET /api/generations/d8ed8796-8623-4e5c-9bb3-ffdbdaf09867/lock
2026-08-31T19:09:54.315+06:30 DEBUG 8652 --- [nio-8090-exec-6] o.s.security.web.FilterChainProxy        : Securing POST /api/generations/d8ed8796-8623-4e5c-9bb3-ffdbdaf09867/lock/heartbeat
2026-08-31T19:09:54.319+06:30 DEBUG 8652 --- [nio-8090-exec-6] o.s.security.web.FilterChainProxy        : Secured POST /api/generations/d8ed8796-8623-4e5c-9bb3-ffdbdaf09867/lock/heartbeat
2026-08-31T19:09:57.556+06:30 DEBUG 8652 --- [nio-8090-exec-8] o.s.security.web.FilterChainProxy        : Securing GET /api/generations/d8ed8796-8623-4e5c-9bb3-ffdbdaf09867/lock
2026-08-31T19:09:57.560+06:30 DEBUG 8652 --- [nio-8090-exec-8] o.s.security.web.FilterChainProxy        : Secured GET /api/generations/d8ed8796-8623-4e5c-9bb3-ffdbdaf09867/lock
2026-08-31T19:09:57.929+06:30 DEBUG 8652 --- [nio-8090-exec-3] o.s.security.web.FilterChainProxy        : Securing POST /api/generations/d8ed8796-8623-4e5c-9bb3-ffdbdaf09867/lock/heartbeat
2026-08-31T19:09:57.933+06:30 DEBUG 8652 --- [nio-8090-exec-3] o.s.security.web.FilterChainProxy        : Secured POST /api/generations/d8ed8796-8623-4e5c-9bb3-ffdbdaf09867/lock/heartbeat
2026-08-31T19:10:01.573+06:30 DEBUG 8652 --- [nio-8090-exec-5] o.s.security.web.FilterChainProxy        : Securing GET /api/generations/d8ed8796-8623-4e5c-9bb3-ffdbdaf09867/lock
2026-08-31T19:10:01.573+06:30 DEBUG 8652 --- [nio-8090-exec-5] o.s.security.web.FilterChainProxy        : Secured GET /api/generations/d8ed8796-8623-4e5c-9bb3-ffdbdaf09867/lock
2026-08-31T19:10:02.343+06:30 DEBUG 8652 --- [nio-8090-exec-7] o.s.security.web.FilterChainProxy        : Securing POST /api/generations/d8ed8796-8623-4e5c-9bb3-ffdbdaf09867/lock/heartbeat
2026-08-31T19:10:02.343+06:30 DEBUG 8652 --- [nio-8090-exec-7] o.s.security.web.FilterChainProxy        : Secured POST /api/generations/d8ed8796-8623-4e5c-9bb3-ffdbdaf09867/lock/heartbeat
2026-08-31T19:10:05.595+06:30 DEBUG 8652 --- [io-8090-exec-10] o.s.security.web.FilterChainProxy        : Securing GET /api/generations/d8ed8796-8623-4e5c-9bb3-ffdbdaf09867/lock
2026-08-31T19:10:05.609+06:30 DEBUG 8652 --- [io-8090-exec-10] o.s.security.web.FilterChainProxy        : Secured GET /api/generations/d8ed8796-8623-4e5c-9bb3-ffdbdaf09867/lock
2026-08-31T19:10:05.884+06:30 DEBUG 8652 --- [nio-8090-exec-2] o.s.security.web.FilterChainProxy        : Securing POST /api/generations/d8ed8796-8623-4e5c-9bb3-ffdbdaf09867/lock/heartbeat
2026-08-31T19:10:05.884+06:30 DEBUG 8652 --- [nio-8090-exec-2] o.s.security.web.FilterChainProxy        : Secured POST /api/generations/d8ed8796-8623-4e5c-9bb3-ffdbdaf09867/lock/heartbeat
2026-08-31T19:10:06.180+06:30 DEBUG 8652 --- [nio-8090-exec-4] o.s.security.web.FilterChainProxy        : Securing GET /api/health
2026-08-31T19:10:06.191+06:30 DEBUG 8652 --- [nio-8090-exec-4] o.s.s.w.a.AnonymousAuthenticationFilter  : Set SecurityContextHolder to anonymous SecurityContext
2026-08-31T19:10:06.193+06:30 DEBUG 8652 --- [nio-8090-exec-4] o.s.security.web.FilterChainProxy        : Secured GET /api/health
2026-08-31T19:10:09.574+06:30 DEBUG 8652 --- [nio-8090-exec-6] o.s.security.web.FilterChainProxy        : Securing GET /api/generations/d8ed8796-8623-4e5c-9bb3-ffdbdaf09867/lock
2026-08-31T19:10:09.574+06:30 DEBUG 8652 --- [nio-8090-exec-6] o.s.security.web.FilterChainProxy        : Secured GET /api/generations/d8ed8796-8623-4e5c-9bb3-ffdbdaf09867/lock
2026-08-31T19:10:10.599+06:30 DEBUG 8652 --- [nio-8090-exec-8] o.s.security.web.FilterChainProxy        : Securing POST /api/generations/d8ed8796-8623-4e5c-9bb3-ffdbdaf09867/lock/heartbeat
2026-08-31T19:10:10.603+06:30 DEBUG 8652 --- [nio-8090-exec-8] o.s.security.web.FilterChainProxy        : Secured POST /api/generations/d8ed8796-8623-4e5c-9bb3-ffdbdaf09867/lock/heartbeat
2026-08-31T19:10:13.573+06:30 DEBUG 8652 --- [nio-8090-exec-9] o.s.security.web.FilterChainProxy        : Securing GET /api/generations/d8ed8796-8623-4e5c-9bb3-ffdbdaf09867/lock
2026-08-31T19:10:13.576+06:30 DEBUG 8652 --- [nio-8090-exec-9] o.s.security.web.FilterChainProxy        : Secured GET /api/generations/d8ed8796-8623-4e5c-9bb3-ffdbdaf09867/lock
2026-08-31T19:10:14.091+06:30 DEBUG 8652 --- [nio-8090-exec-3] o.s.security.web.FilterChainProxy        : Securing POST /api/generations/d8ed8796-8623-4e5c-9bb3-ffdbdaf09867/lock/heartbeat
2026-08-31T19:10:14.091+06:30 DEBUG 8652 --- [nio-8090-exec-3] o.s.security.web.FilterChainProxy        : Secured POST /api/generations/d8ed8796-8623-4e5c-9bb3-ffdbdaf09867/lock/heartbeat
2026-08-31T19:10:17.567+06:30 DEBUG 8652 --- [nio-8090-exec-5] o.s.security.web.FilterChainProxy        : Securing GET /api/generations/d8ed8796-8623-4e5c-9bb3-ffdbdaf09867/lock
2026-08-31T19:10:17.572+06:30 DEBUG 8652 --- [nio-8090-exec-5] o.s.security.web.FilterChainProxy        : Secured GET /api/generations/d8ed8796-8623-4e5c-9bb3-ffdbdaf09867/lock
2026-08-31T19:10:18.019+06:30 DEBUG 8652 --- [nio-8090-exec-7] o.s.security.web.FilterChainProxy        : Securing POST /api/generations/d8ed8796-8623-4e5c-9bb3-ffdbdaf09867/lock/heartbeat
2026-08-31T19:10:18.019+06:30 DEBUG 8652 --- [nio-8090-exec-7] o.s.security.web.FilterChainProxy        : Secured POST /api/generations/d8ed8796-8623-4e5c-9bb3-ffdbdaf09867/lock/heartbeat
2026-08-31T19:10:21.572+06:30 DEBUG 8652 --- [io-8090-exec-10] o.s.security.web.FilterChainProxy        : Securing GET /api/generations/d8ed8796-8623-4e5c-9bb3-ffdbdaf09867/lock
2026-08-31T19:10:21.572+06:30 DEBUG 8652 --- [io-8090-exec-10] o.s.security.web.FilterChainProxy        : Secured GET /api/generations/d8ed8796-8623-4e5c-9bb3-ffdbdaf09867/lock
2026-08-31T19:10:22.119+06:30 DEBUG 8652 --- [nio-8090-exec-4] o.s.security.web.FilterChainProxy        : Securing POST /api/generations/d8ed8796-8623-4e5c-9bb3-ffdbdaf09867/lock/heartbeat
2026-08-31T19:10:22.121+06:30 DEBUG 8652 --- [nio-8090-exec-4] o.s.security.web.FilterChainProxy        : Secured POST /api/generations/d8ed8796-8623-4e5c-9bb3-ffdbdaf09867/lock/heartbeat
2026-08-31T19:10:25.583+06:30 DEBUG 8652 --- [nio-8090-exec-1] o.s.security.web.FilterChainProxy        : Securing GET /api/generations/d8ed8796-8623-4e5c-9bb3-ffdbdaf09867/lock
2026-08-31T19:10:25.594+06:30 DEBUG 8652 --- [nio-8090-exec-1] o.s.security.web.FilterChainProxy        : Secured GET /api/generations/d8ed8796-8623-4e5c-9bb3-ffdbdaf09867/lock
2026-08-31T19:10:26.032+06:30 DEBUG 8652 --- [nio-8090-exec-6] o.s.security.web.FilterChainProxy        : Securing POST /api/generations/d8ed8796-8623-4e5c-9bb3-ffdbdaf09867/lock/heartbeat
2026-08-31T19:10:26.037+06:30 DEBUG 8652 --- [nio-8090-exec-6] o.s.security.web.FilterChainProxy        : Secured POST /api/generations/d8ed8796-8623-4e5c-9bb3-ffdbdaf09867/lock/heartbeat
2026-08-31T19:11:12.620+06:30 DEBUG 8652 --- [io-8090-exec-10] o.s.security.web.FilterChainProxy        : Securing GET /api/generations/d8ed8796-8623-4e5c-9bb3-ffdbdaf09867/lock
2026-08-31T19:11:12.622+06:30 DEBUG 8652 --- [io-8090-exec-10] o.s.security.web.FilterChainProxy        : Secured GET /api/generations/d8ed8796-8623-4e5c-9bb3-ffdbdaf09867/lock
2026-08-31T19:11:12.715+06:30 DEBUG 8652 --- [nio-8090-exec-4] o.s.security.web.FilterChainProxy        : Securing GET /api/users
2026-08-31T19:11:12.720+06:30 DEBUG 8652 --- [nio-8090-exec-4] o.s.security.web.FilterChainProxy        : Secured GET /api/users
2026-08-31T19:11:12.720+06:30 DEBUG 8652 --- [nio-8090-exec-6] o.s.security.web.FilterChainProxy        : Securing GET /api/staff
2026-08-31T19:11:12.720+06:30 DEBUG 8652 --- [nio-8090-exec-1] o.s.security.web.FilterChainProxy        : Securing GET /api/students
2026-08-31T19:11:12.720+06:30 DEBUG 8652 --- [nio-8090-exec-6] o.s.security.web.FilterChainProxy        : Secured GET /api/staff
2026-08-31T19:11:12.720+06:30 DEBUG 8652 --- [nio-8090-exec-1] o.s.security.web.FilterChainProxy        : Secured GET /api/students
2026-08-31T19:11:13.497+06:30 DEBUG 8652 --- [nio-8090-exec-2] o.s.security.web.FilterChainProxy        : Securing POST /api/generations/d8ed8796-8623-4e5c-9bb3-ffdbdaf09867/lock
2026-08-31T19:11:13.505+06:30 DEBUG 8652 --- [nio-8090-exec-2] o.s.security.web.FilterChainProxy        : Secured POST /api/generations/d8ed8796-8623-4e5c-9bb3-ffdbdaf09867/lock
2026-08-31T19:11:26.528+06:30 DEBUG 8652 --- [nio-8090-exec-9] o.s.security.web.FilterChainProxy        : Securing POST /api/auth/login
2026-08-31T19:11:26.544+06:30 DEBUG 8652 --- [nio-8090-exec-9] o.s.s.w.a.AnonymousAuthenticationFilter  : Set SecurityContextHolder to anonymous SecurityContext
2026-08-31T19:11:26.544+06:30 DEBUG 8652 --- [nio-8090-exec-9] o.s.security.web.FilterChainProxy        : Secured POST /api/auth/login
2026-08-31T19:11:28.460+06:30 DEBUG 8652 --- [nio-8090-exec-8] o.s.security.web.FilterChainProxy        : Securing GET /api/generations?termId=efc68a91-5818-41aa-b4fb-893e240ea0ed
2026-08-31T19:11:28.460+06:30 DEBUG 8652 --- [nio-8090-exec-8] o.s.s.w.a.AnonymousAuthenticationFilter  : Set SecurityContextHolder to anonymous SecurityContext
2026-08-31T19:11:30.537+06:30 DEBUG 8652 --- [nio-8090-exec-3] o.s.security.web.FilterChainProxy        : Securing POST /api/generations
2026-08-31T19:11:30.537+06:30 DEBUG 8652 --- [nio-8090-exec-3] o.s.s.w.a.AnonymousAuthenticationFilter  : Set SecurityContextHolder to anonymous SecurityContext
2026-08-31T19:11:30.737+06:30 DEBUG 8652 --- [nio-8090-exec-5] s.s.w.f.HttpStatusRequestRejectedHandler : Rejecting request due to: The request was rejected because the URL contained a potentially malicious String "//"

org.springframework.security.web.firewall.RequestRejectedException: The request was rejected because the URL contained a potentially malicious String "//"
	at org.springframework.security.web.firewall.StrictHttpFirewall.rejectedBlocklistedUrls(StrictHttpFirewall.java:539) ~[spring-security-web-6.2.4.jar!/:6.2.4]
	at org.springframework.security.web.firewall.StrictHttpFirewall.getFirewalledRequest(StrictHttpFirewall.java:509) ~[spring-security-web-6.2.4.jar!/:6.2.4]
	at org.springframework.security.web.FilterChainProxy.doFilterInternal(FilterChainProxy.java:211) ~[spring-security-web-6.2.4.jar!/:6.2.4]
	at org.springframework.security.web.FilterChainProxy.doFilter(FilterChainProxy.java:191) ~[spring-security-web-6.2.4.jar!/:6.2.4]
	at org.springframework.web.filter.CompositeFilter$VirtualFilterChain.doFilter(CompositeFilter.java:113) ~[spring-web-6.1.6.jar!/:6.1.6]
	at org.springframework.web.servlet.handler.HandlerMappingIntrospector.lambda$createCacheFilter$3(HandlerMappingIntrospector.java:195) ~[spring-webmvc-6.1.6.jar!/:6.1.6]
	at org.springframework.web.filter.CompositeFilter$VirtualFilterChain.doFilter(CompositeFilter.java:113) ~[spring-web-6.1.6.jar!/:6.1.6]
	at org.springframework.web.filter.CompositeFilter.doFilter(CompositeFilter.java:74) ~[spring-web-6.1.6.jar!/:6.1.6]
	at org.springframework.security.config.annotation.web.configuration.WebMvcSecurityConfiguration$CompositeFilterChainProxy.doFilter(WebMvcSecurityConfiguration.java:230) ~[spring-security-config-6.2.4.jar!/:6.2.4]
	at org.springframework.web.filter.DelegatingFilterProxy.invokeDelegate(DelegatingFilterProxy.java:352) ~[spring-web-6.1.6.jar!/:6.1.6]
	at org.springframework.web.filter.DelegatingFilterProxy.doFilter(DelegatingFilterProxy.java:268) ~[spring-web-6.1.6.jar!/:6.1.6]
	at org.apache.catalina.core.ApplicationFilterChain.internalDoFilter(ApplicationFilterChain.java:175) ~[tomcat-embed-core-10.1.20.jar!/:na]
	at org.apache.catalina.core.ApplicationFilterChain.doFilter(ApplicationFilterChain.java:150) ~[tomcat-embed-core-10.1.20.jar!/:na]
	at org.springframework.web.filter.RequestContextFilter.doFilterInternal(RequestContextFilter.java:100) ~[spring-web-6.1.6.jar!/:6.1.6]
	at org.springframework.web.filter.OncePerRequestFilter.doFilter(OncePerRequestFilter.java:116) ~[spring-web-6.1.6.jar!/:6.1.6]
	at org.apache.catalina.core.ApplicationFilterChain.internalDoFilter(ApplicationFilterChain.java:175) ~[tomcat-embed-core-10.1.20.jar!/:na]
	at org.apache.catalina.core.ApplicationFilterChain.doFilter(ApplicationFilterChain.java:150) ~[tomcat-embed-core-10.1.20.jar!/:na]
	at org.springframework.web.filter.FormContentFilter.doFilterInternal(FormContentFilter.java:93) ~[spring-web-6.1.6.jar!/:6.1.6]
	at org.springframework.web.filter.OncePerRequestFilter.doFilter(OncePerRequestFilter.java:116) ~[spring-web-6.1.6.jar!/:6.1.6]
	at org.apache.catalina.core.ApplicationFilterChain.internalDoFilter(ApplicationFilterChain.java:175) ~[tomcat-embed-core-10.1.20.jar!/:na]
	at org.apache.catalina.core.ApplicationFilterChain.doFilter(ApplicationFilterChain.java:150) ~[tomcat-embed-core-10.1.20.jar!/:na]
	at org.springframework.web.filter.CharacterEncodingFilter.doFilterInternal(CharacterEncodingFilter.java:201) ~[spring-web-6.1.6.jar!/:6.1.6]
	at org.springframework.web.filter.OncePerRequestFilter.doFilter(OncePerRequestFilter.java:116) ~[spring-web-6.1.6.jar!/:6.1.6]
	at org.apache.catalina.core.ApplicationFilterChain.internalDoFilter(ApplicationFilterChain.java:175) ~[tomcat-embed-core-10.1.20.jar!/:na]
	at org.apache.catalina.core.ApplicationFilterChain.doFilter(ApplicationFilterChain.java:150) ~[tomcat-embed-core-10.1.20.jar!/:na]
	at org.apache.catalina.core.StandardWrapperValve.invoke(StandardWrapperValve.java:167) ~[tomcat-embed-core-10.1.20.jar!/:na]
	at org.apache.catalina.core.StandardContextValve.invoke(StandardContextValve.java:90) ~[tomcat-embed-core-10.1.20.jar!/:na]
	at org.apache.catalina.authenticator.AuthenticatorBase.invoke(AuthenticatorBase.java:482) ~[tomcat-embed-core-10.1.20.jar!/:na]
	at org.apache.catalina.core.StandardHostValve.invoke(StandardHostValve.java:115) ~[tomcat-embed-core-10.1.20.jar!/:na]
	at org.apache.catalina.valves.ErrorReportValve.invoke(ErrorReportValve.java:93) ~[tomcat-embed-core-10.1.20.jar!/:na]
	at org.apache.catalina.core.StandardEngineValve.invoke(StandardEngineValve.java:74) ~[tomcat-embed-core-10.1.20.jar!/:na]
	at org.apache.catalina.connector.CoyoteAdapter.service(CoyoteAdapter.java:344) ~[tomcat-embed-core-10.1.20.jar!/:na]
	at org.apache.coyote.http11.Http11Processor.service(Http11Processor.java:391) ~[tomcat-embed-core-10.1.20.jar!/:na]
	at org.apache.coyote.AbstractProcessorLight.process(AbstractProcessorLight.java:63) ~[tomcat-embed-core-10.1.20.jar!/:na]
	at org.apache.coyote.AbstractProtocol$ConnectionHandler.process(AbstractProtocol.java:896) ~[tomcat-embed-core-10.1.20.jar!/:na]
	at org.apache.tomcat.util.net.NioEndpoint$SocketProcessor.doRun(NioEndpoint.java:1736) ~[tomcat-embed-core-10.1.20.jar!/:na]
	at org.apache.tomcat.util.net.SocketProcessorBase.run(SocketProcessorBase.java:52) ~[tomcat-embed-core-10.1.20.jar!/:na]
	at org.apache.tomcat.util.threads.ThreadPoolExecutor.runWorker(ThreadPoolExecutor.java:1191) ~[tomcat-embed-core-10.1.20.jar!/:na]
	at org.apache.tomcat.util.threads.ThreadPoolExecutor$Worker.run(ThreadPoolExecutor.java:659) ~[tomcat-embed-core-10.1.20.jar!/:na]
	at org.apache.tomcat.util.threads.TaskThread$WrappingRunnable.run(TaskThread.java:63) ~[tomcat-embed-core-10.1.20.jar!/:na]
	at java.base/java.lang.Thread.run(Thread.java:1583) ~[na:na]

2026-08-31T19:11:30.906+06:30 DEBUG 8652 --- [nio-8090-exec-5] o.s.security.web.FilterChainProxy        : Securing POST /error
2026-08-31T19:11:30.906+06:30 DEBUG 8652 --- [nio-8090-exec-5] o.s.s.w.a.AnonymousAuthenticationFilter  : Set SecurityContextHolder to anonymous SecurityContext
2026-08-31T19:11:50.935+06:30 DEBUG 8652 --- [nio-8090-exec-7] o.s.security.web.FilterChainProxy        : Securing POST /api/generations
2026-08-31T19:11:50.942+06:30 DEBUG 8652 --- [nio-8090-exec-7] o.s.s.w.a.AnonymousAuthenticationFilter  : Set SecurityContextHolder to anonymous SecurityContext
2026-08-31T19:11:50.974+06:30 DEBUG 8652 --- [io-8090-exec-10] s.s.w.f.HttpStatusRequestRejectedHandler : Rejecting request due to: The request was rejected because the URL contained a potentially malicious String "//"

org.springframework.security.web.firewall.RequestRejectedException: The request was rejected because the URL contained a potentially malicious String "//"
	at org.springframework.security.web.firewall.StrictHttpFirewall.rejectedBlocklistedUrls(StrictHttpFirewall.java:539) ~[spring-security-web-6.2.4.jar!/:6.2.4]
	at org.springframework.security.web.firewall.StrictHttpFirewall.getFirewalledRequest(StrictHttpFirewall.java:509) ~[spring-security-web-6.2.4.jar!/:6.2.4]
	at org.springframework.security.web.FilterChainProxy.doFilterInternal(FilterChainProxy.java:211) ~[spring-security-web-6.2.4.jar!/:6.2.4]
	at org.springframework.security.web.FilterChainProxy.doFilter(FilterChainProxy.java:191) ~[spring-security-web-6.2.4.jar!/:6.2.4]
	at org.springframework.web.filter.CompositeFilter$VirtualFilterChain.doFilter(CompositeFilter.java:113) ~[spring-web-6.1.6.jar!/:6.1.6]
	at org.springframework.web.servlet.handler.HandlerMappingIntrospector.lambda$createCacheFilter$3(HandlerMappingIntrospector.java:195) ~[spring-webmvc-6.1.6.jar!/:6.1.6]
	at org.springframework.web.filter.CompositeFilter$VirtualFilterChain.doFilter(CompositeFilter.java:113) ~[spring-web-6.1.6.jar!/:6.1.6]
	at org.springframework.web.filter.CompositeFilter.doFilter(CompositeFilter.java:74) ~[spring-web-6.1.6.jar!/:6.1.6]
	at org.springframework.security.config.annotation.web.configuration.WebMvcSecurityConfiguration$CompositeFilterChainProxy.doFilter(WebMvcSecurityConfiguration.java:230) ~[spring-security-config-6.2.4.jar!/:6.2.4]
	at org.springframework.web.filter.DelegatingFilterProxy.invokeDelegate(DelegatingFilterProxy.java:352) ~[spring-web-6.1.6.jar!/:6.1.6]
	at org.springframework.web.filter.DelegatingFilterProxy.doFilter(DelegatingFilterProxy.java:268) ~[spring-web-6.1.6.jar!/:6.1.6]
	at org.apache.catalina.core.ApplicationFilterChain.internalDoFilter(ApplicationFilterChain.java:175) ~[tomcat-embed-core-10.1.20.jar!/:na]
	at org.apache.catalina.core.ApplicationFilterChain.doFilter(ApplicationFilterChain.java:150) ~[tomcat-embed-core-10.1.20.jar!/:na]
	at org.springframework.web.filter.RequestContextFilter.doFilterInternal(RequestContextFilter.java:100) ~[spring-web-6.1.6.jar!/:6.1.6]
	at org.springframework.web.filter.OncePerRequestFilter.doFilter(OncePerRequestFilter.java:116) ~[spring-web-6.1.6.jar!/:6.1.6]
	at org.apache.catalina.core.ApplicationFilterChain.internalDoFilter(ApplicationFilterChain.java:175) ~[tomcat-embed-core-10.1.20.jar!/:na]
	at org.apache.catalina.core.ApplicationFilterChain.doFilter(ApplicationFilterChain.java:150) ~[tomcat-embed-core-10.1.20.jar!/:na]
	at org.springframework.web.filter.FormContentFilter.doFilterInternal(FormContentFilter.java:93) ~[spring-web-6.1.6.jar!/:6.1.6]
	at org.springframework.web.filter.OncePerRequestFilter.doFilter(OncePerRequestFilter.java:116) ~[spring-web-6.1.6.jar!/:6.1.6]
	at org.apache.catalina.core.ApplicationFilterChain.internalDoFilter(ApplicationFilterChain.java:175) ~[tomcat-embed-core-10.1.20.jar!/:na]
	at org.apache.catalina.core.ApplicationFilterChain.doFilter(ApplicationFilterChain.java:150) ~[tomcat-embed-core-10.1.20.jar!/:na]
	at org.springframework.web.filter.CharacterEncodingFilter.doFilterInternal(CharacterEncodingFilter.java:201) ~[spring-web-6.1.6.jar!/:6.1.6]
	at org.springframework.web.filter.OncePerRequestFilter.doFilter(OncePerRequestFilter.java:116) ~[spring-web-6.1.6.jar!/:6.1.6]
	at org.apache.catalina.core.ApplicationFilterChain.internalDoFilter(ApplicationFilterChain.java:175) ~[tomcat-embed-core-10.1.20.jar!/:na]
	at org.apache.catalina.core.ApplicationFilterChain.doFilter(ApplicationFilterChain.java:150) ~[tomcat-embed-core-10.1.20.jar!/:na]
	at org.apache.catalina.core.StandardWrapperValve.invoke(StandardWrapperValve.java:167) ~[tomcat-embed-core-10.1.20.jar!/:na]
	at org.apache.catalina.core.StandardContextValve.invoke(StandardContextValve.java:90) ~[tomcat-embed-core-10.1.20.jar!/:na]
	at org.apache.catalina.authenticator.AuthenticatorBase.invoke(AuthenticatorBase.java:482) ~[tomcat-embed-core-10.1.20.jar!/:na]
	at org.apache.catalina.core.StandardHostValve.invoke(StandardHostValve.java:115) ~[tomcat-embed-core-10.1.20.jar!/:na]
	at org.apache.catalina.valves.ErrorReportValve.invoke(ErrorReportValve.java:93) ~[tomcat-embed-core-10.1.20.jar!/:na]
	at org.apache.catalina.core.StandardEngineValve.invoke(StandardEngineValve.java:74) ~[tomcat-embed-core-10.1.20.jar!/:na]
	at org.apache.catalina.connector.CoyoteAdapter.service(CoyoteAdapter.java:344) ~[tomcat-embed-core-10.1.20.jar!/:na]
	at org.apache.coyote.http11.Http11Processor.service(Http11Processor.java:391) ~[tomcat-embed-core-10.1.20.jar!/:na]
	at org.apache.coyote.AbstractProcessorLight.process(AbstractProcessorLight.java:63) ~[tomcat-embed-core-10.1.20.jar!/:na]
	at org.apache.coyote.AbstractProtocol$ConnectionHandler.process(AbstractProtocol.java:896) ~[tomcat-embed-core-10.1.20.jar!/:na]
	at org.apache.tomcat.util.net.NioEndpoint$SocketProcessor.doRun(NioEndpoint.java:1736) ~[tomcat-embed-core-10.1.20.jar!/:na]
	at org.apache.tomcat.util.net.SocketProcessorBase.run(SocketProcessorBase.java:52) ~[tomcat-embed-core-10.1.20.jar!/:na]
	at org.apache.tomcat.util.threads.ThreadPoolExecutor.runWorker(ThreadPoolExecutor.java:1191) ~[tomcat-embed-core-10.1.20.jar!/:na]
	at org.apache.tomcat.util.threads.ThreadPoolExecutor$Worker.run(ThreadPoolExecutor.java:659) ~[tomcat-embed-core-10.1.20.jar!/:na]
	at org.apache.tomcat.util.threads.TaskThread$WrappingRunnable.run(TaskThread.java:63) ~[tomcat-embed-core-10.1.20.jar!/:na]
	at java.base/java.lang.Thread.run(Thread.java:1583) ~[na:na]

2026-08-31T19:11:50.982+06:30 DEBUG 8652 --- [io-8090-exec-10] o.s.security.web.FilterChainProxy        : Securing POST /error
2026-08-31T19:11:50.982+06:30 DEBUG 8652 --- [io-8090-exec-10] o.s.s.w.a.AnonymousAuthenticationFilter  : Set SecurityContextHolder to anonymous SecurityContext
2026-08-31T19:12:12.576+06:30 DEBUG 8652 --- [nio-8090-exec-6] o.s.security.web.FilterChainProxy        : Securing GET /api/generations/d8ed8796-8623-4e5c-9bb3-ffdbdaf09867/lock
2026-08-31T19:12:12.584+06:30 DEBUG 8652 --- [nio-8090-exec-6] o.s.security.web.FilterChainProxy        : Secured GET /api/generations/d8ed8796-8623-4e5c-9bb3-ffdbdaf09867/lock
2026-08-31T19:12:12.863+06:30 DEBUG 8652 --- [nio-8090-exec-4] o.s.security.web.FilterChainProxy        : Securing POST /api/generations/d8ed8796-8623-4e5c-9bb3-ffdbdaf09867/lock
2026-08-31T19:12:12.863+06:30 DEBUG 8652 --- [nio-8090-exec-4] o.s.security.web.FilterChainProxy        : Secured POST /api/generations/d8ed8796-8623-4e5c-9bb3-ffdbdaf09867/lock
2026-08-31T19:12:32.637+06:30 DEBUG 8652 --- [nio-8090-exec-8] o.s.security.web.FilterChainProxy        : Securing POST /api/auth/login
2026-08-31T19:12:32.637+06:30 DEBUG 8652 --- [nio-8090-exec-8] o.s.s.w.a.AnonymousAuthenticationFilter  : Set SecurityContextHolder to anonymous SecurityContext
2026-08-31T19:12:32.637+06:30 DEBUG 8652 --- [nio-8090-exec-8] o.s.security.web.FilterChainProxy        : Secured POST /api/auth/login
2026-08-31T19:12:33.810+06:30 DEBUG 8652 --- [nio-8090-exec-3] o.s.security.web.FilterChainProxy        : Securing GET /api/auth/session
2026-08-31T19:12:33.810+06:30 DEBUG 8652 --- [nio-8090-exec-3] o.s.s.w.a.AnonymousAuthenticationFilter  : Set SecurityContextHolder to anonymous SecurityContext
2026-08-31T19:12:34.039+06:30 DEBUG 8652 --- [nio-8090-exec-5] o.s.security.web.FilterChainProxy        : Securing GET /api/generations?termId=efc68a91-5818-41aa-b4fb-893e240ea0ed
2026-08-31T19:12:34.039+06:30 DEBUG 8652 --- [nio-8090-exec-5] o.s.s.w.a.AnonymousAuthenticationFilter  : Set SecurityContextHolder to anonymous SecurityContext
2026-08-31T19:12:36.067+06:30 DEBUG 8652 --- [nio-8090-exec-7] o.s.security.web.FilterChainProxy        : Securing POST /api/generations
2026-08-31T19:12:36.067+06:30 DEBUG 8652 --- [nio-8090-exec-7] o.s.s.w.a.AnonymousAuthenticationFilter  : Set SecurityContextHolder to anonymous SecurityContext
2026-08-31T19:12:36.249+06:30 DEBUG 8652 --- [io-8090-exec-10] s.s.w.f.HttpStatusRequestRejectedHandler : Rejecting request due to: The request was rejected because the URL contained a potentially malicious String "//"

org.springframework.security.web.firewall.RequestRejectedException: The request was rejected because the URL contained a potentially malicious String "//"
	at org.springframework.security.web.firewall.StrictHttpFirewall.rejectedBlocklistedUrls(StrictHttpFirewall.java:539) ~[spring-security-web-6.2.4.jar!/:6.2.4]
	at org.springframework.security.web.firewall.StrictHttpFirewall.getFirewalledRequest(StrictHttpFirewall.java:509) ~[spring-security-web-6.2.4.jar!/:6.2.4]
	at org.springframework.security.web.FilterChainProxy.doFilterInternal(FilterChainProxy.java:211) ~[spring-security-web-6.2.4.jar!/:6.2.4]
	at org.springframework.security.web.FilterChainProxy.doFilter(FilterChainProxy.java:191) ~[spring-security-web-6.2.4.jar!/:6.2.4]
	at org.springframework.web.filter.CompositeFilter$VirtualFilterChain.doFilter(CompositeFilter.java:113) ~[spring-web-6.1.6.jar!/:6.1.6]
	at org.springframework.web.servlet.handler.HandlerMappingIntrospector.lambda$createCacheFilter$3(HandlerMappingIntrospector.java:195) ~[spring-webmvc-6.1.6.jar!/:6.1.6]
	at org.springframework.web.filter.CompositeFilter$VirtualFilterChain.doFilter(CompositeFilter.java:113) ~[spring-web-6.1.6.jar!/:6.1.6]
	at org.springframework.web.filter.CompositeFilter.doFilter(CompositeFilter.java:74) ~[spring-web-6.1.6.jar!/:6.1.6]
	at org.springframework.security.config.annotation.web.configuration.WebMvcSecurityConfiguration$CompositeFilterChainProxy.doFilter(WebMvcSecurityConfiguration.java:230) ~[spring-security-config-6.2.4.jar!/:6.2.4]
	at org.springframework.web.filter.DelegatingFilterProxy.invokeDelegate(DelegatingFilterProxy.java:352) ~[spring-web-6.1.6.jar!/:6.1.6]
	at org.springframework.web.filter.DelegatingFilterProxy.doFilter(DelegatingFilterProxy.java:268) ~[spring-web-6.1.6.jar!/:6.1.6]
	at org.apache.catalina.core.ApplicationFilterChain.internalDoFilter(ApplicationFilterChain.java:175) ~[tomcat-embed-core-10.1.20.jar!/:na]
	at org.apache.catalina.core.ApplicationFilterChain.doFilter(ApplicationFilterChain.java:150) ~[tomcat-embed-core-10.1.20.jar!/:na]
	at org.springframework.web.filter.RequestContextFilter.doFilterInternal(RequestContextFilter.java:100) ~[spring-web-6.1.6.jar!/:6.1.6]
	at org.springframework.web.filter.OncePerRequestFilter.doFilter(OncePerRequestFilter.java:116) ~[spring-web-6.1.6.jar!/:6.1.6]
	at org.apache.catalina.core.ApplicationFilterChain.internalDoFilter(ApplicationFilterChain.java:175) ~[tomcat-embed-core-10.1.20.jar!/:na]
	at org.apache.catalina.core.ApplicationFilterChain.doFilter(ApplicationFilterChain.java:150) ~[tomcat-embed-core-10.1.20.jar!/:na]
	at org.springframework.web.filter.FormContentFilter.doFilterInternal(FormContentFilter.java:93) ~[spring-web-6.1.6.jar!/:6.1.6]
	at org.springframework.web.filter.OncePerRequestFilter.doFilter(OncePerRequestFilter.java:116) ~[spring-web-6.1.6.jar!/:6.1.6]
	at org.apache.catalina.core.ApplicationFilterChain.internalDoFilter(ApplicationFilterChain.java:175) ~[tomcat-embed-core-10.1.20.jar!/:na]
	at org.apache.catalina.core.ApplicationFilterChain.doFilter(ApplicationFilterChain.java:150) ~[tomcat-embed-core-10.1.20.jar!/:na]
	at org.springframework.web.filter.CharacterEncodingFilter.doFilterInternal(CharacterEncodingFilter.java:201) ~[spring-web-6.1.6.jar!/:6.1.6]
	at org.springframework.web.filter.OncePerRequestFilter.doFilter(OncePerRequestFilter.java:116) ~[spring-web-6.1.6.jar!/:6.1.6]
	at org.apache.catalina.core.ApplicationFilterChain.internalDoFilter(ApplicationFilterChain.java:175) ~[tomcat-embed-core-10.1.20.jar!/:na]
	at org.apache.catalina.core.ApplicationFilterChain.doFilter(ApplicationFilterChain.java:150) ~[tomcat-embed-core-10.1.20.jar!/:na]
	at org.apache.catalina.core.StandardWrapperValve.invoke(StandardWrapperValve.java:167) ~[tomcat-embed-core-10.1.20.jar!/:na]
	at org.apache.catalina.core.StandardContextValve.invoke(StandardContextValve.java:90) ~[tomcat-embed-core-10.1.20.jar!/:na]
	at org.apache.catalina.authenticator.AuthenticatorBase.invoke(AuthenticatorBase.java:482) ~[tomcat-embed-core-10.1.20.jar!/:na]
	at org.apache.catalina.core.StandardHostValve.invoke(StandardHostValve.java:115) ~[tomcat-embed-core-10.1.20.jar!/:na]
	at org.apache.catalina.valves.ErrorReportValve.invoke(ErrorReportValve.java:93) ~[tomcat-embed-core-10.1.20.jar!/:na]
	at org.apache.catalina.core.StandardEngineValve.invoke(StandardEngineValve.java:74) ~[tomcat-embed-core-10.1.20.jar!/:na]
	at org.apache.catalina.connector.CoyoteAdapter.service(CoyoteAdapter.java:344) ~[tomcat-embed-core-10.1.20.jar!/:na]
	at org.apache.coyote.http11.Http11Processor.service(Http11Processor.java:391) ~[tomcat-embed-core-10.1.20.jar!/:na]
	at org.apache.coyote.AbstractProcessorLight.process(AbstractProcessorLight.java:63) ~[tomcat-embed-core-10.1.20.jar!/:na]
	at org.apache.coyote.AbstractProtocol$ConnectionHandler.process(AbstractProtocol.java:896) ~[tomcat-embed-core-10.1.20.jar!/:na]
	at org.apache.tomcat.util.net.NioEndpoint$SocketProcessor.doRun(NioEndpoint.java:1736) ~[tomcat-embed-core-10.1.20.jar!/:na]
	at org.apache.tomcat.util.net.SocketProcessorBase.run(SocketProcessorBase.java:52) ~[tomcat-embed-core-10.1.20.jar!/:na]
	at org.apache.tomcat.util.threads.ThreadPoolExecutor.runWorker(ThreadPoolExecutor.java:1191) ~[tomcat-embed-core-10.1.20.jar!/:na]
	at org.apache.tomcat.util.threads.ThreadPoolExecutor$Worker.run(ThreadPoolExecutor.java:659) ~[tomcat-embed-core-10.1.20.jar!/:na]
	at org.apache.tomcat.util.threads.TaskThread$WrappingRunnable.run(TaskThread.java:63) ~[tomcat-embed-core-10.1.20.jar!/:na]
	at java.base/java.lang.Thread.run(Thread.java:1583) ~[na:na]

2026-08-31T19:12:36.252+06:30 DEBUG 8652 --- [io-8090-exec-10] o.s.security.web.FilterChainProxy        : Securing POST /error
2026-08-31T19:12:36.255+06:30 DEBUG 8652 --- [io-8090-exec-10] o.s.s.w.a.AnonymousAuthenticationFilter  : Set SecurityContextHolder to anonymous SecurityContext
2026-08-31T19:12:56.260+06:30 DEBUG 8652 --- [nio-8090-exec-6] o.s.security.web.FilterChainProxy        : Securing POST /api/generations
2026-08-31T19:12:56.260+06:30 DEBUG 8652 --- [nio-8090-exec-6] o.s.s.w.a.AnonymousAuthenticationFilter  : Set SecurityContextHolder to anonymous SecurityContext
2026-08-31T19:12:56.295+06:30 DEBUG 8652 --- [nio-8090-exec-2] s.s.w.f.HttpStatusRequestRejectedHandler : Rejecting request due to: The request was rejected because the URL contained a potentially malicious String "//"

org.springframework.security.web.firewall.RequestRejectedException: The request was rejected because the URL contained a potentially malicious String "//"
	at org.springframework.security.web.firewall.StrictHttpFirewall.rejectedBlocklistedUrls(StrictHttpFirewall.java:539) ~[spring-security-web-6.2.4.jar!/:6.2.4]
	at org.springframework.security.web.firewall.StrictHttpFirewall.getFirewalledRequest(StrictHttpFirewall.java:509) ~[spring-security-web-6.2.4.jar!/:6.2.4]
	at org.springframework.security.web.FilterChainProxy.doFilterInternal(FilterChainProxy.java:211) ~[spring-security-web-6.2.4.jar!/:6.2.4]
	at org.springframework.security.web.FilterChainProxy.doFilter(FilterChainProxy.java:191) ~[spring-security-web-6.2.4.jar!/:6.2.4]
	at org.springframework.web.filter.CompositeFilter$VirtualFilterChain.doFilter(CompositeFilter.java:113) ~[spring-web-6.1.6.jar!/:6.1.6]
	at org.springframework.web.servlet.handler.HandlerMappingIntrospector.lambda$createCacheFilter$3(HandlerMappingIntrospector.java:195) ~[spring-webmvc-6.1.6.jar!/:6.1.6]
	at org.springframework.web.filter.CompositeFilter$VirtualFilterChain.doFilter(CompositeFilter.java:113) ~[spring-web-6.1.6.jar!/:6.1.6]
	at org.springframework.web.filter.CompositeFilter.doFilter(CompositeFilter.java:74) ~[spring-web-6.1.6.jar!/:6.1.6]
	at org.springframework.security.config.annotation.web.configuration.WebMvcSecurityConfiguration$CompositeFilterChainProxy.doFilter(WebMvcSecurityConfiguration.java:230) ~[spring-security-config-6.2.4.jar!/:6.2.4]
	at org.springframework.web.filter.DelegatingFilterProxy.invokeDelegate(DelegatingFilterProxy.java:352) ~[spring-web-6.1.6.jar!/:6.1.6]
	at org.springframework.web.filter.DelegatingFilterProxy.doFilter(DelegatingFilterProxy.java:268) ~[spring-web-6.1.6.jar!/:6.1.6]
	at org.apache.catalina.core.ApplicationFilterChain.internalDoFilter(ApplicationFilterChain.java:175) ~[tomcat-embed-core-10.1.20.jar!/:na]
	at org.apache.catalina.core.ApplicationFilterChain.doFilter(ApplicationFilterChain.java:150) ~[tomcat-embed-core-10.1.20.jar!/:na]
	at org.springframework.web.filter.RequestContextFilter.doFilterInternal(RequestContextFilter.java:100) ~[spring-web-6.1.6.jar!/:6.1.6]
	at org.springframework.web.filter.OncePerRequestFilter.doFilter(OncePerRequestFilter.java:116) ~[spring-web-6.1.6.jar!/:6.1.6]
	at org.apache.catalina.core.ApplicationFilterChain.internalDoFilter(ApplicationFilterChain.java:175) ~[tomcat-embed-core-10.1.20.jar!/:na]
	at org.apache.catalina.core.ApplicationFilterChain.doFilter(ApplicationFilterChain.java:150) ~[tomcat-embed-core-10.1.20.jar!/:na]
	at org.springframework.web.filter.FormContentFilter.doFilterInternal(FormContentFilter.java:93) ~[spring-web-6.1.6.jar!/:6.1.6]
	at org.springframework.web.filter.OncePerRequestFilter.doFilter(OncePerRequestFilter.java:116) ~[spring-web-6.1.6.jar!/:6.1.6]
	at org.apache.catalina.core.ApplicationFilterChain.internalDoFilter(ApplicationFilterChain.java:175) ~[tomcat-embed-core-10.1.20.jar!/:na]
	at org.apache.catalina.core.ApplicationFilterChain.doFilter(ApplicationFilterChain.java:150) ~[tomcat-embed-core-10.1.20.jar!/:na]
	at org.springframework.web.filter.CharacterEncodingFilter.doFilterInternal(CharacterEncodingFilter.java:201) ~[spring-web-6.1.6.jar!/:6.1.6]
	at org.springframework.web.filter.OncePerRequestFilter.doFilter(OncePerRequestFilter.java:116) ~[spring-web-6.1.6.jar!/:6.1.6]
	at org.apache.catalina.core.ApplicationFilterChain.internalDoFilter(ApplicationFilterChain.java:175) ~[tomcat-embed-core-10.1.20.jar!/:na]
	at org.apache.catalina.core.ApplicationFilterChain.doFilter(ApplicationFilterChain.java:150) ~[tomcat-embed-core-10.1.20.jar!/:na]
	at org.apache.catalina.core.StandardWrapperValve.invoke(StandardWrapperValve.java:167) ~[tomcat-embed-core-10.1.20.jar!/:na]
	at org.apache.catalina.core.StandardContextValve.invoke(StandardContextValve.java:90) ~[tomcat-embed-core-10.1.20.jar!/:na]
	at org.apache.catalina.authenticator.AuthenticatorBase.invoke(AuthenticatorBase.java:482) ~[tomcat-embed-core-10.1.20.jar!/:na]
	at org.apache.catalina.core.StandardHostValve.invoke(StandardHostValve.java:115) ~[tomcat-embed-core-10.1.20.jar!/:na]
	at org.apache.catalina.valves.ErrorReportValve.invoke(ErrorReportValve.java:93) ~[tomcat-embed-core-10.1.20.jar!/:na]
	at org.apache.catalina.core.StandardEngineValve.invoke(StandardEngineValve.java:74) ~[tomcat-embed-core-10.1.20.jar!/:na]
	at org.apache.catalina.connector.CoyoteAdapter.service(CoyoteAdapter.java:344) ~[tomcat-embed-core-10.1.20.jar!/:na]
	at org.apache.coyote.http11.Http11Processor.service(Http11Processor.java:391) ~[tomcat-embed-core-10.1.20.jar!/:na]
	at org.apache.coyote.AbstractProcessorLight.process(AbstractProcessorLight.java:63) ~[tomcat-embed-core-10.1.20.jar!/:na]
	at org.apache.coyote.AbstractProtocol$ConnectionHandler.process(AbstractProtocol.java:896) ~[tomcat-embed-core-10.1.20.jar!/:na]
	at org.apache.tomcat.util.net.NioEndpoint$SocketProcessor.doRun(NioEndpoint.java:1736) ~[tomcat-embed-core-10.1.20.jar!/:na]
	at org.apache.tomcat.util.net.SocketProcessorBase.run(SocketProcessorBase.java:52) ~[tomcat-embed-core-10.1.20.jar!/:na]
	at org.apache.tomcat.util.threads.ThreadPoolExecutor.runWorker(ThreadPoolExecutor.java:1191) ~[tomcat-embed-core-10.1.20.jar!/:na]
	at org.apache.tomcat.util.threads.ThreadPoolExecutor$Worker.run(ThreadPoolExecutor.java:659) ~[tomcat-embed-core-10.1.20.jar!/:na]
	at org.apache.tomcat.util.threads.TaskThread$WrappingRunnable.run(TaskThread.java:63) ~[tomcat-embed-core-10.1.20.jar!/:na]
	at java.base/java.lang.Thread.run(Thread.java:1583) ~[na:na]

2026-08-31T19:12:56.295+06:30 DEBUG 8652 --- [nio-8090-exec-2] o.s.security.web.FilterChainProxy        : Securing POST /error
2026-08-31T19:12:56.295+06:30 DEBUG 8652 --- [nio-8090-exec-2] o.s.s.w.a.AnonymousAuthenticationFilter  : Set SecurityContextHolder to anonymous SecurityContext
2026-08-31T19:13:12.686+06:30 DEBUG 8652 --- [nio-8090-exec-9] o.s.security.web.FilterChainProxy        : Securing GET /api/generations/d8ed8796-8623-4e5c-9bb3-ffdbdaf09867/lock
2026-08-31T19:13:12.686+06:30 DEBUG 8652 --- [nio-8090-exec-9] o.s.security.web.FilterChainProxy        : Secured GET /api/generations/d8ed8796-8623-4e5c-9bb3-ffdbdaf09867/lock
2026-08-31T19:13:12.686+06:30 DEBUG 8652 --- [nio-8090-exec-4] o.s.security.web.FilterChainProxy        : Securing GET /api/students
2026-08-31T19:13:12.686+06:30 DEBUG 8652 --- [nio-8090-exec-8] o.s.security.web.FilterChainProxy        : Securing GET /api/users
2026-08-31T19:13:12.686+06:30 DEBUG 8652 --- [nio-8090-exec-3] o.s.security.web.FilterChainProxy        : Securing GET /api/staff
2026-08-31T19:13:12.686+06:30 DEBUG 8652 --- [nio-8090-exec-8] o.s.security.web.FilterChainProxy        : Secured GET /api/users
2026-08-31T19:13:12.686+06:30 DEBUG 8652 --- [nio-8090-exec-4] o.s.security.web.FilterChainProxy        : Secured GET /api/students
2026-08-31T19:13:12.686+06:30 DEBUG 8652 --- [nio-8090-exec-3] o.s.security.web.FilterChainProxy        : Secured GET /api/staff
2026-08-31T19:13:13.308+06:30 DEBUG 8652 --- [nio-8090-exec-5] o.s.security.web.FilterChainProxy        : Securing POST /api/generations/d8ed8796-8623-4e5c-9bb3-ffdbdaf09867/lock
2026-08-31T19:13:13.308+06:30 DEBUG 8652 --- [nio-8090-exec-5] o.s.security.web.FilterChainProxy        : Secured POST /api/generations/d8ed8796-8623-4e5c-9bb3-ffdbdaf09867/lock
2026-08-31T19:13:15.984+06:30 DEBUG 8652 --- [nio-8090-exec-7] o.s.security.web.FilterChainProxy        : Securing POST /api/auth/login
2026-08-31T19:13:15.984+06:30 DEBUG 8652 --- [nio-8090-exec-7] o.s.s.w.a.AnonymousAuthenticationFilter  : Set SecurityContextHolder to anonymous SecurityContext
2026-08-31T19:13:15.984+06:30 DEBUG 8652 --- [nio-8090-exec-7] o.s.security.web.FilterChainProxy        : Secured POST /api/auth/login
2026-08-31T19:13:17.047+06:30 DEBUG 8652 --- [io-8090-exec-10] o.s.security.web.FilterChainProxy        : Securing GET /api/auth/session
2026-08-31T19:13:17.052+06:30 DEBUG 8652 --- [io-8090-exec-10] o.s.s.w.a.AnonymousAuthenticationFilter  : Set SecurityContextHolder to anonymous SecurityContext
2026-08-31T19:13:17.074+06:30 DEBUG 8652 --- [nio-8090-exec-6] o.s.security.web.FilterChainProxy        : Securing GET /api/generations?termId=efc68a91-5818-41aa-b4fb-893e240ea0ed
2026-08-31T19:13:17.074+06:30 DEBUG 8652 --- [nio-8090-exec-6] o.s.s.w.a.AnonymousAuthenticationFilter  : Set SecurityContextHolder to anonymous SecurityContext
2026-08-31T19:13:30.550+06:30 DEBUG 8652 --- [nio-8090-exec-1] o.s.security.web.FilterChainProxy        : Securing POST /api/auth/login
2026-08-31T19:13:30.550+06:30 DEBUG 8652 --- [nio-8090-exec-1] o.s.s.w.a.AnonymousAuthenticationFilter  : Set SecurityContextHolder to anonymous SecurityContext
2026-08-31T19:13:30.558+06:30 DEBUG 8652 --- [nio-8090-exec-1] o.s.security.web.FilterChainProxy        : Secured POST /api/auth/login
2026-08-31T19:14:10.939+06:30 DEBUG 8652 --- [nio-8090-exec-3] o.s.security.web.FilterChainProxy        : Securing POST /api/auth/login
2026-08-31T19:14:10.953+06:30 DEBUG 8652 --- [nio-8090-exec-3] o.s.s.w.a.AnonymousAuthenticationFilter  : Set SecurityContextHolder to anonymous SecurityContext
2026-08-31T19:14:10.953+06:30 DEBUG 8652 --- [nio-8090-exec-3] o.s.security.web.FilterChainProxy        : Secured POST /api/auth/login
2026-08-31T19:14:12.598+06:30 DEBUG 8652 --- [nio-8090-exec-8] o.s.security.web.FilterChainProxy        : Securing GET /api/generations/d8ed8796-8623-4e5c-9bb3-ffdbdaf09867/lock
2026-08-31T19:14:12.598+06:30 DEBUG 8652 --- [nio-8090-exec-8] o.s.security.web.FilterChainProxy        : Secured GET /api/generations/d8ed8796-8623-4e5c-9bb3-ffdbdaf09867/lock
2026-08-31T19:14:13.539+06:30 DEBUG 8652 --- [nio-8090-exec-7] o.s.security.web.FilterChainProxy        : Securing POST /api/generations/d8ed8796-8623-4e5c-9bb3-ffdbdaf09867/lock
2026-08-31T19:14:13.539+06:30 DEBUG 8652 --- [nio-8090-exec-7] o.s.security.web.FilterChainProxy        : Secured POST /api/generations/d8ed8796-8623-4e5c-9bb3-ffdbdaf09867/lock
2026-08-31T19:14:14.804+06:30 DEBUG 8652 --- [nio-8090-exec-6] o.s.security.web.FilterChainProxy        : Securing GET /api/generations?termId=efc68a91-5818-41aa-b4fb-893e240ea0ed
2026-08-31T19:14:14.807+06:30 DEBUG 8652 --- [nio-8090-exec-6] o.s.security.web.FilterChainProxy        : Secured GET /api/generations?termId=efc68a91-5818-41aa-b4fb-893e240ea0ed
2026-08-31T19:14:19.213+06:30 DEBUG 8652 --- [nio-8090-exec-2] o.s.security.web.FilterChainProxy        : Securing DELETE /api/generations/d8ed8796-8623-4e5c-9bb3-ffdbdaf09867
2026-08-31T19:14:19.213+06:30 DEBUG 8652 --- [nio-8090-exec-2] o.s.security.web.FilterChainProxy        : Secured DELETE /api/generations/d8ed8796-8623-4e5c-9bb3-ffdbdaf09867
2026-08-31T19:14:24.276+06:30 DEBUG 8652 --- [nio-8090-exec-1] o.s.security.web.FilterChainProxy        : Securing DELETE /api/generations/2fbbcd0e-02b7-473f-a687-d6e29a5e0ad3
2026-08-31T19:14:24.282+06:30 DEBUG 8652 --- [nio-8090-exec-1] o.s.security.web.FilterChainProxy        : Secured DELETE /api/generations/2fbbcd0e-02b7-473f-a687-d6e29a5e0ad3
2026-08-31T19:17:35.492+06:30  WARN 8652 --- [nio-8090-exec-2] com.zaxxer.hikari.pool.ProxyConnection   : HikariPool-1 - Connection org.postgresql.jdbc.PgConnection@69154c22 marked as broken because of SQLSTATE(08006), ErrorCode(0)

org.postgresql.util.PSQLException: An I/O error occurred while sending to the backend.
	at org.postgresql.core.v3.QueryExecutorImpl.execute(QueryExecutorImpl.java:395) ~[postgresql-42.6.2.jar!/:42.6.2]
	at org.postgresql.jdbc.PgStatement.executeInternal(PgStatement.java:498) ~[postgresql-42.6.2.jar!/:42.6.2]
	at org.postgresql.jdbc.PgStatement.execute(PgStatement.java:415) ~[postgresql-42.6.2.jar!/:42.6.2]
	at org.postgresql.jdbc.PgPreparedStatement.executeWithFlags(PgPreparedStatement.java:190) ~[postgresql-42.6.2.jar!/:42.6.2]
	at org.postgresql.jdbc.PgPreparedStatement.executeUpdate(PgPreparedStatement.java:152) ~[postgresql-42.6.2.jar!/:42.6.2]
	at com.zaxxer.hikari.pool.ProxyPreparedStatement.executeUpdate(ProxyPreparedStatement.java:61) ~[HikariCP-5.0.1.jar!/:na]
	at com.zaxxer.hikari.pool.HikariProxyPreparedStatement.executeUpdate(HikariProxyPreparedStatement.java) ~[HikariCP-5.0.1.jar!/:na]
	at org.hibernate.engine.jdbc.internal.ResultSetReturnImpl.executeUpdate(ResultSetReturnImpl.java:194) ~[hibernate-core-6.4.4.Final.jar!/:6.4.4.Final]
	at org.hibernate.engine.jdbc.mutation.internal.AbstractMutationExecutor.performNonBatchedMutation(AbstractMutationExecutor.java:108) ~[hibernate-core-6.4.4.Final.jar!/:6.4.4.Final]
	at org.hibernate.engine.jdbc.mutation.internal.MutationExecutorSingleNonBatched.performNonBatchedOperations(MutationExecutorSingleNonBatched.java:40) ~[hibernate-core-6.4.4.Final.jar!/:6.4.4.Final]
	at org.hibernate.engine.jdbc.mutation.internal.AbstractMutationExecutor.execute(AbstractMutationExecutor.java:52) ~[hibernate-core-6.4.4.Final.jar!/:6.4.4.Final]
	at org.hibernate.persister.entity.mutation.AbstractDeleteCoordinator.doStaticDelete(AbstractDeleteCoordinator.java:279) ~[hibernate-core-6.4.4.Final.jar!/:6.4.4.Final]
	at org.hibernate.persister.entity.mutation.AbstractDeleteCoordinator.coordinateDelete(AbstractDeleteCoordinator.java:87) ~[hibernate-core-6.4.4.Final.jar!/:6.4.4.Final]
	at org.hibernate.persister.entity.AbstractEntityPersister.delete(AbstractEntityPersister.java:2979) ~[hibernate-core-6.4.4.Final.jar!/:6.4.4.Final]
	at org.hibernate.action.internal.EntityDeleteAction.execute(EntityDeleteAction.java:131) ~[hibernate-core-6.4.4.Final.jar!/:6.4.4.Final]
	at org.hibernate.engine.spi.ActionQueue.executeActions(ActionQueue.java:632) ~[hibernate-core-6.4.4.Final.jar!/:6.4.4.Final]
	at org.hibernate.engine.spi.ActionQueue.executeActions(ActionQueue.java:499) ~[hibernate-core-6.4.4.Final.jar!/:6.4.4.Final]
	at org.hibernate.event.internal.AbstractFlushingEventListener.performExecutions(AbstractFlushingEventListener.java:363) ~[hibernate-core-6.4.4.Final.jar!/:6.4.4.Final]
	at org.hibernate.event.internal.DefaultFlushEventListener.onFlush(DefaultFlushEventListener.java:41) ~[hibernate-core-6.4.4.Final.jar!/:6.4.4.Final]
	at org.hibernate.event.service.internal.EventListenerGroupImpl.fireEventOnEachListener(EventListenerGroupImpl.java:127) ~[hibernate-core-6.4.4.Final.jar!/:6.4.4.Final]
	at org.hibernate.internal.SessionImpl.doFlush(SessionImpl.java:1403) ~[hibernate-core-6.4.4.Final.jar!/:6.4.4.Final]
	at org.hibernate.internal.SessionImpl.flush(SessionImpl.java:1389) ~[hibernate-core-6.4.4.Final.jar!/:6.4.4.Final]
	at java.base/jdk.internal.reflect.DirectMethodHandleAccessor.invoke(DirectMethodHandleAccessor.java:103) ~[na:na]
	at java.base/java.lang.reflect.Method.invoke(Method.java:580) ~[na:na]
	at org.springframework.orm.jpa.SharedEntityManagerCreator$SharedEntityManagerInvocationHandler.invoke(SharedEntityManagerCreator.java:319) ~[spring-orm-6.1.6.jar!/:6.1.6]
	at jdk.proxy2/jdk.proxy2.$Proxy131.flush(Unknown Source) ~[na:na]
	at org.springframework.data.jpa.repository.support.SimpleJpaRepository.flush(SimpleJpaRepository.java:663) ~[spring-data-jpa-3.2.5.jar!/:3.2.5]
	at java.base/jdk.internal.reflect.DirectMethodHandleAccessor.invoke(DirectMethodHandleAccessor.java:103) ~[na:na]
	at java.base/java.lang.reflect.Method.invoke(Method.java:580) ~[na:na]
	at org.springframework.aop.support.AopUtils.invokeJoinpointUsingReflection(AopUtils.java:354) ~[spring-aop-6.1.6.jar!/:6.1.6]
	at org.springframework.data.repository.core.support.RepositoryMethodInvoker$RepositoryFragmentMethodInvoker.lambda$new$0(RepositoryMethodInvoker.java:277) ~[spring-data-commons-3.2.5.jar!/:3.2.5]
	at org.springframework.data.repository.core.support.RepositoryMethodInvoker.doInvoke(RepositoryMethodInvoker.java:170) ~[spring-data-commons-3.2.5.jar!/:3.2.5]
	at org.springframework.data.repository.core.support.RepositoryMethodInvoker.invoke(RepositoryMethodInvoker.java:158) ~[spring-data-commons-3.2.5.jar!/:3.2.5]
	at org.springframework.data.repository.core.support.RepositoryComposition$RepositoryFragments.invoke(RepositoryComposition.java:516) ~[spring-data-commons-3.2.5.jar!/:3.2.5]
	at org.springframework.data.repository.core.support.RepositoryComposition.invoke(RepositoryComposition.java:285) ~[spring-data-commons-3.2.5.jar!/:3.2.5]
	at org.springframework.data.repository.core.support.RepositoryFactorySupport$ImplementationMethodExecutionInterceptor.invoke(RepositoryFactorySupport.java:628) ~[spring-data-commons-3.2.5.jar!/:3.2.5]
	at org.springframework.aop.framework.ReflectiveMethodInvocation.proceed(ReflectiveMethodInvocation.java:184) ~[spring-aop-6.1.6.jar!/:6.1.6]
	at org.springframework.data.repository.core.support.QueryExecutorMethodInterceptor.doInvoke(QueryExecutorMethodInterceptor.java:168) ~[spring-data-commons-3.2.5.jar!/:3.2.5]
	at org.springframework.data.repository.core.support.QueryExecutorMethodInterceptor.invoke(QueryExecutorMethodInterceptor.java:143) ~[spring-data-commons-3.2.5.jar!/:3.2.5]
	at org.springframework.aop.framework.ReflectiveMethodInvocation.proceed(ReflectiveMethodInvocation.java:184) ~[spring-aop-6.1.6.jar!/:6.1.6]
	at org.springframework.data.projection.DefaultMethodInvokingMethodInterceptor.invoke(DefaultMethodInvokingMethodInterceptor.java:70) ~[spring-data-commons-3.2.5.jar!/:3.2.5]
	at org.springframework.aop.framework.ReflectiveMethodInvocation.proceed(ReflectiveMethodInvocation.java:184) ~[spring-aop-6.1.6.jar!/:6.1.6]
	at org.springframework.transaction.interceptor.TransactionInterceptor$1.proceedWithInvocation(TransactionInterceptor.java:123) ~[spring-tx-6.1.6.jar!/:6.1.6]
	at org.springframework.transaction.interceptor.TransactionAspectSupport.invokeWithinTransaction(TransactionAspectSupport.java:392) ~[spring-tx-6.1.6.jar!/:6.1.6]
	at org.springframework.transaction.interceptor.TransactionInterceptor.invoke(TransactionInterceptor.java:119) ~[spring-tx-6.1.6.jar!/:6.1.6]
	at org.springframework.aop.framework.ReflectiveMethodInvocation.proceed(ReflectiveMethodInvocation.java:184) ~[spring-aop-6.1.6.jar!/:6.1.6]
	at org.springframework.dao.support.PersistenceExceptionTranslationInterceptor.invoke(PersistenceExceptionTranslationInterceptor.java:137) ~[spring-tx-6.1.6.jar!/:6.1.6]
	at org.springframework.aop.framework.ReflectiveMethodInvocation.proceed(ReflectiveMethodInvocation.java:184) ~[spring-aop-6.1.6.jar!/:6.1.6]
	at org.springframework.data.jpa.repository.support.CrudMethodMetadataPostProcessor$CrudMethodMetadataPopulatingMethodInterceptor.invoke(CrudMethodMetadataPostProcessor.java:164) ~[spring-data-jpa-3.2.5.jar!/:3.2.5]
	at org.springframework.aop.framework.ReflectiveMethodInvocation.proceed(ReflectiveMethodInvocation.java:184) ~[spring-aop-6.1.6.jar!/:6.1.6]
	at org.springframework.aop.interceptor.ExposeInvocationInterceptor.invoke(ExposeInvocationInterceptor.java:97) ~[spring-aop-6.1.6.jar!/:6.1.6]
	at org.springframework.aop.framework.ReflectiveMethodInvocation.proceed(ReflectiveMethodInvocation.java:184) ~[spring-aop-6.1.6.jar!/:6.1.6]
	at org.springframework.aop.framework.JdkDynamicAopProxy.invoke(JdkDynamicAopProxy.java:223) ~[spring-aop-6.1.6.jar!/:6.1.6]
	at jdk.proxy2/jdk.proxy2.$Proxy154.flush(Unknown Source) ~[na:na]
	at com.unicconnect.service.TimetableGenerationService.delete(TimetableGenerationService.java:2424) ~[!/:0.0.1-SNAPSHOT]
	at java.base/jdk.internal.reflect.DirectMethodHandleAccessor.invoke(DirectMethodHandleAccessor.java:103) ~[na:na]
	at java.base/java.lang.reflect.Method.invoke(Method.java:580) ~[na:na]
	at org.springframework.aop.support.AopUtils.invokeJoinpointUsingReflection(AopUtils.java:354) ~[spring-aop-6.1.6.jar!/:6.1.6]
	at org.springframework.aop.framework.ReflectiveMethodInvocation.invokeJoinpoint(ReflectiveMethodInvocation.java:196) ~[spring-aop-6.1.6.jar!/:6.1.6]
	at org.springframework.aop.framework.ReflectiveMethodInvocation.proceed(ReflectiveMethodInvocation.java:163) ~[spring-aop-6.1.6.jar!/:6.1.6]
	at org.springframework.aop.framework.CglibAopProxy$CglibMethodInvocation.proceed(CglibAopProxy.java:768) ~[spring-aop-6.1.6.jar!/:6.1.6]
	at org.springframework.transaction.interceptor.TransactionInterceptor$1.proceedWithInvocation(TransactionInterceptor.java:123) ~[spring-tx-6.1.6.jar!/:6.1.6]
	at org.springframework.transaction.interceptor.TransactionAspectSupport.invokeWithinTransaction(TransactionAspectSupport.java:392) ~[spring-tx-6.1.6.jar!/:6.1.6]
	at org.springframework.transaction.interceptor.TransactionInterceptor.invoke(TransactionInterceptor.java:119) ~[spring-tx-6.1.6.jar!/:6.1.6]
	at org.springframework.aop.framework.ReflectiveMethodInvocation.proceed(ReflectiveMethodInvocation.java:184) ~[spring-aop-6.1.6.jar!/:6.1.6]
	at org.springframework.aop.framework.CglibAopProxy$CglibMethodInvocation.proceed(CglibAopProxy.java:768) ~[spring-aop-6.1.6.jar!/:6.1.6]
	at org.springframework.aop.framework.CglibAopProxy$DynamicAdvisedInterceptor.intercept(CglibAopProxy.java:720) ~[spring-aop-6.1.6.jar!/:6.1.6]
	at com.unicconnect.service.TimetableGenerationService$$SpringCGLIB$$1.delete(<generated>) ~[!/:0.0.1-SNAPSHOT]
	at com.unicconnect.controller.TimetableGenerationController.delete(TimetableGenerationController.java:126) ~[!/:0.0.1-SNAPSHOT]
	at java.base/jdk.internal.reflect.DirectMethodHandleAccessor.invoke(DirectMethodHandleAccessor.java:103) ~[na:na]
	at java.base/java.lang.reflect.Method.invoke(Method.java:580) ~[na:na]
	at org.springframework.web.method.support.InvocableHandlerMethod.doInvoke(InvocableHandlerMethod.java:255) ~[spring-web-6.1.6.jar!/:6.1.6]
	at org.springframework.web.method.support.InvocableHandlerMethod.invokeForRequest(InvocableHandlerMethod.java:188) ~[spring-web-6.1.6.jar!/:6.1.6]
	at org.springframework.web.servlet.mvc.method.annotation.ServletInvocableHandlerMethod.invokeAndHandle(ServletInvocableHandlerMethod.java:118) ~[spring-webmvc-6.1.6.jar!/:6.1.6]
	at org.springframework.web.servlet.mvc.method.annotation.RequestMappingHandlerAdapter.invokeHandlerMethod(RequestMappingHandlerAdapter.java:926) ~[spring-webmvc-6.1.6.jar!/:6.1.6]
	at org.springframework.web.servlet.mvc.method.annotation.RequestMappingHandlerAdapter.handleInternal(RequestMappingHandlerAdapter.java:831) ~[spring-webmvc-6.1.6.jar!/:6.1.6]
	at org.springframework.web.servlet.mvc.method.AbstractHandlerMethodAdapter.handle(AbstractHandlerMethodAdapter.java:87) ~[spring-webmvc-6.1.6.jar!/:6.1.6]
	at org.springframework.web.servlet.DispatcherServlet.doDispatch(DispatcherServlet.java:1089) ~[spring-webmvc-6.1.6.jar!/:6.1.6]
	at org.springframework.web.servlet.DispatcherServlet.doService(DispatcherServlet.java:979) ~[spring-webmvc-6.1.6.jar!/:6.1.6]
	at org.springframework.web.servlet.FrameworkServlet.processRequest(FrameworkServlet.java:1014) ~[spring-webmvc-6.1.6.jar!/:6.1.6]
	at org.springframework.web.servlet.FrameworkServlet.doDelete(FrameworkServlet.java:936) ~[spring-webmvc-6.1.6.jar!/:6.1.6]
	at jakarta.servlet.http.HttpServlet.service(HttpServlet.java:596) ~[tomcat-embed-core-10.1.20.jar!/:na]
	at org.springframework.web.servlet.FrameworkServlet.service(FrameworkServlet.java:885) ~[spring-webmvc-6.1.6.jar!/:6.1.6]
	at jakarta.servlet.http.HttpServlet.service(HttpServlet.java:658) ~[tomcat-embed-core-10.1.20.jar!/:na]
	at org.apache.catalina.core.ApplicationFilterChain.internalDoFilter(ApplicationFilterChain.java:206) ~[tomcat-embed-core-10.1.20.jar!/:na]
	at org.apache.catalina.core.ApplicationFilterChain.doFilter(ApplicationFilterChain.java:150) ~[tomcat-embed-core-10.1.20.jar!/:na]
	at org.apache.tomcat.websocket.server.WsFilter.doFilter(WsFilter.java:51) ~[tomcat-embed-websocket-10.1.20.jar!/:na]
	at org.apache.catalina.core.ApplicationFilterChain.internalDoFilter(ApplicationFilterChain.java:175) ~[tomcat-embed-core-10.1.20.jar!/:na]
	at org.apache.catalina.core.ApplicationFilterChain.doFilter(ApplicationFilterChain.java:150) ~[tomcat-embed-core-10.1.20.jar!/:na]
	at org.springframework.web.filter.OncePerRequestFilter.doFilter(OncePerRequestFilter.java:110) ~[spring-web-6.1.6.jar!/:6.1.6]
	at org.apache.catalina.core.ApplicationFilterChain.internalDoFilter(ApplicationFilterChain.java:175) ~[tomcat-embed-core-10.1.20.jar!/:na]
	at org.apache.catalina.core.ApplicationFilterChain.doFilter(ApplicationFilterChain.java:150) ~[tomcat-embed-core-10.1.20.jar!/:na]
	at org.springframework.web.filter.CompositeFilter$VirtualFilterChain.doFilter(CompositeFilter.java:108) ~[spring-web-6.1.6.jar!/:6.1.6]
	at org.springframework.security.web.FilterChainProxy.lambda$doFilterInternal$3(FilterChainProxy.java:231) ~[spring-security-web-6.2.4.jar!/:6.2.4]
	at org.springframework.security.web.FilterChainProxy$VirtualFilterChain.doFilter(FilterChainProxy.java:365) ~[spring-security-web-6.2.4.jar!/:6.2.4]
	at org.springframework.security.web.access.intercept.AuthorizationFilter.doFilter(AuthorizationFilter.java:100) ~[spring-security-web-6.2.4.jar!/:6.2.4]
	at org.springframework.security.web.FilterChainProxy$VirtualFilterChain.doFilter(FilterChainProxy.java:374) ~[spring-security-web-6.2.4.jar!/:6.2.4]
	at org.springframework.security.web.access.ExceptionTranslationFilter.doFilter(ExceptionTranslationFilter.java:126) ~[spring-security-web-6.2.4.jar!/:6.2.4]
	at org.springframework.security.web.access.ExceptionTranslationFilter.doFilter(ExceptionTranslationFilter.java:120) ~[spring-security-web-6.2.4.jar!/:6.2.4]
	at org.springframework.security.web.FilterChainProxy$VirtualFilterChain.doFilter(FilterChainProxy.java:374) ~[spring-security-web-6.2.4.jar!/:6.2.4]
	at org.springframework.security.web.session.SessionManagementFilter.doFilter(SessionManagementFilter.java:131) ~[spring-security-web-6.2.4.jar!/:6.2.4]
	at org.springframework.security.web.session.SessionManagementFilter.doFilter(SessionManagementFilter.java:85) ~[spring-security-web-6.2.4.jar!/:6.2.4]
	at org.springframework.security.web.FilterChainProxy$VirtualFilterChain.doFilter(FilterChainProxy.java:374) ~[spring-security-web-6.2.4.jar!/:6.2.4]
	at org.springframework.security.web.authentication.AnonymousAuthenticationFilter.doFilter(AnonymousAuthenticationFilter.java:100) ~[spring-security-web-6.2.4.jar!/:6.2.4]
	at org.springframework.security.web.FilterChainProxy$VirtualFilterChain.doFilter(FilterChainProxy.java:374) ~[spring-security-web-6.2.4.jar!/:6.2.4]
	at org.springframework.security.web.servletapi.SecurityContextHolderAwareRequestFilter.doFilter(SecurityContextHolderAwareRequestFilter.java:179) ~[spring-security-web-6.2.4.jar!/:6.2.4]
	at org.springframework.security.web.FilterChainProxy$VirtualFilterChain.doFilter(FilterChainProxy.java:374) ~[spring-security-web-6.2.4.jar!/:6.2.4]
	at org.springframework.security.web.savedrequest.RequestCacheAwareFilter.doFilter(RequestCacheAwareFilter.java:63) ~[spring-security-web-6.2.4.jar!/:6.2.4]
	at org.springframework.security.web.FilterChainProxy$VirtualFilterChain.doFilter(FilterChainProxy.java:374) ~[spring-security-web-6.2.4.jar!/:6.2.4]
	at com.unicconnect.security.JwtAuthenticationFilter.doFilterInternal(JwtAuthenticationFilter.java:49) ~[!/:0.0.1-SNAPSHOT]
	at org.springframework.web.filter.OncePerRequestFilter.doFilter(OncePerRequestFilter.java:116) ~[spring-web-6.1.6.jar!/:6.1.6]
	at org.springframework.security.web.FilterChainProxy$VirtualFilterChain.doFilter(FilterChainProxy.java:374) ~[spring-security-web-6.2.4.jar!/:6.2.4]
	at org.springframework.security.web.authentication.logout.LogoutFilter.doFilter(LogoutFilter.java:107) ~[spring-security-web-6.2.4.jar!/:6.2.4]
	at org.springframework.security.web.authentication.logout.LogoutFilter.doFilter(LogoutFilter.java:93) ~[spring-security-web-6.2.4.jar!/:6.2.4]
	at org.springframework.security.web.FilterChainProxy$VirtualFilterChain.doFilter(FilterChainProxy.java:374) ~[spring-security-web-6.2.4.jar!/:6.2.4]
	at org.springframework.web.filter.CorsFilter.doFilterInternal(CorsFilter.java:91) ~[spring-web-6.1.6.jar!/:6.1.6]
	at org.springframework.web.filter.OncePerRequestFilter.doFilter(OncePerRequestFilter.java:116) ~[spring-web-6.1.6.jar!/:6.1.6]
	at org.springframework.security.web.FilterChainProxy$VirtualFilterChain.doFilter(FilterChainProxy.java:374) ~[spring-security-web-6.2.4.jar!/:6.2.4]
	at org.springframework.security.web.header.HeaderWriterFilter.doHeadersAfter(HeaderWriterFilter.java:90) ~[spring-security-web-6.2.4.jar!/:6.2.4]
	at org.springframework.security.web.header.HeaderWriterFilter.doFilterInternal(HeaderWriterFilter.java:75) ~[spring-security-web-6.2.4.jar!/:6.2.4]
	at org.springframework.web.filter.OncePerRequestFilter.doFilter(OncePerRequestFilter.java:116) ~[spring-web-6.1.6.jar!/:6.1.6]
	at org.springframework.security.web.FilterChainProxy$VirtualFilterChain.doFilter(FilterChainProxy.java:374) ~[spring-security-web-6.2.4.jar!/:6.2.4]
	at org.springframework.security.web.context.SecurityContextHolderFilter.doFilter(SecurityContextHolderFilter.java:82) ~[spring-security-web-6.2.4.jar!/:6.2.4]
	at org.springframework.security.web.context.SecurityContextHolderFilter.doFilter(SecurityContextHolderFilter.java:69) ~[spring-security-web-6.2.4.jar!/:6.2.4]
	at org.springframework.security.web.FilterChainProxy$VirtualFilterChain.doFilter(FilterChainProxy.java:374) ~[spring-security-web-6.2.4.jar!/:6.2.4]
	at org.springframework.security.web.context.request.async.WebAsyncManagerIntegrationFilter.doFilterInternal(WebAsyncManagerIntegrationFilter.java:62) ~[spring-security-web-6.2.4.jar!/:6.2.4]
	at org.springframework.web.filter.OncePerRequestFilter.doFilter(OncePerRequestFilter.java:116) ~[spring-web-6.1.6.jar!/:6.1.6]
	at org.springframework.security.web.FilterChainProxy$VirtualFilterChain.doFilter(FilterChainProxy.java:374) ~[spring-security-web-6.2.4.jar!/:6.2.4]
	at org.springframework.security.web.session.DisableEncodeUrlFilter.doFilterInternal(DisableEncodeUrlFilter.java:42) ~[spring-security-web-6.2.4.jar!/:6.2.4]
	at org.springframework.web.filter.OncePerRequestFilter.doFilter(OncePerRequestFilter.java:116) ~[spring-web-6.1.6.jar!/:6.1.6]
	at org.springframework.security.web.FilterChainProxy$VirtualFilterChain.doFilter(FilterChainProxy.java:374) ~[spring-security-web-6.2.4.jar!/:6.2.4]
	at org.springframework.security.web.FilterChainProxy.doFilterInternal(FilterChainProxy.java:233) ~[spring-security-web-6.2.4.jar!/:6.2.4]
	at org.springframework.security.web.FilterChainProxy.doFilter(FilterChainProxy.java:191) ~[spring-security-web-6.2.4.jar!/:6.2.4]
	at org.springframework.web.filter.CompositeFilter$VirtualFilterChain.doFilter(CompositeFilter.java:113) ~[spring-web-6.1.6.jar!/:6.1.6]
	at org.springframework.web.servlet.handler.HandlerMappingIntrospector.lambda$createCacheFilter$3(HandlerMappingIntrospector.java:195) ~[spring-webmvc-6.1.6.jar!/:6.1.6]
	at org.springframework.web.filter.CompositeFilter$VirtualFilterChain.doFilter(CompositeFilter.java:113) ~[spring-web-6.1.6.jar!/:6.1.6]
	at org.springframework.web.filter.CompositeFilter.doFilter(CompositeFilter.java:74) ~[spring-web-6.1.6.jar!/:6.1.6]
	at org.springframework.security.config.annotation.web.configuration.WebMvcSecurityConfiguration$CompositeFilterChainProxy.doFilter(WebMvcSecurityConfiguration.java:230) ~[spring-security-config-6.2.4.jar!/:6.2.4]
	at org.springframework.web.filter.DelegatingFilterProxy.invokeDelegate(DelegatingFilterProxy.java:352) ~[spring-web-6.1.6.jar!/:6.1.6]
	at org.springframework.web.filter.DelegatingFilterProxy.doFilter(DelegatingFilterProxy.java:268) ~[spring-web-6.1.6.jar!/:6.1.6]
	at org.apache.catalina.core.ApplicationFilterChain.internalDoFilter(ApplicationFilterChain.java:175) ~[tomcat-embed-core-10.1.20.jar!/:na]
	at org.apache.catalina.core.ApplicationFilterChain.doFilter(ApplicationFilterChain.java:150) ~[tomcat-embed-core-10.1.20.jar!/:na]
	at org.springframework.web.filter.RequestContextFilter.doFilterInternal(RequestContextFilter.java:100) ~[spring-web-6.1.6.jar!/:6.1.6]
	at org.springframework.web.filter.OncePerRequestFilter.doFilter(OncePerRequestFilter.java:116) ~[spring-web-6.1.6.jar!/:6.1.6]
	at org.apache.catalina.core.ApplicationFilterChain.internalDoFilter(ApplicationFilterChain.java:175) ~[tomcat-embed-core-10.1.20.jar!/:na]
	at org.apache.catalina.core.ApplicationFilterChain.doFilter(ApplicationFilterChain.java:150) ~[tomcat-embed-core-10.1.20.jar!/:na]
	at org.springframework.web.filter.FormContentFilter.doFilterInternal(FormContentFilter.java:93) ~[spring-web-6.1.6.jar!/:6.1.6]
	at org.springframework.web.filter.OncePerRequestFilter.doFilter(OncePerRequestFilter.java:116) ~[spring-web-6.1.6.jar!/:6.1.6]
	at org.apache.catalina.core.ApplicationFilterChain.internalDoFilter(ApplicationFilterChain.java:175) ~[tomcat-embed-core-10.1.20.jar!/:na]
	at org.apache.catalina.core.ApplicationFilterChain.doFilter(ApplicationFilterChain.java:150) ~[tomcat-embed-core-10.1.20.jar!/:na]
	at org.springframework.web.filter.CharacterEncodingFilter.doFilterInternal(CharacterEncodingFilter.java:201) ~[spring-web-6.1.6.jar!/:6.1.6]
	at org.springframework.web.filter.OncePerRequestFilter.doFilter(OncePerRequestFilter.java:116) ~[spring-web-6.1.6.jar!/:6.1.6]
	at org.apache.catalina.core.ApplicationFilterChain.internalDoFilter(ApplicationFilterChain.java:175) ~[tomcat-embed-core-10.1.20.jar!/:na]
	at org.apache.catalina.core.ApplicationFilterChain.doFilter(ApplicationFilterChain.java:150) ~[tomcat-embed-core-10.1.20.jar!/:na]
	at org.apache.catalina.core.StandardWrapperValve.invoke(StandardWrapperValve.java:167) ~[tomcat-embed-core-10.1.20.jar!/:na]
	at org.apache.catalina.core.StandardContextValve.invoke(StandardContextValve.java:90) ~[tomcat-embed-core-10.1.20.jar!/:na]
	at org.apache.catalina.authenticator.AuthenticatorBase.invoke(AuthenticatorBase.java:482) ~[tomcat-embed-core-10.1.20.jar!/:na]
	at org.apache.catalina.core.StandardHostValve.invoke(StandardHostValve.java:115) ~[tomcat-embed-core-10.1.20.jar!/:na]
	at org.apache.catalina.valves.ErrorReportValve.invoke(ErrorReportValve.java:93) ~[tomcat-embed-core-10.1.20.jar!/:na]
	at org.apache.catalina.core.StandardEngineValve.invoke(StandardEngineValve.java:74) ~[tomcat-embed-core-10.1.20.jar!/:na]
	at org.apache.catalina.connector.CoyoteAdapter.service(CoyoteAdapter.java:344) ~[tomcat-embed-core-10.1.20.jar!/:na]
	at org.apache.coyote.http11.Http11Processor.service(Http11Processor.java:391) ~[tomcat-embed-core-10.1.20.jar!/:na]
	at org.apache.coyote.AbstractProcessorLight.process(AbstractProcessorLight.java:63) ~[tomcat-embed-core-10.1.20.jar!/:na]
	at org.apache.coyote.AbstractProtocol$ConnectionHandler.process(AbstractProtocol.java:896) ~[tomcat-embed-core-10.1.20.jar!/:na]
	at org.apache.tomcat.util.net.NioEndpoint$SocketProcessor.doRun(NioEndpoint.java:1736) ~[tomcat-embed-core-10.1.20.jar!/:na]
	at org.apache.tomcat.util.net.SocketProcessorBase.run(SocketProcessorBase.java:52) ~[tomcat-embed-core-10.1.20.jar!/:na]
	at org.apache.tomcat.util.threads.ThreadPoolExecutor.runWorker(ThreadPoolExecutor.java:1191) ~[tomcat-embed-core-10.1.20.jar!/:na]
	at org.apache.tomcat.util.threads.ThreadPoolExecutor$Worker.run(ThreadPoolExecutor.java:659) ~[tomcat-embed-core-10.1.20.jar!/:na]
	at org.apache.tomcat.util.threads.TaskThread$WrappingRunnable.run(TaskThread.java:63) ~[tomcat-embed-core-10.1.20.jar!/:na]
	at java.base/java.lang.Thread.run(Thread.java:1583) ~[na:na]
Caused by: java.net.SocketException: Connection reset
	at java.base/sun.nio.ch.NioSocketImpl.implRead(NioSocketImpl.java:318) ~[na:na]
	at java.base/sun.nio.ch.NioSocketImpl.read(NioSocketImpl.java:346) ~[na:na]
	at java.base/sun.nio.ch.NioSocketImpl$1.read(NioSocketImpl.java:796) ~[na:na]
	at java.base/java.net.Socket$SocketInputStream.read(Socket.java:1099) ~[na:na]
	at java.base/sun.security.ssl.SSLSocketInputRecord.read(SSLSocketInputRecord.java:489) ~[na:na]
	at java.base/sun.security.ssl.SSLSocketInputRecord.readHeader(SSLSocketInputRecord.java:483) ~[na:na]
	at java.base/sun.security.ssl.SSLSocketInputRecord.bytesInCompletePacket(SSLSocketInputRecord.java:70) ~[na:na]
	at java.base/sun.security.ssl.SSLSocketImpl.readApplicationRecord(SSLSocketImpl.java:1460) ~[na:na]
	at java.base/sun.security.ssl.SSLSocketImpl$AppInputStream.read(SSLSocketImpl.java:1066) ~[na:na]
	at org.postgresql.core.VisibleBufferedInputStream.readMore(VisibleBufferedInputStream.java:161) ~[postgresql-42.6.2.jar!/:42.6.2]
	at org.postgresql.core.VisibleBufferedInputStream.ensureBytes(VisibleBufferedInputStream.java:128) ~[postgresql-42.6.2.jar!/:42.6.2]
	at org.postgresql.core.VisibleBufferedInputStream.ensureBytes(VisibleBufferedInputStream.java:113) ~[postgresql-42.6.2.jar!/:42.6.2]
	at org.postgresql.core.VisibleBufferedInputStream.read(VisibleBufferedInputStream.java:73) ~[postgresql-42.6.2.jar!/:42.6.2]
	at org.postgresql.core.PGStream.receiveChar(PGStream.java:465) ~[postgresql-42.6.2.jar!/:42.6.2]
	at org.postgresql.core.v3.QueryExecutorImpl.processResults(QueryExecutorImpl.java:2155) ~[postgresql-42.6.2.jar!/:42.6.2]
	at org.postgresql.core.v3.QueryExecutorImpl.execute(QueryExecutorImpl.java:368) ~[postgresql-42.6.2.jar!/:42.6.2]
	... 169 common frames omitted

2026-08-31T19:17:35.492+06:30  WARN 8652 --- [nio-8090-exec-1] com.zaxxer.hikari.pool.ProxyConnection   : HikariPool-1 - Connection org.postgresql.jdbc.PgConnection@5b1bef85 marked as broken because of SQLSTATE(08006), ErrorCode(0)

org.postgresql.util.PSQLException: An I/O error occurred while sending to the backend.
	at org.postgresql.core.v3.QueryExecutorImpl.execute(QueryExecutorImpl.java:395) ~[postgresql-42.6.2.jar!/:42.6.2]
	at org.postgresql.jdbc.PgStatement.executeInternal(PgStatement.java:498) ~[postgresql-42.6.2.jar!/:42.6.2]
	at org.postgresql.jdbc.PgStatement.execute(PgStatement.java:415) ~[postgresql-42.6.2.jar!/:42.6.2]
	at org.postgresql.jdbc.PgPreparedStatement.executeWithFlags(PgPreparedStatement.java:190) ~[postgresql-42.6.2.jar!/:42.6.2]
	at org.postgresql.jdbc.PgPreparedStatement.executeQuery(PgPreparedStatement.java:134) ~[postgresql-42.6.2.jar!/:42.6.2]
	at com.zaxxer.hikari.pool.ProxyPreparedStatement.executeQuery(ProxyPreparedStatement.java:52) ~[HikariCP-5.0.1.jar!/:na]
	at com.zaxxer.hikari.pool.HikariProxyPreparedStatement.executeQuery(HikariProxyPreparedStatement.java) ~[HikariCP-5.0.1.jar!/:na]
	at org.hibernate.sql.results.jdbc.internal.DeferredResultSetAccess.executeQuery(DeferredResultSetAccess.java:246) ~[hibernate-core-6.4.4.Final.jar!/:6.4.4.Final]
	at org.hibernate.sql.results.jdbc.internal.DeferredResultSetAccess.getResultSet(DeferredResultSetAccess.java:167) ~[hibernate-core-6.4.4.Final.jar!/:6.4.4.Final]
	at org.hibernate.sql.results.jdbc.internal.JdbcValuesResultSetImpl.advanceNext(JdbcValuesResultSetImpl.java:218) ~[hibernate-core-6.4.4.Final.jar!/:6.4.4.Final]
	at org.hibernate.sql.results.jdbc.internal.JdbcValuesResultSetImpl.processNext(JdbcValuesResultSetImpl.java:98) ~[hibernate-core-6.4.4.Final.jar!/:6.4.4.Final]
	at org.hibernate.sql.results.jdbc.internal.AbstractJdbcValues.next(AbstractJdbcValues.java:19) ~[hibernate-core-6.4.4.Final.jar!/:6.4.4.Final]
	at org.hibernate.sql.results.internal.RowProcessingStateStandardImpl.next(RowProcessingStateStandardImpl.java:66) ~[hibernate-core-6.4.4.Final.jar!/:6.4.4.Final]
	at org.hibernate.sql.results.spi.ListResultsConsumer.consume(ListResultsConsumer.java:202) ~[hibernate-core-6.4.4.Final.jar!/:6.4.4.Final]
	at org.hibernate.sql.results.spi.ListResultsConsumer.consume(ListResultsConsumer.java:33) ~[hibernate-core-6.4.4.Final.jar!/:6.4.4.Final]
	at org.hibernate.sql.exec.internal.JdbcSelectExecutorStandardImpl.doExecuteQuery(JdbcSelectExecutorStandardImpl.java:209) ~[hibernate-core-6.4.4.Final.jar!/:6.4.4.Final]
	at org.hibernate.sql.exec.internal.JdbcSelectExecutorStandardImpl.executeQuery(JdbcSelectExecutorStandardImpl.java:83) ~[hibernate-core-6.4.4.Final.jar!/:6.4.4.Final]
	at org.hibernate.sql.exec.spi.JdbcSelectExecutor.list(JdbcSelectExecutor.java:76) ~[hibernate-core-6.4.4.Final.jar!/:6.4.4.Final]
	at org.hibernate.sql.exec.spi.JdbcSelectExecutor.list(JdbcSelectExecutor.java:65) ~[hibernate-core-6.4.4.Final.jar!/:6.4.4.Final]
	at org.hibernate.query.sqm.internal.ConcreteSqmSelectQueryPlan.lambda$new$2(ConcreteSqmSelectQueryPlan.java:137) ~[hibernate-core-6.4.4.Final.jar!/:6.4.4.Final]
	at org.hibernate.query.sqm.internal.ConcreteSqmSelectQueryPlan.withCacheableSqmInterpretation(ConcreteSqmSelectQueryPlan.java:362) ~[hibernate-core-6.4.4.Final.jar!/:6.4.4.Final]
	at org.hibernate.query.sqm.internal.ConcreteSqmSelectQueryPlan.performList(ConcreteSqmSelectQueryPlan.java:303) ~[hibernate-core-6.4.4.Final.jar!/:6.4.4.Final]
	at org.hibernate.query.sqm.internal.QuerySqmImpl.doList(QuerySqmImpl.java:509) ~[hibernate-core-6.4.4.Final.jar!/:6.4.4.Final]
	at org.hibernate.query.spi.AbstractSelectionQuery.list(AbstractSelectionQuery.java:427) ~[hibernate-core-6.4.4.Final.jar!/:6.4.4.Final]
	at org.hibernate.query.spi.AbstractSelectionQuery.getSingleResult(AbstractSelectionQuery.java:564) ~[hibernate-core-6.4.4.Final.jar!/:6.4.4.Final]
	at org.springframework.data.jpa.repository.query.JpaQueryExecution$SingleEntityExecution.doExecute(JpaQueryExecution.java:223) ~[spring-data-jpa-3.2.5.jar!/:3.2.5]
	at org.springframework.data.jpa.repository.query.JpaQueryExecution.execute(JpaQueryExecution.java:92) ~[spring-data-jpa-3.2.5.jar!/:3.2.5]
	at org.springframework.data.jpa.repository.query.AbstractJpaQuery.doExecute(AbstractJpaQuery.java:149) ~[spring-data-jpa-3.2.5.jar!/:3.2.5]
	at org.springframework.data.jpa.repository.query.AbstractJpaQuery.execute(AbstractJpaQuery.java:137) ~[spring-data-jpa-3.2.5.jar!/:3.2.5]
	at org.springframework.data.repository.core.support.RepositoryMethodInvoker.doInvoke(RepositoryMethodInvoker.java:170) ~[spring-data-commons-3.2.5.jar!/:3.2.5]
	at org.springframework.data.repository.core.support.RepositoryMethodInvoker.invoke(RepositoryMethodInvoker.java:158) ~[spring-data-commons-3.2.5.jar!/:3.2.5]
	at org.springframework.data.repository.core.support.QueryExecutorMethodInterceptor.doInvoke(QueryExecutorMethodInterceptor.java:164) ~[spring-data-commons-3.2.5.jar!/:3.2.5]
	at org.springframework.data.repository.core.support.QueryExecutorMethodInterceptor.invoke(QueryExecutorMethodInterceptor.java:143) ~[spring-data-commons-3.2.5.jar!/:3.2.5]
	at org.springframework.aop.framework.ReflectiveMethodInvocation.proceed(ReflectiveMethodInvocation.java:184) ~[spring-aop-6.1.6.jar!/:6.1.6]
	at org.springframework.data.projection.DefaultMethodInvokingMethodInterceptor.invoke(DefaultMethodInvokingMethodInterceptor.java:70) ~[spring-data-commons-3.2.5.jar!/:3.2.5]
	at org.springframework.aop.framework.ReflectiveMethodInvocation.proceed(ReflectiveMethodInvocation.java:184) ~[spring-aop-6.1.6.jar!/:6.1.6]
	at org.springframework.transaction.interceptor.TransactionInterceptor$1.proceedWithInvocation(TransactionInterceptor.java:123) ~[spring-tx-6.1.6.jar!/:6.1.6]
	at org.springframework.transaction.interceptor.TransactionAspectSupport.invokeWithinTransaction(TransactionAspectSupport.java:392) ~[spring-tx-6.1.6.jar!/:6.1.6]
	at org.springframework.transaction.interceptor.TransactionInterceptor.invoke(TransactionInterceptor.java:119) ~[spring-tx-6.1.6.jar!/:6.1.6]
	at org.springframework.aop.framework.ReflectiveMethodInvocation.proceed(ReflectiveMethodInvocation.java:184) ~[spring-aop-6.1.6.jar!/:6.1.6]
	at org.springframework.dao.support.PersistenceExceptionTranslationInterceptor.invoke(PersistenceExceptionTranslationInterceptor.java:137) ~[spring-tx-6.1.6.jar!/:6.1.6]
	at org.springframework.aop.framework.ReflectiveMethodInvocation.proceed(ReflectiveMethodInvocation.java:184) ~[spring-aop-6.1.6.jar!/:6.1.6]
	at org.springframework.data.jpa.repository.support.CrudMethodMetadataPostProcessor$CrudMethodMetadataPopulatingMethodInterceptor.invoke(CrudMethodMetadataPostProcessor.java:135) ~[spring-data-jpa-3.2.5.jar!/:3.2.5]
	at org.springframework.aop.framework.ReflectiveMethodInvocation.proceed(ReflectiveMethodInvocation.java:184) ~[spring-aop-6.1.6.jar!/:6.1.6]
	at org.springframework.aop.interceptor.ExposeInvocationInterceptor.invoke(ExposeInvocationInterceptor.java:97) ~[spring-aop-6.1.6.jar!/:6.1.6]
	at org.springframework.aop.framework.ReflectiveMethodInvocation.proceed(ReflectiveMethodInvocation.java:184) ~[spring-aop-6.1.6.jar!/:6.1.6]
	at org.springframework.aop.framework.JdkDynamicAopProxy.invoke(JdkDynamicAopProxy.java:223) ~[spring-aop-6.1.6.jar!/:6.1.6]
	at jdk.proxy2/jdk.proxy2.$Proxy161.findByGeneration_GenerationId(Unknown Source) ~[na:na]
	at com.unicconnect.service.TimetableGenerationService.delete(TimetableGenerationService.java:2421) ~[!/:0.0.1-SNAPSHOT]
	at java.base/jdk.internal.reflect.DirectMethodHandleAccessor.invoke(DirectMethodHandleAccessor.java:103) ~[na:na]
	at java.base/java.lang.reflect.Method.invoke(Method.java:580) ~[na:na]
	at org.springframework.aop.support.AopUtils.invokeJoinpointUsingReflection(AopUtils.java:354) ~[spring-aop-6.1.6.jar!/:6.1.6]
	at org.springframework.aop.framework.ReflectiveMethodInvocation.invokeJoinpoint(ReflectiveMethodInvocation.java:196) ~[spring-aop-6.1.6.jar!/:6.1.6]
	at org.springframework.aop.framework.ReflectiveMethodInvocation.proceed(ReflectiveMethodInvocation.java:163) ~[spring-aop-6.1.6.jar!/:6.1.6]
	at org.springframework.aop.framework.CglibAopProxy$CglibMethodInvocation.proceed(CglibAopProxy.java:768) ~[spring-aop-6.1.6.jar!/:6.1.6]
	at org.springframework.transaction.interceptor.TransactionInterceptor$1.proceedWithInvocation(TransactionInterceptor.java:123) ~[spring-tx-6.1.6.jar!/:6.1.6]
	at org.springframework.transaction.interceptor.TransactionAspectSupport.invokeWithinTransaction(TransactionAspectSupport.java:392) ~[spring-tx-6.1.6.jar!/:6.1.6]
	at org.springframework.transaction.interceptor.TransactionInterceptor.invoke(TransactionInterceptor.java:119) ~[spring-tx-6.1.6.jar!/:6.1.6]
	at org.springframework.aop.framework.ReflectiveMethodInvocation.proceed(ReflectiveMethodInvocation.java:184) ~[spring-aop-6.1.6.jar!/:6.1.6]
	at org.springframework.aop.framework.CglibAopProxy$CglibMethodInvocation.proceed(CglibAopProxy.java:768) ~[spring-aop-6.1.6.jar!/:6.1.6]
	at org.springframework.aop.framework.CglibAopProxy$DynamicAdvisedInterceptor.intercept(CglibAopProxy.java:720) ~[spring-aop-6.1.6.jar!/:6.1.6]
	at com.unicconnect.service.TimetableGenerationService$$SpringCGLIB$$1.delete(<generated>) ~[!/:0.0.1-SNAPSHOT]
	at com.unicconnect.controller.TimetableGenerationController.delete(TimetableGenerationController.java:126) ~[!/:0.0.1-SNAPSHOT]
	at java.base/jdk.internal.reflect.DirectMethodHandleAccessor.invoke(DirectMethodHandleAccessor.java:103) ~[na:na]
	at java.base/java.lang.reflect.Method.invoke(Method.java:580) ~[na:na]
	at org.springframework.web.method.support.InvocableHandlerMethod.doInvoke(InvocableHandlerMethod.java:255) ~[spring-web-6.1.6.jar!/:6.1.6]
	at org.springframework.web.method.support.InvocableHandlerMethod.invokeForRequest(InvocableHandlerMethod.java:188) ~[spring-web-6.1.6.jar!/:6.1.6]
	at org.springframework.web.servlet.mvc.method.annotation.ServletInvocableHandlerMethod.invokeAndHandle(ServletInvocableHandlerMethod.java:118) ~[spring-webmvc-6.1.6.jar!/:6.1.6]
	at org.springframework.web.servlet.mvc.method.annotation.RequestMappingHandlerAdapter.invokeHandlerMethod(RequestMappingHandlerAdapter.java:926) ~[spring-webmvc-6.1.6.jar!/:6.1.6]
	at org.springframework.web.servlet.mvc.method.annotation.RequestMappingHandlerAdapter.handleInternal(RequestMappingHandlerAdapter.java:831) ~[spring-webmvc-6.1.6.jar!/:6.1.6]
	at org.springframework.web.servlet.mvc.method.AbstractHandlerMethodAdapter.handle(AbstractHandlerMethodAdapter.java:87) ~[spring-webmvc-6.1.6.jar!/:6.1.6]
	at org.springframework.web.servlet.DispatcherServlet.doDispatch(DispatcherServlet.java:1089) ~[spring-webmvc-6.1.6.jar!/:6.1.6]
	at org.springframework.web.servlet.DispatcherServlet.doService(DispatcherServlet.java:979) ~[spring-webmvc-6.1.6.jar!/:6.1.6]
	at org.springframework.web.servlet.FrameworkServlet.processRequest(FrameworkServlet.java:1014) ~[spring-webmvc-6.1.6.jar!/:6.1.6]
	at org.springframework.web.servlet.FrameworkServlet.doDelete(FrameworkServlet.java:936) ~[spring-webmvc-6.1.6.jar!/:6.1.6]
	at jakarta.servlet.http.HttpServlet.service(HttpServlet.java:596) ~[tomcat-embed-core-10.1.20.jar!/:na]
	at org.springframework.web.servlet.FrameworkServlet.service(FrameworkServlet.java:885) ~[spring-webmvc-6.1.6.jar!/:6.1.6]
	at jakarta.servlet.http.HttpServlet.service(HttpServlet.java:658) ~[tomcat-embed-core-10.1.20.jar!/:na]
	at org.apache.catalina.core.ApplicationFilterChain.internalDoFilter(ApplicationFilterChain.java:206) ~[tomcat-embed-core-10.1.20.jar!/:na]
	at org.apache.catalina.core.ApplicationFilterChain.doFilter(ApplicationFilterChain.java:150) ~[tomcat-embed-core-10.1.20.jar!/:na]
	at org.apache.tomcat.websocket.server.WsFilter.doFilter(WsFilter.java:51) ~[tomcat-embed-websocket-10.1.20.jar!/:na]
	at org.apache.catalina.core.ApplicationFilterChain.internalDoFilter(ApplicationFilterChain.java:175) ~[tomcat-embed-core-10.1.20.jar!/:na]
	at org.apache.catalina.core.ApplicationFilterChain.doFilter(ApplicationFilterChain.java:150) ~[tomcat-embed-core-10.1.20.jar!/:na]
	at org.springframework.web.filter.OncePerRequestFilter.doFilter(OncePerRequestFilter.java:110) ~[spring-web-6.1.6.jar!/:6.1.6]
	at org.apache.catalina.core.ApplicationFilterChain.internalDoFilter(ApplicationFilterChain.java:175) ~[tomcat-embed-core-10.1.20.jar!/:na]
	at org.apache.catalina.core.ApplicationFilterChain.doFilter(ApplicationFilterChain.java:150) ~[tomcat-embed-core-10.1.20.jar!/:na]
	at org.springframework.web.filter.CompositeFilter$VirtualFilterChain.doFilter(CompositeFilter.java:108) ~[spring-web-6.1.6.jar!/:6.1.6]
	at org.springframework.security.web.FilterChainProxy.lambda$doFilterInternal$3(FilterChainProxy.java:231) ~[spring-security-web-6.2.4.jar!/:6.2.4]
	at org.springframework.security.web.FilterChainProxy$VirtualFilterChain.doFilter(FilterChainProxy.java:365) ~[spring-security-web-6.2.4.jar!/:6.2.4]
	at org.springframework.security.web.access.intercept.AuthorizationFilter.doFilter(AuthorizationFilter.java:100) ~[spring-security-web-6.2.4.jar!/:6.2.4]
	at org.springframework.security.web.FilterChainProxy$VirtualFilterChain.doFilter(FilterChainProxy.java:374) ~[spring-security-web-6.2.4.jar!/:6.2.4]
	at org.springframework.security.web.access.ExceptionTranslationFilter.doFilter(ExceptionTranslationFilter.java:126) ~[spring-security-web-6.2.4.jar!/:6.2.4]
	at org.springframework.security.web.access.ExceptionTranslationFilter.doFilter(ExceptionTranslationFilter.java:120) ~[spring-security-web-6.2.4.jar!/:6.2.4]
	at org.springframework.security.web.FilterChainProxy$VirtualFilterChain.doFilter(FilterChainProxy.java:374) ~[spring-security-web-6.2.4.jar!/:6.2.4]
	at org.springframework.security.web.session.SessionManagementFilter.doFilter(SessionManagementFilter.java:131) ~[spring-security-web-6.2.4.jar!/:6.2.4]
	at org.springframework.security.web.session.SessionManagementFilter.doFilter(SessionManagementFilter.java:85) ~[spring-security-web-6.2.4.jar!/:6.2.4]
	at org.springframework.security.web.FilterChainProxy$VirtualFilterChain.doFilter(FilterChainProxy.java:374) ~[spring-security-web-6.2.4.jar!/:6.2.4]
	at org.springframework.security.web.authentication.AnonymousAuthenticationFilter.doFilter(AnonymousAuthenticationFilter.java:100) ~[spring-security-web-6.2.4.jar!/:6.2.4]
	at org.springframework.security.web.FilterChainProxy$VirtualFilterChain.doFilter(FilterChainProxy.java:374) ~[spring-security-web-6.2.4.jar!/:6.2.4]
	at org.springframework.security.web.servletapi.SecurityContextHolderAwareRequestFilter.doFilter(SecurityContextHolderAwareRequestFilter.java:179) ~[spring-security-web-6.2.4.jar!/:6.2.4]
	at org.springframework.security.web.FilterChainProxy$VirtualFilterChain.doFilter(FilterChainProxy.java:374) ~[spring-security-web-6.2.4.jar!/:6.2.4]
	at org.springframework.security.web.savedrequest.RequestCacheAwareFilter.doFilter(RequestCacheAwareFilter.java:63) ~[spring-security-web-6.2.4.jar!/:6.2.4]
	at org.springframework.security.web.FilterChainProxy$VirtualFilterChain.doFilter(FilterChainProxy.java:374) ~[spring-security-web-6.2.4.jar!/:6.2.4]
	at com.unicconnect.security.JwtAuthenticationFilter.doFilterInternal(JwtAuthenticationFilter.java:49) ~[!/:0.0.1-SNAPSHOT]
	at org.springframework.web.filter.OncePerRequestFilter.doFilter(OncePerRequestFilter.java:116) ~[spring-web-6.1.6.jar!/:6.1.6]
	at org.springframework.security.web.FilterChainProxy$VirtualFilterChain.doFilter(FilterChainProxy.java:374) ~[spring-security-web-6.2.4.jar!/:6.2.4]
	at org.springframework.security.web.authentication.logout.LogoutFilter.doFilter(LogoutFilter.java:107) ~[spring-security-web-6.2.4.jar!/:6.2.4]
	at org.springframework.security.web.authentication.logout.LogoutFilter.doFilter(LogoutFilter.java:93) ~[spring-security-web-6.2.4.jar!/:6.2.4]
	at org.springframework.security.web.FilterChainProxy$VirtualFilterChain.doFilter(FilterChainProxy.java:374) ~[spring-security-web-6.2.4.jar!/:6.2.4]
	at org.springframework.web.filter.CorsFilter.doFilterInternal(CorsFilter.java:91) ~[spring-web-6.1.6.jar!/:6.1.6]
	at org.springframework.web.filter.OncePerRequestFilter.doFilter(OncePerRequestFilter.java:116) ~[spring-web-6.1.6.jar!/:6.1.6]
	at org.springframework.security.web.FilterChainProxy$VirtualFilterChain.doFilter(FilterChainProxy.java:374) ~[spring-security-web-6.2.4.jar!/:6.2.4]
	at org.springframework.security.web.header.HeaderWriterFilter.doHeadersAfter(HeaderWriterFilter.java:90) ~[spring-security-web-6.2.4.jar!/:6.2.4]
	at org.springframework.security.web.header.HeaderWriterFilter.doFilterInternal(HeaderWriterFilter.java:75) ~[spring-security-web-6.2.4.jar!/:6.2.4]
	at org.springframework.web.filter.OncePerRequestFilter.doFilter(OncePerRequestFilter.java:116) ~[spring-web-6.1.6.jar!/:6.1.6]
	at org.springframework.security.web.FilterChainProxy$VirtualFilterChain.doFilter(FilterChainProxy.java:374) ~[spring-security-web-6.2.4.jar!/:6.2.4]
	at org.springframework.security.web.context.SecurityContextHolderFilter.doFilter(SecurityContextHolderFilter.java:82) ~[spring-security-web-6.2.4.jar!/:6.2.4]
	at org.springframework.security.web.context.SecurityContextHolderFilter.doFilter(SecurityContextHolderFilter.java:69) ~[spring-security-web-6.2.4.jar!/:6.2.4]
	at org.springframework.security.web.FilterChainProxy$VirtualFilterChain.doFilter(FilterChainProxy.java:374) ~[spring-security-web-6.2.4.jar!/:6.2.4]
	at org.springframework.security.web.context.request.async.WebAsyncManagerIntegrationFilter.doFilterInternal(WebAsyncManagerIntegrationFilter.java:62) ~[spring-security-web-6.2.4.jar!/:6.2.4]
	at org.springframework.web.filter.OncePerRequestFilter.doFilter(OncePerRequestFilter.java:116) ~[spring-web-6.1.6.jar!/:6.1.6]
	at org.springframework.security.web.FilterChainProxy$VirtualFilterChain.doFilter(FilterChainProxy.java:374) ~[spring-security-web-6.2.4.jar!/:6.2.4]
	at org.springframework.security.web.session.DisableEncodeUrlFilter.doFilterInternal(DisableEncodeUrlFilter.java:42) ~[spring-security-web-6.2.4.jar!/:6.2.4]
	at org.springframework.web.filter.OncePerRequestFilter.doFilter(OncePerRequestFilter.java:116) ~[spring-web-6.1.6.jar!/:6.1.6]
	at org.springframework.security.web.FilterChainProxy$VirtualFilterChain.doFilter(FilterChainProxy.java:374) ~[spring-security-web-6.2.4.jar!/:6.2.4]
	at org.springframework.security.web.FilterChainProxy.doFilterInternal(FilterChainProxy.java:233) ~[spring-security-web-6.2.4.jar!/:6.2.4]
	at org.springframework.security.web.FilterChainProxy.doFilter(FilterChainProxy.java:191) ~[spring-security-web-6.2.4.jar!/:6.2.4]
	at org.springframework.web.filter.CompositeFilter$VirtualFilterChain.doFilter(CompositeFilter.java:113) ~[spring-web-6.1.6.jar!/:6.1.6]
	at org.springframework.web.servlet.handler.HandlerMappingIntrospector.lambda$createCacheFilter$3(HandlerMappingIntrospector.java:195) ~[spring-webmvc-6.1.6.jar!/:6.1.6]
	at org.springframework.web.filter.CompositeFilter$VirtualFilterChain.doFilter(CompositeFilter.java:113) ~[spring-web-6.1.6.jar!/:6.1.6]
	at org.springframework.web.filter.CompositeFilter.doFilter(CompositeFilter.java:74) ~[spring-web-6.1.6.jar!/:6.1.6]
	at org.springframework.security.config.annotation.web.configuration.WebMvcSecurityConfiguration$CompositeFilterChainProxy.doFilter(WebMvcSecurityConfiguration.java:230) ~[spring-security-config-6.2.4.jar!/:6.2.4]
	at org.springframework.web.filter.DelegatingFilterProxy.invokeDelegate(DelegatingFilterProxy.java:352) ~[spring-web-6.1.6.jar!/:6.1.6]
	at org.springframework.web.filter.DelegatingFilterProxy.doFilter(DelegatingFilterProxy.java:268) ~[spring-web-6.1.6.jar!/:6.1.6]
	at org.apache.catalina.core.ApplicationFilterChain.internalDoFilter(ApplicationFilterChain.java:175) ~[tomcat-embed-core-10.1.20.jar!/:na]
	at org.apache.catalina.core.ApplicationFilterChain.doFilter(ApplicationFilterChain.java:150) ~[tomcat-embed-core-10.1.20.jar!/:na]
	at org.springframework.web.filter.RequestContextFilter.doFilterInternal(RequestContextFilter.java:100) ~[spring-web-6.1.6.jar!/:6.1.6]
	at org.springframework.web.filter.OncePerRequestFilter.doFilter(OncePerRequestFilter.java:116) ~[spring-web-6.1.6.jar!/:6.1.6]
	at org.apache.catalina.core.ApplicationFilterChain.internalDoFilter(ApplicationFilterChain.java:175) ~[tomcat-embed-core-10.1.20.jar!/:na]
	at org.apache.catalina.core.ApplicationFilterChain.doFilter(ApplicationFilterChain.java:150) ~[tomcat-embed-core-10.1.20.jar!/:na]
	at org.springframework.web.filter.FormContentFilter.doFilterInternal(FormContentFilter.java:93) ~[spring-web-6.1.6.jar!/:6.1.6]
	at org.springframework.web.filter.OncePerRequestFilter.doFilter(OncePerRequestFilter.java:116) ~[spring-web-6.1.6.jar!/:6.1.6]
	at org.apache.catalina.core.ApplicationFilterChain.internalDoFilter(ApplicationFilterChain.java:175) ~[tomcat-embed-core-10.1.20.jar!/:na]
	at org.apache.catalina.core.ApplicationFilterChain.doFilter(ApplicationFilterChain.java:150) ~[tomcat-embed-core-10.1.20.jar!/:na]
	at org.springframework.web.filter.CharacterEncodingFilter.doFilterInternal(CharacterEncodingFilter.java:201) ~[spring-web-6.1.6.jar!/:6.1.6]
	at org.springframework.web.filter.OncePerRequestFilter.doFilter(OncePerRequestFilter.java:116) ~[spring-web-6.1.6.jar!/:6.1.6]
	at org.apache.catalina.core.ApplicationFilterChain.internalDoFilter(ApplicationFilterChain.java:175) ~[tomcat-embed-core-10.1.20.jar!/:na]
	at org.apache.catalina.core.ApplicationFilterChain.doFilter(ApplicationFilterChain.java:150) ~[tomcat-embed-core-10.1.20.jar!/:na]
	at org.apache.catalina.core.StandardWrapperValve.invoke(StandardWrapperValve.java:167) ~[tomcat-embed-core-10.1.20.jar!/:na]
	at org.apache.catalina.core.StandardContextValve.invoke(StandardContextValve.java:90) ~[tomcat-embed-core-10.1.20.jar!/:na]
	at org.apache.catalina.authenticator.AuthenticatorBase.invoke(AuthenticatorBase.java:482) ~[tomcat-embed-core-10.1.20.jar!/:na]
	at org.apache.catalina.core.StandardHostValve.invoke(StandardHostValve.java:115) ~[tomcat-embed-core-10.1.20.jar!/:na]
	at org.apache.catalina.valves.ErrorReportValve.invoke(ErrorReportValve.java:93) ~[tomcat-embed-core-10.1.20.jar!/:na]
	at org.apache.catalina.core.StandardEngineValve.invoke(StandardEngineValve.java:74) ~[tomcat-embed-core-10.1.20.jar!/:na]
	at org.apache.catalina.connector.CoyoteAdapter.service(CoyoteAdapter.java:344) ~[tomcat-embed-core-10.1.20.jar!/:na]
	at org.apache.coyote.http11.Http11Processor.service(Http11Processor.java:391) ~[tomcat-embed-core-10.1.20.jar!/:na]
	at org.apache.coyote.AbstractProcessorLight.process(AbstractProcessorLight.java:63) ~[tomcat-embed-core-10.1.20.jar!/:na]
	at org.apache.coyote.AbstractProtocol$ConnectionHandler.process(AbstractProtocol.java:896) ~[tomcat-embed-core-10.1.20.jar!/:na]
	at org.apache.tomcat.util.net.NioEndpoint$SocketProcessor.doRun(NioEndpoint.java:1736) ~[tomcat-embed-core-10.1.20.jar!/:na]
	at org.apache.tomcat.util.net.SocketProcessorBase.run(SocketProcessorBase.java:52) ~[tomcat-embed-core-10.1.20.jar!/:na]
	at org.apache.tomcat.util.threads.ThreadPoolExecutor.runWorker(ThreadPoolExecutor.java:1191) ~[tomcat-embed-core-10.1.20.jar!/:na]
	at org.apache.tomcat.util.threads.ThreadPoolExecutor$Worker.run(ThreadPoolExecutor.java:659) ~[tomcat-embed-core-10.1.20.jar!/:na]
	at org.apache.tomcat.util.threads.TaskThread$WrappingRunnable.run(TaskThread.java:63) ~[tomcat-embed-core-10.1.20.jar!/:na]
	at java.base/java.lang.Thread.run(Thread.java:1583) ~[na:na]
Caused by: java.net.SocketException: Connection reset
	at java.base/sun.nio.ch.NioSocketImpl.implRead(NioSocketImpl.java:318) ~[na:na]
	at java.base/sun.nio.ch.NioSocketImpl.read(NioSocketImpl.java:346) ~[na:na]
	at java.base/sun.nio.ch.NioSocketImpl$1.read(NioSocketImpl.java:796) ~[na:na]
	at java.base/java.net.Socket$SocketInputStream.read(Socket.java:1099) ~[na:na]
	at java.base/sun.security.ssl.SSLSocketInputRecord.read(SSLSocketInputRecord.java:489) ~[na:na]
	at java.base/sun.security.ssl.SSLSocketInputRecord.readHeader(SSLSocketInputRecord.java:483) ~[na:na]
	at java.base/sun.security.ssl.SSLSocketInputRecord.bytesInCompletePacket(SSLSocketInputRecord.java:70) ~[na:na]
	at java.base/sun.security.ssl.SSLSocketImpl.readApplicationRecord(SSLSocketImpl.java:1460) ~[na:na]
	at java.base/sun.security.ssl.SSLSocketImpl$AppInputStream.read(SSLSocketImpl.java:1066) ~[na:na]
	at org.postgresql.core.VisibleBufferedInputStream.readMore(VisibleBufferedInputStream.java:161) ~[postgresql-42.6.2.jar!/:42.6.2]
	at org.postgresql.core.VisibleBufferedInputStream.ensureBytes(VisibleBufferedInputStream.java:128) ~[postgresql-42.6.2.jar!/:42.6.2]
	at org.postgresql.core.VisibleBufferedInputStream.ensureBytes(VisibleBufferedInputStream.java:113) ~[postgresql-42.6.2.jar!/:42.6.2]
	at org.postgresql.core.VisibleBufferedInputStream.read(VisibleBufferedInputStream.java:73) ~[postgresql-42.6.2.jar!/:42.6.2]
	at org.postgresql.core.PGStream.receiveChar(PGStream.java:465) ~[postgresql-42.6.2.jar!/:42.6.2]
	at org.postgresql.core.v3.QueryExecutorImpl.processResults(QueryExecutorImpl.java:2155) ~[postgresql-42.6.2.jar!/:42.6.2]
	at org.postgresql.core.v3.QueryExecutorImpl.execute(QueryExecutorImpl.java:368) ~[postgresql-42.6.2.jar!/:42.6.2]
	... 163 common frames omitted

2026-08-31T19:17:35.684+06:30  WARN 8652 --- [nio-8090-exec-1] o.h.engine.jdbc.spi.SqlExceptionHelper   : SQL Error: 0, SQLState: 08006
2026-08-31T19:17:35.684+06:30  WARN 8652 --- [nio-8090-exec-2] o.h.engine.jdbc.spi.SqlExceptionHelper   : SQL Error: 0, SQLState: 08006
2026-08-31T19:17:35.688+06:30 ERROR 8652 --- [nio-8090-exec-2] o.h.engine.jdbc.spi.SqlExceptionHelper   : An I/O error occurred while sending to the backend.
2026-08-31T19:17:35.688+06:30 ERROR 8652 --- [nio-8090-exec-1] o.h.engine.jdbc.spi.SqlExceptionHelper   : An I/O error occurred while sending to the backend.
2026-08-31T19:17:35.985+06:30 ERROR 8652 --- [nio-8090-exec-1] o.s.t.i.TransactionInterceptor           : Application exception overridden by rollback exception

org.springframework.dao.DataAccessResourceFailureException: JDBC exception executing SQL [select tl1_0.lobby_id,tl1_0.created_at,tl1_0.generation_id,tl1_0.leader_staff_id,tl1_0.status,tl1_0.term_id,tl1_0.updated_at from timetable_lobbies tl1_0 left join generation_sessions g1_0 on g1_0.generation_id=tl1_0.generation_id where g1_0.generation_id=?] [An I/O error occurred while sending to the backend.] [n/a]
	at org.springframework.orm.jpa.vendor.HibernateJpaDialect.convertHibernateAccessException(HibernateJpaDialect.java:274) ~[spring-orm-6.1.6.jar!/:6.1.6]
	at org.springframework.orm.jpa.vendor.HibernateJpaDialect.translateExceptionIfPossible(HibernateJpaDialect.java:241) ~[spring-orm-6.1.6.jar!/:6.1.6]
	at org.springframework.orm.jpa.AbstractEntityManagerFactoryBean.translateExceptionIfPossible(AbstractEntityManagerFactoryBean.java:550) ~[spring-orm-6.1.6.jar!/:6.1.6]
	at org.springframework.dao.support.ChainedPersistenceExceptionTranslator.translateExceptionIfPossible(ChainedPersistenceExceptionTranslator.java:61) ~[spring-tx-6.1.6.jar!/:6.1.6]
	at org.springframework.dao.support.DataAccessUtils.translateIfNecessary(DataAccessUtils.java:335) ~[spring-tx-6.1.6.jar!/:6.1.6]
	at org.springframework.dao.support.PersistenceExceptionTranslationInterceptor.invoke(PersistenceExceptionTranslationInterceptor.java:152) ~[spring-tx-6.1.6.jar!/:6.1.6]
	at org.springframework.aop.framework.ReflectiveMethodInvocation.proceed(ReflectiveMethodInvocation.java:184) ~[spring-aop-6.1.6.jar!/:6.1.6]
	at org.springframework.data.jpa.repository.support.CrudMethodMetadataPostProcessor$CrudMethodMetadataPopulatingMethodInterceptor.invoke(CrudMethodMetadataPostProcessor.java:135) ~[spring-data-jpa-3.2.5.jar!/:3.2.5]
	at org.springframework.aop.framework.ReflectiveMethodInvocation.proceed(ReflectiveMethodInvocation.java:184) ~[spring-aop-6.1.6.jar!/:6.1.6]
	at org.springframework.aop.interceptor.ExposeInvocationInterceptor.invoke(ExposeInvocationInterceptor.java:97) ~[spring-aop-6.1.6.jar!/:6.1.6]
	at org.springframework.aop.framework.ReflectiveMethodInvocation.proceed(ReflectiveMethodInvocation.java:184) ~[spring-aop-6.1.6.jar!/:6.1.6]
	at org.springframework.aop.framework.JdkDynamicAopProxy.invoke(JdkDynamicAopProxy.java:223) ~[spring-aop-6.1.6.jar!/:6.1.6]
	at jdk.proxy2/jdk.proxy2.$Proxy161.findByGeneration_GenerationId(Unknown Source) ~[na:na]
	at com.unicconnect.service.TimetableGenerationService.delete(TimetableGenerationService.java:2421) ~[!/:0.0.1-SNAPSHOT]
	at java.base/jdk.internal.reflect.DirectMethodHandleAccessor.invoke(DirectMethodHandleAccessor.java:103) ~[na:na]
	at java.base/java.lang.reflect.Method.invoke(Method.java:580) ~[na:na]
	at org.springframework.aop.support.AopUtils.invokeJoinpointUsingReflection(AopUtils.java:354) ~[spring-aop-6.1.6.jar!/:6.1.6]
	at org.springframework.aop.framework.ReflectiveMethodInvocation.invokeJoinpoint(ReflectiveMethodInvocation.java:196) ~[spring-aop-6.1.6.jar!/:6.1.6]
	at org.springframework.aop.framework.ReflectiveMethodInvocation.proceed(ReflectiveMethodInvocation.java:163) ~[spring-aop-6.1.6.jar!/:6.1.6]
	at org.springframework.aop.framework.CglibAopProxy$CglibMethodInvocation.proceed(CglibAopProxy.java:768) ~[spring-aop-6.1.6.jar!/:6.1.6]
	at org.springframework.transaction.interceptor.TransactionInterceptor$1.proceedWithInvocation(TransactionInterceptor.java:123) ~[spring-tx-6.1.6.jar!/:6.1.6]
	at org.springframework.transaction.interceptor.TransactionAspectSupport.invokeWithinTransaction(TransactionAspectSupport.java:392) ~[spring-tx-6.1.6.jar!/:6.1.6]
	at org.springframework.transaction.interceptor.TransactionInterceptor.invoke(TransactionInterceptor.java:119) ~[spring-tx-6.1.6.jar!/:6.1.6]
	at org.springframework.aop.framework.ReflectiveMethodInvocation.proceed(ReflectiveMethodInvocation.java:184) ~[spring-aop-6.1.6.jar!/:6.1.6]
	at org.springframework.aop.framework.CglibAopProxy$CglibMethodInvocation.proceed(CglibAopProxy.java:768) ~[spring-aop-6.1.6.jar!/:6.1.6]
	at org.springframework.aop.framework.CglibAopProxy$DynamicAdvisedInterceptor.intercept(CglibAopProxy.java:720) ~[spring-aop-6.1.6.jar!/:6.1.6]
	at com.unicconnect.service.TimetableGenerationService$$SpringCGLIB$$1.delete(<generated>) ~[!/:0.0.1-SNAPSHOT]
	at com.unicconnect.controller.TimetableGenerationController.delete(TimetableGenerationController.java:126) ~[!/:0.0.1-SNAPSHOT]
	at java.base/jdk.internal.reflect.DirectMethodHandleAccessor.invoke(DirectMethodHandleAccessor.java:103) ~[na:na]
	at java.base/java.lang.reflect.Method.invoke(Method.java:580) ~[na:na]
	at org.springframework.web.method.support.InvocableHandlerMethod.doInvoke(InvocableHandlerMethod.java:255) ~[spring-web-6.1.6.jar!/:6.1.6]
	at org.springframework.web.method.support.InvocableHandlerMethod.invokeForRequest(InvocableHandlerMethod.java:188) ~[spring-web-6.1.6.jar!/:6.1.6]
	at org.springframework.web.servlet.mvc.method.annotation.ServletInvocableHandlerMethod.invokeAndHandle(ServletInvocableHandlerMethod.java:118) ~[spring-webmvc-6.1.6.jar!/:6.1.6]
	at org.springframework.web.servlet.mvc.method.annotation.RequestMappingHandlerAdapter.invokeHandlerMethod(RequestMappingHandlerAdapter.java:926) ~[spring-webmvc-6.1.6.jar!/:6.1.6]
	at org.springframework.web.servlet.mvc.method.annotation.RequestMappingHandlerAdapter.handleInternal(RequestMappingHandlerAdapter.java:831) ~[spring-webmvc-6.1.6.jar!/:6.1.6]
	at org.springframework.web.servlet.mvc.method.AbstractHandlerMethodAdapter.handle(AbstractHandlerMethodAdapter.java:87) ~[spring-webmvc-6.1.6.jar!/:6.1.6]
	at org.springframework.web.servlet.DispatcherServlet.doDispatch(DispatcherServlet.java:1089) ~[spring-webmvc-6.1.6.jar!/:6.1.6]
	at org.springframework.web.servlet.DispatcherServlet.doService(DispatcherServlet.java:979) ~[spring-webmvc-6.1.6.jar!/:6.1.6]
	at org.springframework.web.servlet.FrameworkServlet.processRequest(FrameworkServlet.java:1014) ~[spring-webmvc-6.1.6.jar!/:6.1.6]
	at org.springframework.web.servlet.FrameworkServlet.doDelete(FrameworkServlet.java:936) ~[spring-webmvc-6.1.6.jar!/:6.1.6]
	at jakarta.servlet.http.HttpServlet.service(HttpServlet.java:596) ~[tomcat-embed-core-10.1.20.jar!/:na]
	at org.springframework.web.servlet.FrameworkServlet.service(FrameworkServlet.java:885) ~[spring-webmvc-6.1.6.jar!/:6.1.6]
	at jakarta.servlet.http.HttpServlet.service(HttpServlet.java:658) ~[tomcat-embed-core-10.1.20.jar!/:na]
	at org.apache.catalina.core.ApplicationFilterChain.internalDoFilter(ApplicationFilterChain.java:206) ~[tomcat-embed-core-10.1.20.jar!/:na]
	at org.apache.catalina.core.ApplicationFilterChain.doFilter(ApplicationFilterChain.java:150) ~[tomcat-embed-core-10.1.20.jar!/:na]
	at org.apache.tomcat.websocket.server.WsFilter.doFilter(WsFilter.java:51) ~[tomcat-embed-websocket-10.1.20.jar!/:na]
	at org.apache.catalina.core.ApplicationFilterChain.internalDoFilter(ApplicationFilterChain.java:175) ~[tomcat-embed-core-10.1.20.jar!/:na]
	at org.apache.catalina.core.ApplicationFilterChain.doFilter(ApplicationFilterChain.java:150) ~[tomcat-embed-core-10.1.20.jar!/:na]
	at org.springframework.web.filter.OncePerRequestFilter.doFilter(OncePerRequestFilter.java:110) ~[spring-web-6.1.6.jar!/:6.1.6]
	at org.apache.catalina.core.ApplicationFilterChain.internalDoFilter(ApplicationFilterChain.java:175) ~[tomcat-embed-core-10.1.20.jar!/:na]
	at org.apache.catalina.core.ApplicationFilterChain.doFilter(ApplicationFilterChain.java:150) ~[tomcat-embed-core-10.1.20.jar!/:na]
	at org.springframework.web.filter.CompositeFilter$VirtualFilterChain.doFilter(CompositeFilter.java:108) ~[spring-web-6.1.6.jar!/:6.1.6]
	at org.springframework.security.web.FilterChainProxy.lambda$doFilterInternal$3(FilterChainProxy.java:231) ~[spring-security-web-6.2.4.jar!/:6.2.4]
	at org.springframework.security.web.FilterChainProxy$VirtualFilterChain.doFilter(FilterChainProxy.java:365) ~[spring-security-web-6.2.4.jar!/:6.2.4]
	at org.springframework.security.web.access.intercept.AuthorizationFilter.doFilter(AuthorizationFilter.java:100) ~[spring-security-web-6.2.4.jar!/:6.2.4]
	at org.springframework.security.web.FilterChainProxy$VirtualFilterChain.doFilter(FilterChainProxy.java:374) ~[spring-security-web-6.2.4.jar!/:6.2.4]
	at org.springframework.security.web.access.ExceptionTranslationFilter.doFilter(ExceptionTranslationFilter.java:126) ~[spring-security-web-6.2.4.jar!/:6.2.4]
	at org.springframework.security.web.access.ExceptionTranslationFilter.doFilter(ExceptionTranslationFilter.java:120) ~[spring-security-web-6.2.4.jar!/:6.2.4]
	at org.springframework.security.web.FilterChainProxy$VirtualFilterChain.doFilter(FilterChainProxy.java:374) ~[spring-security-web-6.2.4.jar!/:6.2.4]
	at org.springframework.security.web.session.SessionManagementFilter.doFilter(SessionManagementFilter.java:131) ~[spring-security-web-6.2.4.jar!/:6.2.4]
	at org.springframework.security.web.session.SessionManagementFilter.doFilter(SessionManagementFilter.java:85) ~[spring-security-web-6.2.4.jar!/:6.2.4]
	at org.springframework.security.web.FilterChainProxy$VirtualFilterChain.doFilter(FilterChainProxy.java:374) ~[spring-security-web-6.2.4.jar!/:6.2.4]
	at org.springframework.security.web.authentication.AnonymousAuthenticationFilter.doFilter(AnonymousAuthenticationFilter.java:100) ~[spring-security-web-6.2.4.jar!/:6.2.4]
	at org.springframework.security.web.FilterChainProxy$VirtualFilterChain.doFilter(FilterChainProxy.java:374) ~[spring-security-web-6.2.4.jar!/:6.2.4]
	at org.springframework.security.web.servletapi.SecurityContextHolderAwareRequestFilter.doFilter(SecurityContextHolderAwareRequestFilter.java:179) ~[spring-security-web-6.2.4.jar!/:6.2.4]
	at org.springframework.security.web.FilterChainProxy$VirtualFilterChain.doFilter(FilterChainProxy.java:374) ~[spring-security-web-6.2.4.jar!/:6.2.4]
	at org.springframework.security.web.savedrequest.RequestCacheAwareFilter.doFilter(RequestCacheAwareFilter.java:63) ~[spring-security-web-6.2.4.jar!/:6.2.4]
	at org.springframework.security.web.FilterChainProxy$VirtualFilterChain.doFilter(FilterChainProxy.java:374) ~[spring-security-web-6.2.4.jar!/:6.2.4]
	at com.unicconnect.security.JwtAuthenticationFilter.doFilterInternal(JwtAuthenticationFilter.java:49) ~[!/:0.0.1-SNAPSHOT]
	at org.springframework.web.filter.OncePerRequestFilter.doFilter(OncePerRequestFilter.java:116) ~[spring-web-6.1.6.jar!/:6.1.6]
	at org.springframework.security.web.FilterChainProxy$VirtualFilterChain.doFilter(FilterChainProxy.java:374) ~[spring-security-web-6.2.4.jar!/:6.2.4]
	at org.springframework.security.web.authentication.logout.LogoutFilter.doFilter(LogoutFilter.java:107) ~[spring-security-web-6.2.4.jar!/:6.2.4]
	at org.springframework.security.web.authentication.logout.LogoutFilter.doFilter(LogoutFilter.java:93) ~[spring-security-web-6.2.4.jar!/:6.2.4]
	at org.springframework.security.web.FilterChainProxy$VirtualFilterChain.doFilter(FilterChainProxy.java:374) ~[spring-security-web-6.2.4.jar!/:6.2.4]
	at org.springframework.web.filter.CorsFilter.doFilterInternal(CorsFilter.java:91) ~[spring-web-6.1.6.jar!/:6.1.6]
	at org.springframework.web.filter.OncePerRequestFilter.doFilter(OncePerRequestFilter.java:116) ~[spring-web-6.1.6.jar!/:6.1.6]
	at org.springframework.security.web.FilterChainProxy$VirtualFilterChain.doFilter(FilterChainProxy.java:374) ~[spring-security-web-6.2.4.jar!/:6.2.4]
	at org.springframework.security.web.header.HeaderWriterFilter.doHeadersAfter(HeaderWriterFilter.java:90) ~[spring-security-web-6.2.4.jar!/:6.2.4]
	at org.springframework.security.web.header.HeaderWriterFilter.doFilterInternal(HeaderWriterFilter.java:75) ~[spring-security-web-6.2.4.jar!/:6.2.4]
	at org.springframework.web.filter.OncePerRequestFilter.doFilter(OncePerRequestFilter.java:116) ~[spring-web-6.1.6.jar!/:6.1.6]
	at org.springframework.security.web.FilterChainProxy$VirtualFilterChain.doFilter(FilterChainProxy.java:374) ~[spring-security-web-6.2.4.jar!/:6.2.4]
	at org.springframework.security.web.context.SecurityContextHolderFilter.doFilter(SecurityContextHolderFilter.java:82) ~[spring-security-web-6.2.4.jar!/:6.2.4]
	at org.springframework.security.web.context.SecurityContextHolderFilter.doFilter(SecurityContextHolderFilter.java:69) ~[spring-security-web-6.2.4.jar!/:6.2.4]
	at org.springframework.security.web.FilterChainProxy$VirtualFilterChain.doFilter(FilterChainProxy.java:374) ~[spring-security-web-6.2.4.jar!/:6.2.4]
	at org.springframework.security.web.context.request.async.WebAsyncManagerIntegrationFilter.doFilterInternal(WebAsyncManagerIntegrationFilter.java:62) ~[spring-security-web-6.2.4.jar!/:6.2.4]
	at org.springframework.web.filter.OncePerRequestFilter.doFilter(OncePerRequestFilter.java:116) ~[spring-web-6.1.6.jar!/:6.1.6]
	at org.springframework.security.web.FilterChainProxy$VirtualFilterChain.doFilter(FilterChainProxy.java:374) ~[spring-security-web-6.2.4.jar!/:6.2.4]
	at org.springframework.security.web.session.DisableEncodeUrlFilter.doFilterInternal(DisableEncodeUrlFilter.java:42) ~[spring-security-web-6.2.4.jar!/:6.2.4]
	at org.springframework.web.filter.OncePerRequestFilter.doFilter(OncePerRequestFilter.java:116) ~[spring-web-6.1.6.jar!/:6.1.6]
	at org.springframework.security.web.FilterChainProxy$VirtualFilterChain.doFilter(FilterChainProxy.java:374) ~[spring-security-web-6.2.4.jar!/:6.2.4]
	at org.springframework.security.web.FilterChainProxy.doFilterInternal(FilterChainProxy.java:233) ~[spring-security-web-6.2.4.jar!/:6.2.4]
	at org.springframework.security.web.FilterChainProxy.doFilter(FilterChainProxy.java:191) ~[spring-security-web-6.2.4.jar!/:6.2.4]
	at org.springframework.web.filter.CompositeFilter$VirtualFilterChain.doFilter(CompositeFilter.java:113) ~[spring-web-6.1.6.jar!/:6.1.6]
	at org.springframework.web.servlet.handler.HandlerMappingIntrospector.lambda$createCacheFilter$3(HandlerMappingIntrospector.java:195) ~[spring-webmvc-6.1.6.jar!/:6.1.6]
	at org.springframework.web.filter.CompositeFilter$VirtualFilterChain.doFilter(CompositeFilter.java:113) ~[spring-web-6.1.6.jar!/:6.1.6]
	at org.springframework.web.filter.CompositeFilter.doFilter(CompositeFilter.java:74) ~[spring-web-6.1.6.jar!/:6.1.6]
	at org.springframework.security.config.annotation.web.configuration.WebMvcSecurityConfiguration$CompositeFilterChainProxy.doFilter(WebMvcSecurityConfiguration.java:230) ~[spring-security-config-6.2.4.jar!/:6.2.4]
	at org.springframework.web.filter.DelegatingFilterProxy.invokeDelegate(DelegatingFilterProxy.java:352) ~[spring-web-6.1.6.jar!/:6.1.6]
	at org.springframework.web.filter.DelegatingFilterProxy.doFilter(DelegatingFilterProxy.java:268) ~[spring-web-6.1.6.jar!/:6.1.6]
	at org.apache.catalina.core.ApplicationFilterChain.internalDoFilter(ApplicationFilterChain.java:175) ~[tomcat-embed-core-10.1.20.jar!/:na]
	at org.apache.catalina.core.ApplicationFilterChain.doFilter(ApplicationFilterChain.java:150) ~[tomcat-embed-core-10.1.20.jar!/:na]
	at org.springframework.web.filter.RequestContextFilter.doFilterInternal(RequestContextFilter.java:100) ~[spring-web-6.1.6.jar!/:6.1.6]
	at org.springframework.web.filter.OncePerRequestFilter.doFilter(OncePerRequestFilter.java:116) ~[spring-web-6.1.6.jar!/:6.1.6]
	at org.apache.catalina.core.ApplicationFilterChain.internalDoFilter(ApplicationFilterChain.java:175) ~[tomcat-embed-core-10.1.20.jar!/:na]
	at org.apache.catalina.core.ApplicationFilterChain.doFilter(ApplicationFilterChain.java:150) ~[tomcat-embed-core-10.1.20.jar!/:na]
	at org.springframework.web.filter.FormContentFilter.doFilterInternal(FormContentFilter.java:93) ~[spring-web-6.1.6.jar!/:6.1.6]
	at org.springframework.web.filter.OncePerRequestFilter.doFilter(OncePerRequestFilter.java:116) ~[spring-web-6.1.6.jar!/:6.1.6]
	at org.apache.catalina.core.ApplicationFilterChain.internalDoFilter(ApplicationFilterChain.java:175) ~[tomcat-embed-core-10.1.20.jar!/:na]
	at org.apache.catalina.core.ApplicationFilterChain.doFilter(ApplicationFilterChain.java:150) ~[tomcat-embed-core-10.1.20.jar!/:na]
	at org.springframework.web.filter.CharacterEncodingFilter.doFilterInternal(CharacterEncodingFilter.java:201) ~[spring-web-6.1.6.jar!/:6.1.6]
	at org.springframework.web.filter.OncePerRequestFilter.doFilter(OncePerRequestFilter.java:116) ~[spring-web-6.1.6.jar!/:6.1.6]
	at org.apache.catalina.core.ApplicationFilterChain.internalDoFilter(ApplicationFilterChain.java:175) ~[tomcat-embed-core-10.1.20.jar!/:na]
	at org.apache.catalina.core.ApplicationFilterChain.doFilter(ApplicationFilterChain.java:150) ~[tomcat-embed-core-10.1.20.jar!/:na]
	at org.apache.catalina.core.StandardWrapperValve.invoke(StandardWrapperValve.java:167) ~[tomcat-embed-core-10.1.20.jar!/:na]
	at org.apache.catalina.core.StandardContextValve.invoke(StandardContextValve.java:90) ~[tomcat-embed-core-10.1.20.jar!/:na]
	at org.apache.catalina.authenticator.AuthenticatorBase.invoke(AuthenticatorBase.java:482) ~[tomcat-embed-core-10.1.20.jar!/:na]
	at org.apache.catalina.core.StandardHostValve.invoke(StandardHostValve.java:115) ~[tomcat-embed-core-10.1.20.jar!/:na]
	at org.apache.catalina.valves.ErrorReportValve.invoke(ErrorReportValve.java:93) ~[tomcat-embed-core-10.1.20.jar!/:na]
	at org.apache.catalina.core.StandardEngineValve.invoke(StandardEngineValve.java:74) ~[tomcat-embed-core-10.1.20.jar!/:na]
	at org.apache.catalina.connector.CoyoteAdapter.service(CoyoteAdapter.java:344) ~[tomcat-embed-core-10.1.20.jar!/:na]
	at org.apache.coyote.http11.Http11Processor.service(Http11Processor.java:391) ~[tomcat-embed-core-10.1.20.jar!/:na]
	at org.apache.coyote.AbstractProcessorLight.process(AbstractProcessorLight.java:63) ~[tomcat-embed-core-10.1.20.jar!/:na]
	at org.apache.coyote.AbstractProtocol$ConnectionHandler.process(AbstractProtocol.java:896) ~[tomcat-embed-core-10.1.20.jar!/:na]
	at org.apache.tomcat.util.net.NioEndpoint$SocketProcessor.doRun(NioEndpoint.java:1736) ~[tomcat-embed-core-10.1.20.jar!/:na]
	at org.apache.tomcat.util.net.SocketProcessorBase.run(SocketProcessorBase.java:52) ~[tomcat-embed-core-10.1.20.jar!/:na]
	at org.apache.tomcat.util.threads.ThreadPoolExecutor.runWorker(ThreadPoolExecutor.java:1191) ~[tomcat-embed-core-10.1.20.jar!/:na]
	at org.apache.tomcat.util.threads.ThreadPoolExecutor$Worker.run(ThreadPoolExecutor.java:659) ~[tomcat-embed-core-10.1.20.jar!/:na]
	at org.apache.tomcat.util.threads.TaskThread$WrappingRunnable.run(TaskThread.java:63) ~[tomcat-embed-core-10.1.20.jar!/:na]
	at java.base/java.lang.Thread.run(Thread.java:1583) ~[na:na]
Caused by: org.hibernate.exception.JDBCConnectionException: JDBC exception executing SQL [select tl1_0.lobby_id,tl1_0.created_at,tl1_0.generation_id,tl1_0.leader_staff_id,tl1_0.status,tl1_0.term_id,tl1_0.updated_at from timetable_lobbies tl1_0 left join generation_sessions g1_0 on g1_0.generation_id=tl1_0.generation_id where g1_0.generation_id=?] [An I/O error occurred while sending to the backend.] [n/a]
	at org.hibernate.exception.internal.SQLStateConversionDelegate.convert(SQLStateConversionDelegate.java:100) ~[hibernate-core-6.4.4.Final.jar!/:6.4.4.Final]
	at org.hibernate.exception.internal.StandardSQLExceptionConverter.convert(StandardSQLExceptionConverter.java:58) ~[hibernate-core-6.4.4.Final.jar!/:6.4.4.Final]
	at org.hibernate.engine.jdbc.spi.SqlExceptionHelper.convert(SqlExceptionHelper.java:108) ~[hibernate-core-6.4.4.Final.jar!/:6.4.4.Final]
	at org.hibernate.engine.jdbc.spi.SqlExceptionHelper.convert(SqlExceptionHelper.java:94) ~[hibernate-core-6.4.4.Final.jar!/:6.4.4.Final]
	at org.hibernate.sql.results.jdbc.internal.DeferredResultSetAccess.executeQuery(DeferredResultSetAccess.java:265) ~[hibernate-core-6.4.4.Final.jar!/:6.4.4.Final]
	at org.hibernate.sql.results.jdbc.internal.DeferredResultSetAccess.getResultSet(DeferredResultSetAccess.java:167) ~[hibernate-core-6.4.4.Final.jar!/:6.4.4.Final]
	at org.hibernate.sql.results.jdbc.internal.JdbcValuesResultSetImpl.advanceNext(JdbcValuesResultSetImpl.java:218) ~[hibernate-core-6.4.4.Final.jar!/:6.4.4.Final]
	at org.hibernate.sql.results.jdbc.internal.JdbcValuesResultSetImpl.processNext(JdbcValuesResultSetImpl.java:98) ~[hibernate-core-6.4.4.Final.jar!/:6.4.4.Final]
	at org.hibernate.sql.results.jdbc.internal.AbstractJdbcValues.next(AbstractJdbcValues.java:19) ~[hibernate-core-6.4.4.Final.jar!/:6.4.4.Final]
	at org.hibernate.sql.results.internal.RowProcessingStateStandardImpl.next(RowProcessingStateStandardImpl.java:66) ~[hibernate-core-6.4.4.Final.jar!/:6.4.4.Final]
	at org.hibernate.sql.results.spi.ListResultsConsumer.consume(ListResultsConsumer.java:202) ~[hibernate-core-6.4.4.Final.jar!/:6.4.4.Final]
	at org.hibernate.sql.results.spi.ListResultsConsumer.consume(ListResultsConsumer.java:33) ~[hibernate-core-6.4.4.Final.jar!/:6.4.4.Final]
	at org.hibernate.sql.exec.internal.JdbcSelectExecutorStandardImpl.doExecuteQuery(JdbcSelectExecutorStandardImpl.java:209) ~[hibernate-core-6.4.4.Final.jar!/:6.4.4.Final]
	at org.hibernate.sql.exec.internal.JdbcSelectExecutorStandardImpl.executeQuery(JdbcSelectExecutorStandardImpl.java:83) ~[hibernate-core-6.4.4.Final.jar!/:6.4.4.Final]
	at org.hibernate.sql.exec.spi.JdbcSelectExecutor.list(JdbcSelectExecutor.java:76) ~[hibernate-core-6.4.4.Final.jar!/:6.4.4.Final]
	at org.hibernate.sql.exec.spi.JdbcSelectExecutor.list(JdbcSelectExecutor.java:65) ~[hibernate-core-6.4.4.Final.jar!/:6.4.4.Final]
	at org.hibernate.query.sqm.internal.ConcreteSqmSelectQueryPlan.lambda$new$2(ConcreteSqmSelectQueryPlan.java:137) ~[hibernate-core-6.4.4.Final.jar!/:6.4.4.Final]
	at org.hibernate.query.sqm.internal.ConcreteSqmSelectQueryPlan.withCacheableSqmInterpretation(ConcreteSqmSelectQueryPlan.java:362) ~[hibernate-core-6.4.4.Final.jar!/:6.4.4.Final]
	at org.hibernate.query.sqm.internal.ConcreteSqmSelectQueryPlan.performList(ConcreteSqmSelectQueryPlan.java:303) ~[hibernate-core-6.4.4.Final.jar!/:6.4.4.Final]
	at org.hibernate.query.sqm.internal.QuerySqmImpl.doList(QuerySqmImpl.java:509) ~[hibernate-core-6.4.4.Final.jar!/:6.4.4.Final]
	at org.hibernate.query.spi.AbstractSelectionQuery.list(AbstractSelectionQuery.java:427) ~[hibernate-core-6.4.4.Final.jar!/:6.4.4.Final]
	at org.hibernate.query.spi.AbstractSelectionQuery.getSingleResult(AbstractSelectionQuery.java:564) ~[hibernate-core-6.4.4.Final.jar!/:6.4.4.Final]
	at org.springframework.data.jpa.repository.query.JpaQueryExecution$SingleEntityExecution.doExecute(JpaQueryExecution.java:223) ~[spring-data-jpa-3.2.5.jar!/:3.2.5]
	at org.springframework.data.jpa.repository.query.JpaQueryExecution.execute(JpaQueryExecution.java:92) ~[spring-data-jpa-3.2.5.jar!/:3.2.5]
	at org.springframework.data.jpa.repository.query.AbstractJpaQuery.doExecute(AbstractJpaQuery.java:149) ~[spring-data-jpa-3.2.5.jar!/:3.2.5]
	at org.springframework.data.jpa.repository.query.AbstractJpaQuery.execute(AbstractJpaQuery.java:137) ~[spring-data-jpa-3.2.5.jar!/:3.2.5]
	at org.springframework.data.repository.core.support.RepositoryMethodInvoker.doInvoke(RepositoryMethodInvoker.java:170) ~[spring-data-commons-3.2.5.jar!/:3.2.5]
	at org.springframework.data.repository.core.support.RepositoryMethodInvoker.invoke(RepositoryMethodInvoker.java:158) ~[spring-data-commons-3.2.5.jar!/:3.2.5]
	at org.springframework.data.repository.core.support.QueryExecutorMethodInterceptor.doInvoke(QueryExecutorMethodInterceptor.java:164) ~[spring-data-commons-3.2.5.jar!/:3.2.5]
	at org.springframework.data.repository.core.support.QueryExecutorMethodInterceptor.invoke(QueryExecutorMethodInterceptor.java:143) ~[spring-data-commons-3.2.5.jar!/:3.2.5]
	at org.springframework.aop.framework.ReflectiveMethodInvocation.proceed(ReflectiveMethodInvocation.java:184) ~[spring-aop-6.1.6.jar!/:6.1.6]
	at org.springframework.data.projection.DefaultMethodInvokingMethodInterceptor.invoke(DefaultMethodInvokingMethodInterceptor.java:70) ~[spring-data-commons-3.2.5.jar!/:3.2.5]
	at org.springframework.aop.framework.ReflectiveMethodInvocation.proceed(ReflectiveMethodInvocation.java:184) ~[spring-aop-6.1.6.jar!/:6.1.6]
	at org.springframework.transaction.interceptor.TransactionInterceptor$1.proceedWithInvocation(TransactionInterceptor.java:123) ~[spring-tx-6.1.6.jar!/:6.1.6]
	at org.springframework.transaction.interceptor.TransactionAspectSupport.invokeWithinTransaction(TransactionAspectSupport.java:392) ~[spring-tx-6.1.6.jar!/:6.1.6]
	at org.springframework.transaction.interceptor.TransactionInterceptor.invoke(TransactionInterceptor.java:119) ~[spring-tx-6.1.6.jar!/:6.1.6]
	at org.springframework.aop.framework.ReflectiveMethodInvocation.proceed(ReflectiveMethodInvocation.java:184) ~[spring-aop-6.1.6.jar!/:6.1.6]
	at org.springframework.dao.support.PersistenceExceptionTranslationInterceptor.invoke(PersistenceExceptionTranslationInterceptor.java:137) ~[spring-tx-6.1.6.jar!/:6.1.6]
	... 123 common frames omitted
Caused by: org.postgresql.util.PSQLException: An I/O error occurred while sending to the backend.
	at org.postgresql.core.v3.QueryExecutorImpl.execute(QueryExecutorImpl.java:395) ~[postgresql-42.6.2.jar!/:42.6.2]
	at org.postgresql.jdbc.PgStatement.executeInternal(PgStatement.java:498) ~[postgresql-42.6.2.jar!/:42.6.2]
	at org.postgresql.jdbc.PgStatement.execute(PgStatement.java:415) ~[postgresql-42.6.2.jar!/:42.6.2]
	at org.postgresql.jdbc.PgPreparedStatement.executeWithFlags(PgPreparedStatement.java:190) ~[postgresql-42.6.2.jar!/:42.6.2]
	at org.postgresql.jdbc.PgPreparedStatement.executeQuery(PgPreparedStatement.java:134) ~[postgresql-42.6.2.jar!/:42.6.2]
	at com.zaxxer.hikari.pool.ProxyPreparedStatement.executeQuery(ProxyPreparedStatement.java:52) ~[HikariCP-5.0.1.jar!/:na]
	at com.zaxxer.hikari.pool.HikariProxyPreparedStatement.executeQuery(HikariProxyPreparedStatement.java) ~[HikariCP-5.0.1.jar!/:na]
	at org.hibernate.sql.results.jdbc.internal.DeferredResultSetAccess.executeQuery(DeferredResultSetAccess.java:246) ~[hibernate-core-6.4.4.Final.jar!/:6.4.4.Final]
	... 156 common frames omitted
Caused by: java.net.SocketException: Connection reset
	at java.base/sun.nio.ch.NioSocketImpl.implRead(NioSocketImpl.java:318) ~[na:na]
	at java.base/sun.nio.ch.NioSocketImpl.read(NioSocketImpl.java:346) ~[na:na]
	at java.base/sun.nio.ch.NioSocketImpl$1.read(NioSocketImpl.java:796) ~[na:na]
	at java.base/java.net.Socket$SocketInputStream.read(Socket.java:1099) ~[na:na]
	at java.base/sun.security.ssl.SSLSocketInputRecord.read(SSLSocketInputRecord.java:489) ~[na:na]
	at java.base/sun.security.ssl.SSLSocketInputRecord.readHeader(SSLSocketInputRecord.java:483) ~[na:na]
	at java.base/sun.security.ssl.SSLSocketInputRecord.bytesInCompletePacket(SSLSocketInputRecord.java:70) ~[na:na]
	at java.base/sun.security.ssl.SSLSocketImpl.readApplicationRecord(SSLSocketImpl.java:1460) ~[na:na]
	at java.base/sun.security.ssl.SSLSocketImpl$AppInputStream.read(SSLSocketImpl.java:1066) ~[na:na]
	at org.postgresql.core.VisibleBufferedInputStream.readMore(VisibleBufferedInputStream.java:161) ~[postgresql-42.6.2.jar!/:42.6.2]
	at org.postgresql.core.VisibleBufferedInputStream.ensureBytes(VisibleBufferedInputStream.java:128) ~[postgresql-42.6.2.jar!/:42.6.2]
	at org.postgresql.core.VisibleBufferedInputStream.ensureBytes(VisibleBufferedInputStream.java:113) ~[postgresql-42.6.2.jar!/:42.6.2]
	at org.postgresql.core.VisibleBufferedInputStream.read(VisibleBufferedInputStream.java:73) ~[postgresql-42.6.2.jar!/:42.6.2]
	at org.postgresql.core.PGStream.receiveChar(PGStream.java:465) ~[postgresql-42.6.2.jar!/:42.6.2]
	at org.postgresql.core.v3.QueryExecutorImpl.processResults(QueryExecutorImpl.java:2155) ~[postgresql-42.6.2.jar!/:42.6.2]
	at org.postgresql.core.v3.QueryExecutorImpl.execute(QueryExecutorImpl.java:368) ~[postgresql-42.6.2.jar!/:42.6.2]
	... 163 common frames omitted

2026-08-31T19:17:35.985+06:30 ERROR 8652 --- [nio-8090-exec-2] o.s.t.i.TransactionInterceptor           : Application exception overridden by rollback exception

org.springframework.dao.DataAccessResourceFailureException: could not execute statement [An I/O error occurred while sending to the backend.] [delete from class_schedules where schedule_id=?]
	at org.springframework.orm.jpa.vendor.HibernateJpaDialect.convertHibernateAccessException(HibernateJpaDialect.java:274) ~[spring-orm-6.1.6.jar!/:6.1.6]
	at org.springframework.orm.jpa.vendor.HibernateJpaDialect.translateExceptionIfPossible(HibernateJpaDialect.java:241) ~[spring-orm-6.1.6.jar!/:6.1.6]
	at org.springframework.orm.jpa.AbstractEntityManagerFactoryBean.translateExceptionIfPossible(AbstractEntityManagerFactoryBean.java:550) ~[spring-orm-6.1.6.jar!/:6.1.6]
	at org.springframework.dao.support.ChainedPersistenceExceptionTranslator.translateExceptionIfPossible(ChainedPersistenceExceptionTranslator.java:61) ~[spring-tx-6.1.6.jar!/:6.1.6]
	at org.springframework.dao.support.DataAccessUtils.translateIfNecessary(DataAccessUtils.java:335) ~[spring-tx-6.1.6.jar!/:6.1.6]
	at org.springframework.dao.support.PersistenceExceptionTranslationInterceptor.invoke(PersistenceExceptionTranslationInterceptor.java:152) ~[spring-tx-6.1.6.jar!/:6.1.6]
	at org.springframework.aop.framework.ReflectiveMethodInvocation.proceed(ReflectiveMethodInvocation.java:184) ~[spring-aop-6.1.6.jar!/:6.1.6]
	at org.springframework.data.jpa.repository.support.CrudMethodMetadataPostProcessor$CrudMethodMetadataPopulatingMethodInterceptor.invoke(CrudMethodMetadataPostProcessor.java:164) ~[spring-data-jpa-3.2.5.jar!/:3.2.5]
	at org.springframework.aop.framework.ReflectiveMethodInvocation.proceed(ReflectiveMethodInvocation.java:184) ~[spring-aop-6.1.6.jar!/:6.1.6]
	at org.springframework.aop.interceptor.ExposeInvocationInterceptor.invoke(ExposeInvocationInterceptor.java:97) ~[spring-aop-6.1.6.jar!/:6.1.6]
	at org.springframework.aop.framework.ReflectiveMethodInvocation.proceed(ReflectiveMethodInvocation.java:184) ~[spring-aop-6.1.6.jar!/:6.1.6]
	at org.springframework.aop.framework.JdkDynamicAopProxy.invoke(JdkDynamicAopProxy.java:223) ~[spring-aop-6.1.6.jar!/:6.1.6]
	at jdk.proxy2/jdk.proxy2.$Proxy154.flush(Unknown Source) ~[na:na]
	at com.unicconnect.service.TimetableGenerationService.delete(TimetableGenerationService.java:2424) ~[!/:0.0.1-SNAPSHOT]
	at java.base/jdk.internal.reflect.DirectMethodHandleAccessor.invoke(DirectMethodHandleAccessor.java:103) ~[na:na]
	at java.base/java.lang.reflect.Method.invoke(Method.java:580) ~[na:na]
	at org.springframework.aop.support.AopUtils.invokeJoinpointUsingReflection(AopUtils.java:354) ~[spring-aop-6.1.6.jar!/:6.1.6]
	at org.springframework.aop.framework.ReflectiveMethodInvocation.invokeJoinpoint(ReflectiveMethodInvocation.java:196) ~[spring-aop-6.1.6.jar!/:6.1.6]
	at org.springframework.aop.framework.ReflectiveMethodInvocation.proceed(ReflectiveMethodInvocation.java:163) ~[spring-aop-6.1.6.jar!/:6.1.6]
	at org.springframework.aop.framework.CglibAopProxy$CglibMethodInvocation.proceed(CglibAopProxy.java:768) ~[spring-aop-6.1.6.jar!/:6.1.6]
	at org.springframework.transaction.interceptor.TransactionInterceptor$1.proceedWithInvocation(TransactionInterceptor.java:123) ~[spring-tx-6.1.6.jar!/:6.1.6]
	at org.springframework.transaction.interceptor.TransactionAspectSupport.invokeWithinTransaction(TransactionAspectSupport.java:392) ~[spring-tx-6.1.6.jar!/:6.1.6]
	at org.springframework.transaction.interceptor.TransactionInterceptor.invoke(TransactionInterceptor.java:119) ~[spring-tx-6.1.6.jar!/:6.1.6]
	at org.springframework.aop.framework.ReflectiveMethodInvocation.proceed(ReflectiveMethodInvocation.java:184) ~[spring-aop-6.1.6.jar!/:6.1.6]
	at org.springframework.aop.framework.CglibAopProxy$CglibMethodInvocation.proceed(CglibAopProxy.java:768) ~[spring-aop-6.1.6.jar!/:6.1.6]
	at org.springframework.aop.framework.CglibAopProxy$DynamicAdvisedInterceptor.intercept(CglibAopProxy.java:720) ~[spring-aop-6.1.6.jar!/:6.1.6]
	at com.unicconnect.service.TimetableGenerationService$$SpringCGLIB$$1.delete(<generated>) ~[!/:0.0.1-SNAPSHOT]
	at com.unicconnect.controller.TimetableGenerationController.delete(TimetableGenerationController.java:126) ~[!/:0.0.1-SNAPSHOT]
	at java.base/jdk.internal.reflect.DirectMethodHandleAccessor.invoke(DirectMethodHandleAccessor.java:103) ~[na:na]
	at java.base/java.lang.reflect.Method.invoke(Method.java:580) ~[na:na]
	at org.springframework.web.method.support.InvocableHandlerMethod.doInvoke(InvocableHandlerMethod.java:255) ~[spring-web-6.1.6.jar!/:6.1.6]
	at org.springframework.web.method.support.InvocableHandlerMethod.invokeForRequest(InvocableHandlerMethod.java:188) ~[spring-web-6.1.6.jar!/:6.1.6]
	at org.springframework.web.servlet.mvc.method.annotation.ServletInvocableHandlerMethod.invokeAndHandle(ServletInvocableHandlerMethod.java:118) ~[spring-webmvc-6.1.6.jar!/:6.1.6]
	at org.springframework.web.servlet.mvc.method.annotation.RequestMappingHandlerAdapter.invokeHandlerMethod(RequestMappingHandlerAdapter.java:926) ~[spring-webmvc-6.1.6.jar!/:6.1.6]
	at org.springframework.web.servlet.mvc.method.annotation.RequestMappingHandlerAdapter.handleInternal(RequestMappingHandlerAdapter.java:831) ~[spring-webmvc-6.1.6.jar!/:6.1.6]
	at org.springframework.web.servlet.mvc.method.AbstractHandlerMethodAdapter.handle(AbstractHandlerMethodAdapter.java:87) ~[spring-webmvc-6.1.6.jar!/:6.1.6]
	at org.springframework.web.servlet.DispatcherServlet.doDispatch(DispatcherServlet.java:1089) ~[spring-webmvc-6.1.6.jar!/:6.1.6]
	at org.springframework.web.servlet.DispatcherServlet.doService(DispatcherServlet.java:979) ~[spring-webmvc-6.1.6.jar!/:6.1.6]
	at org.springframework.web.servlet.FrameworkServlet.processRequest(FrameworkServlet.java:1014) ~[spring-webmvc-6.1.6.jar!/:6.1.6]
	at org.springframework.web.servlet.FrameworkServlet.doDelete(FrameworkServlet.java:936) ~[spring-webmvc-6.1.6.jar!/:6.1.6]
	at jakarta.servlet.http.HttpServlet.service(HttpServlet.java:596) ~[tomcat-embed-core-10.1.20.jar!/:na]
	at org.springframework.web.servlet.FrameworkServlet.service(FrameworkServlet.java:885) ~[spring-webmvc-6.1.6.jar!/:6.1.6]
	at jakarta.servlet.http.HttpServlet.service(HttpServlet.java:658) ~[tomcat-embed-core-10.1.20.jar!/:na]
	at org.apache.catalina.core.ApplicationFilterChain.internalDoFilter(ApplicationFilterChain.java:206) ~[tomcat-embed-core-10.1.20.jar!/:na]
	at org.apache.catalina.core.ApplicationFilterChain.doFilter(ApplicationFilterChain.java:150) ~[tomcat-embed-core-10.1.20.jar!/:na]
	at org.apache.tomcat.websocket.server.WsFilter.doFilter(WsFilter.java:51) ~[tomcat-embed-websocket-10.1.20.jar!/:na]
	at org.apache.catalina.core.ApplicationFilterChain.internalDoFilter(ApplicationFilterChain.java:175) ~[tomcat-embed-core-10.1.20.jar!/:na]
	at org.apache.catalina.core.ApplicationFilterChain.doFilter(ApplicationFilterChain.java:150) ~[tomcat-embed-core-10.1.20.jar!/:na]
	at org.springframework.web.filter.OncePerRequestFilter.doFilter(OncePerRequestFilter.java:110) ~[spring-web-6.1.6.jar!/:6.1.6]
	at org.apache.catalina.core.ApplicationFilterChain.internalDoFilter(ApplicationFilterChain.java:175) ~[tomcat-embed-core-10.1.20.jar!/:na]
	at org.apache.catalina.core.ApplicationFilterChain.doFilter(ApplicationFilterChain.java:150) ~[tomcat-embed-core-10.1.20.jar!/:na]
	at org.springframework.web.filter.CompositeFilter$VirtualFilterChain.doFilter(CompositeFilter.java:108) ~[spring-web-6.1.6.jar!/:6.1.6]
	at org.springframework.security.web.FilterChainProxy.lambda$doFilterInternal$3(FilterChainProxy.java:231) ~[spring-security-web-6.2.4.jar!/:6.2.4]
	at org.springframework.security.web.FilterChainProxy$VirtualFilterChain.doFilter(FilterChainProxy.java:365) ~[spring-security-web-6.2.4.jar!/:6.2.4]
	at org.springframework.security.web.access.intercept.AuthorizationFilter.doFilter(AuthorizationFilter.java:100) ~[spring-security-web-6.2.4.jar!/:6.2.4]
	at org.springframework.security.web.FilterChainProxy$VirtualFilterChain.doFilter(FilterChainProxy.java:374) ~[spring-security-web-6.2.4.jar!/:6.2.4]
	at org.springframework.security.web.access.ExceptionTranslationFilter.doFilter(ExceptionTranslationFilter.java:126) ~[spring-security-web-6.2.4.jar!/:6.2.4]
	at org.springframework.security.web.access.ExceptionTranslationFilter.doFilter(ExceptionTranslationFilter.java:120) ~[spring-security-web-6.2.4.jar!/:6.2.4]
	at org.springframework.security.web.FilterChainProxy$VirtualFilterChain.doFilter(FilterChainProxy.java:374) ~[spring-security-web-6.2.4.jar!/:6.2.4]
	at org.springframework.security.web.session.SessionManagementFilter.doFilter(SessionManagementFilter.java:131) ~[spring-security-web-6.2.4.jar!/:6.2.4]
	at org.springframework.security.web.session.SessionManagementFilter.doFilter(SessionManagementFilter.java:85) ~[spring-security-web-6.2.4.jar!/:6.2.4]
	at org.springframework.security.web.FilterChainProxy$VirtualFilterChain.doFilter(FilterChainProxy.java:374) ~[spring-security-web-6.2.4.jar!/:6.2.4]
	at org.springframework.security.web.authentication.AnonymousAuthenticationFilter.doFilter(AnonymousAuthenticationFilter.java:100) ~[spring-security-web-6.2.4.jar!/:6.2.4]
	at org.springframework.security.web.FilterChainProxy$VirtualFilterChain.doFilter(FilterChainProxy.java:374) ~[spring-security-web-6.2.4.jar!/:6.2.4]
	at org.springframework.security.web.servletapi.SecurityContextHolderAwareRequestFilter.doFilter(SecurityContextHolderAwareRequestFilter.java:179) ~[spring-security-web-6.2.4.jar!/:6.2.4]
	at org.springframework.security.web.FilterChainProxy$VirtualFilterChain.doFilter(FilterChainProxy.java:374) ~[spring-security-web-6.2.4.jar!/:6.2.4]
	at org.springframework.security.web.savedrequest.RequestCacheAwareFilter.doFilter(RequestCacheAwareFilter.java:63) ~[spring-security-web-6.2.4.jar!/:6.2.4]
	at org.springframework.security.web.FilterChainProxy$VirtualFilterChain.doFilter(FilterChainProxy.java:374) ~[spring-security-web-6.2.4.jar!/:6.2.4]
	at com.unicconnect.security.JwtAuthenticationFilter.doFilterInternal(JwtAuthenticationFilter.java:49) ~[!/:0.0.1-SNAPSHOT]
	at org.springframework.web.filter.OncePerRequestFilter.doFilter(OncePerRequestFilter.java:116) ~[spring-web-6.1.6.jar!/:6.1.6]
	at org.springframework.security.web.FilterChainProxy$VirtualFilterChain.doFilter(FilterChainProxy.java:374) ~[spring-security-web-6.2.4.jar!/:6.2.4]
	at org.springframework.security.web.authentication.logout.LogoutFilter.doFilter(LogoutFilter.java:107) ~[spring-security-web-6.2.4.jar!/:6.2.4]
	at org.springframework.security.web.authentication.logout.LogoutFilter.doFilter(LogoutFilter.java:93) ~[spring-security-web-6.2.4.jar!/:6.2.4]
	at org.springframework.security.web.FilterChainProxy$VirtualFilterChain.doFilter(FilterChainProxy.java:374) ~[spring-security-web-6.2.4.jar!/:6.2.4]
	at org.springframework.web.filter.CorsFilter.doFilterInternal(CorsFilter.java:91) ~[spring-web-6.1.6.jar!/:6.1.6]
	at org.springframework.web.filter.OncePerRequestFilter.doFilter(OncePerRequestFilter.java:116) ~[spring-web-6.1.6.jar!/:6.1.6]
	at org.springframework.security.web.FilterChainProxy$VirtualFilterChain.doFilter(FilterChainProxy.java:374) ~[spring-security-web-6.2.4.jar!/:6.2.4]
	at org.springframework.security.web.header.HeaderWriterFilter.doHeadersAfter(HeaderWriterFilter.java:90) ~[spring-security-web-6.2.4.jar!/:6.2.4]
	at org.springframework.security.web.header.HeaderWriterFilter.doFilterInternal(HeaderWriterFilter.java:75) ~[spring-security-web-6.2.4.jar!/:6.2.4]
	at org.springframework.web.filter.OncePerRequestFilter.doFilter(OncePerRequestFilter.java:116) ~[spring-web-6.1.6.jar!/:6.1.6]
	at org.springframework.security.web.FilterChainProxy$VirtualFilterChain.doFilter(FilterChainProxy.java:374) ~[spring-security-web-6.2.4.jar!/:6.2.4]
	at org.springframework.security.web.context.SecurityContextHolderFilter.doFilter(SecurityContextHolderFilter.java:82) ~[spring-security-web-6.2.4.jar!/:6.2.4]
	at org.springframework.security.web.context.SecurityContextHolderFilter.doFilter(SecurityContextHolderFilter.java:69) ~[spring-security-web-6.2.4.jar!/:6.2.4]
	at org.springframework.security.web.FilterChainProxy$VirtualFilterChain.doFilter(FilterChainProxy.java:374) ~[spring-security-web-6.2.4.jar!/:6.2.4]
	at org.springframework.security.web.context.request.async.WebAsyncManagerIntegrationFilter.doFilterInternal(WebAsyncManagerIntegrationFilter.java:62) ~[spring-security-web-6.2.4.jar!/:6.2.4]
	at org.springframework.web.filter.OncePerRequestFilter.doFilter(OncePerRequestFilter.java:116) ~[spring-web-6.1.6.jar!/:6.1.6]
	at org.springframework.security.web.FilterChainProxy$VirtualFilterChain.doFilter(FilterChainProxy.java:374) ~[spring-security-web-6.2.4.jar!/:6.2.4]
	at org.springframework.security.web.session.DisableEncodeUrlFilter.doFilterInternal(DisableEncodeUrlFilter.java:42) ~[spring-security-web-6.2.4.jar!/:6.2.4]
	at org.springframework.web.filter.OncePerRequestFilter.doFilter(OncePerRequestFilter.java:116) ~[spring-web-6.1.6.jar!/:6.1.6]
	at org.springframework.security.web.FilterChainProxy$VirtualFilterChain.doFilter(FilterChainProxy.java:374) ~[spring-security-web-6.2.4.jar!/:6.2.4]
	at org.springframework.security.web.FilterChainProxy.doFilterInternal(FilterChainProxy.java:233) ~[spring-security-web-6.2.4.jar!/:6.2.4]
	at org.springframework.security.web.FilterChainProxy.doFilter(FilterChainProxy.java:191) ~[spring-security-web-6.2.4.jar!/:6.2.4]
	at org.springframework.web.filter.CompositeFilter$VirtualFilterChain.doFilter(CompositeFilter.java:113) ~[spring-web-6.1.6.jar!/:6.1.6]
	at org.springframework.web.servlet.handler.HandlerMappingIntrospector.lambda$createCacheFilter$3(HandlerMappingIntrospector.java:195) ~[spring-webmvc-6.1.6.jar!/:6.1.6]
	at org.springframework.web.filter.CompositeFilter$VirtualFilterChain.doFilter(CompositeFilter.java:113) ~[spring-web-6.1.6.jar!/:6.1.6]
	at org.springframework.web.filter.CompositeFilter.doFilter(CompositeFilter.java:74) ~[spring-web-6.1.6.jar!/:6.1.6]
	at org.springframework.security.config.annotation.web.configuration.WebMvcSecurityConfiguration$CompositeFilterChainProxy.doFilter(WebMvcSecurityConfiguration.java:230) ~[spring-security-config-6.2.4.jar!/:6.2.4]
	at org.springframework.web.filter.DelegatingFilterProxy.invokeDelegate(DelegatingFilterProxy.java:352) ~[spring-web-6.1.6.jar!/:6.1.6]
	at org.springframework.web.filter.DelegatingFilterProxy.doFilter(DelegatingFilterProxy.java:268) ~[spring-web-6.1.6.jar!/:6.1.6]
	at org.apache.catalina.core.ApplicationFilterChain.internalDoFilter(ApplicationFilterChain.java:175) ~[tomcat-embed-core-10.1.20.jar!/:na]
	at org.apache.catalina.core.ApplicationFilterChain.doFilter(ApplicationFilterChain.java:150) ~[tomcat-embed-core-10.1.20.jar!/:na]
	at org.springframework.web.filter.RequestContextFilter.doFilterInternal(RequestContextFilter.java:100) ~[spring-web-6.1.6.jar!/:6.1.6]
	at org.springframework.web.filter.OncePerRequestFilter.doFilter(OncePerRequestFilter.java:116) ~[spring-web-6.1.6.jar!/:6.1.6]
	at org.apache.catalina.core.ApplicationFilterChain.internalDoFilter(ApplicationFilterChain.java:175) ~[tomcat-embed-core-10.1.20.jar!/:na]
	at org.apache.catalina.core.ApplicationFilterChain.doFilter(ApplicationFilterChain.java:150) ~[tomcat-embed-core-10.1.20.jar!/:na]
	at org.springframework.web.filter.FormContentFilter.doFilterInternal(FormContentFilter.java:93) ~[spring-web-6.1.6.jar!/:6.1.6]
	at org.springframework.web.filter.OncePerRequestFilter.doFilter(OncePerRequestFilter.java:116) ~[spring-web-6.1.6.jar!/:6.1.6]
	at org.apache.catalina.core.ApplicationFilterChain.internalDoFilter(ApplicationFilterChain.java:175) ~[tomcat-embed-core-10.1.20.jar!/:na]
	at org.apache.catalina.core.ApplicationFilterChain.doFilter(ApplicationFilterChain.java:150) ~[tomcat-embed-core-10.1.20.jar!/:na]
	at org.springframework.web.filter.CharacterEncodingFilter.doFilterInternal(CharacterEncodingFilter.java:201) ~[spring-web-6.1.6.jar!/:6.1.6]
	at org.springframework.web.filter.OncePerRequestFilter.doFilter(OncePerRequestFilter.java:116) ~[spring-web-6.1.6.jar!/:6.1.6]
	at org.apache.catalina.core.ApplicationFilterChain.internalDoFilter(ApplicationFilterChain.java:175) ~[tomcat-embed-core-10.1.20.jar!/:na]
	at org.apache.catalina.core.ApplicationFilterChain.doFilter(ApplicationFilterChain.java:150) ~[tomcat-embed-core-10.1.20.jar!/:na]
	at org.apache.catalina.core.StandardWrapperValve.invoke(StandardWrapperValve.java:167) ~[tomcat-embed-core-10.1.20.jar!/:na]
	at org.apache.catalina.core.StandardContextValve.invoke(StandardContextValve.java:90) ~[tomcat-embed-core-10.1.20.jar!/:na]
	at org.apache.catalina.authenticator.AuthenticatorBase.invoke(AuthenticatorBase.java:482) ~[tomcat-embed-core-10.1.20.jar!/:na]
	at org.apache.catalina.core.StandardHostValve.invoke(StandardHostValve.java:115) ~[tomcat-embed-core-10.1.20.jar!/:na]
	at org.apache.catalina.valves.ErrorReportValve.invoke(ErrorReportValve.java:93) ~[tomcat-embed-core-10.1.20.jar!/:na]
	at org.apache.catalina.core.StandardEngineValve.invoke(StandardEngineValve.java:74) ~[tomcat-embed-core-10.1.20.jar!/:na]
	at org.apache.catalina.connector.CoyoteAdapter.service(CoyoteAdapter.java:344) ~[tomcat-embed-core-10.1.20.jar!/:na]
	at org.apache.coyote.http11.Http11Processor.service(Http11Processor.java:391) ~[tomcat-embed-core-10.1.20.jar!/:na]
	at org.apache.coyote.AbstractProcessorLight.process(AbstractProcessorLight.java:63) ~[tomcat-embed-core-10.1.20.jar!/:na]
	at org.apache.coyote.AbstractProtocol$ConnectionHandler.process(AbstractProtocol.java:896) ~[tomcat-embed-core-10.1.20.jar!/:na]
	at org.apache.tomcat.util.net.NioEndpoint$SocketProcessor.doRun(NioEndpoint.java:1736) ~[tomcat-embed-core-10.1.20.jar!/:na]
	at org.apache.tomcat.util.net.SocketProcessorBase.run(SocketProcessorBase.java:52) ~[tomcat-embed-core-10.1.20.jar!/:na]
	at org.apache.tomcat.util.threads.ThreadPoolExecutor.runWorker(ThreadPoolExecutor.java:1191) ~[tomcat-embed-core-10.1.20.jar!/:na]
	at org.apache.tomcat.util.threads.ThreadPoolExecutor$Worker.run(ThreadPoolExecutor.java:659) ~[tomcat-embed-core-10.1.20.jar!/:na]
	at org.apache.tomcat.util.threads.TaskThread$WrappingRunnable.run(TaskThread.java:63) ~[tomcat-embed-core-10.1.20.jar!/:na]
	at java.base/java.lang.Thread.run(Thread.java:1583) ~[na:na]
Caused by: org.hibernate.exception.JDBCConnectionException: could not execute statement [An I/O error occurred while sending to the backend.] [delete from class_schedules where schedule_id=?]
	at org.hibernate.exception.internal.SQLStateConversionDelegate.convert(SQLStateConversionDelegate.java:100) ~[hibernate-core-6.4.4.Final.jar!/:6.4.4.Final]
	at org.hibernate.exception.internal.StandardSQLExceptionConverter.convert(StandardSQLExceptionConverter.java:58) ~[hibernate-core-6.4.4.Final.jar!/:6.4.4.Final]
	at org.hibernate.engine.jdbc.spi.SqlExceptionHelper.convert(SqlExceptionHelper.java:108) ~[hibernate-core-6.4.4.Final.jar!/:6.4.4.Final]
	at org.hibernate.engine.jdbc.internal.ResultSetReturnImpl.executeUpdate(ResultSetReturnImpl.java:197) ~[hibernate-core-6.4.4.Final.jar!/:6.4.4.Final]
	at org.hibernate.engine.jdbc.mutation.internal.AbstractMutationExecutor.performNonBatchedMutation(AbstractMutationExecutor.java:108) ~[hibernate-core-6.4.4.Final.jar!/:6.4.4.Final]
	at org.hibernate.engine.jdbc.mutation.internal.MutationExecutorSingleNonBatched.performNonBatchedOperations(MutationExecutorSingleNonBatched.java:40) ~[hibernate-core-6.4.4.Final.jar!/:6.4.4.Final]
	at org.hibernate.engine.jdbc.mutation.internal.AbstractMutationExecutor.execute(AbstractMutationExecutor.java:52) ~[hibernate-core-6.4.4.Final.jar!/:6.4.4.Final]
	at org.hibernate.persister.entity.mutation.AbstractDeleteCoordinator.doStaticDelete(AbstractDeleteCoordinator.java:279) ~[hibernate-core-6.4.4.Final.jar!/:6.4.4.Final]
	at org.hibernate.persister.entity.mutation.AbstractDeleteCoordinator.coordinateDelete(AbstractDeleteCoordinator.java:87) ~[hibernate-core-6.4.4.Final.jar!/:6.4.4.Final]
	at org.hibernate.persister.entity.AbstractEntityPersister.delete(AbstractEntityPersister.java:2979) ~[hibernate-core-6.4.4.Final.jar!/:6.4.4.Final]
	at org.hibernate.action.internal.EntityDeleteAction.execute(EntityDeleteAction.java:131) ~[hibernate-core-6.4.4.Final.jar!/:6.4.4.Final]
	at org.hibernate.engine.spi.ActionQueue.executeActions(ActionQueue.java:632) ~[hibernate-core-6.4.4.Final.jar!/:6.4.4.Final]
	at org.hibernate.engine.spi.ActionQueue.executeActions(ActionQueue.java:499) ~[hibernate-core-6.4.4.Final.jar!/:6.4.4.Final]
	at org.hibernate.event.internal.AbstractFlushingEventListener.performExecutions(AbstractFlushingEventListener.java:363) ~[hibernate-core-6.4.4.Final.jar!/:6.4.4.Final]
	at org.hibernate.event.internal.DefaultFlushEventListener.onFlush(DefaultFlushEventListener.java:41) ~[hibernate-core-6.4.4.Final.jar!/:6.4.4.Final]
	at org.hibernate.event.service.internal.EventListenerGroupImpl.fireEventOnEachListener(EventListenerGroupImpl.java:127) ~[hibernate-core-6.4.4.Final.jar!/:6.4.4.Final]
	at org.hibernate.internal.SessionImpl.doFlush(SessionImpl.java:1403) ~[hibernate-core-6.4.4.Final.jar!/:6.4.4.Final]
	at org.hibernate.internal.SessionImpl.flush(SessionImpl.java:1389) ~[hibernate-core-6.4.4.Final.jar!/:6.4.4.Final]
	at java.base/jdk.internal.reflect.DirectMethodHandleAccessor.invoke(DirectMethodHandleAccessor.java:103) ~[na:na]
	at java.base/java.lang.reflect.Method.invoke(Method.java:580) ~[na:na]
	at org.springframework.orm.jpa.SharedEntityManagerCreator$SharedEntityManagerInvocationHandler.invoke(SharedEntityManagerCreator.java:319) ~[spring-orm-6.1.6.jar!/:6.1.6]
	at jdk.proxy2/jdk.proxy2.$Proxy131.flush(Unknown Source) ~[na:na]
	at org.springframework.data.jpa.repository.support.SimpleJpaRepository.flush(SimpleJpaRepository.java:663) ~[spring-data-jpa-3.2.5.jar!/:3.2.5]
	at java.base/jdk.internal.reflect.DirectMethodHandleAccessor.invoke(DirectMethodHandleAccessor.java:103) ~[na:na]
	at java.base/java.lang.reflect.Method.invoke(Method.java:580) ~[na:na]
	at org.springframework.aop.support.AopUtils.invokeJoinpointUsingReflection(AopUtils.java:354) ~[spring-aop-6.1.6.jar!/:6.1.6]
	at org.springframework.data.repository.core.support.RepositoryMethodInvoker$RepositoryFragmentMethodInvoker.lambda$new$0(RepositoryMethodInvoker.java:277) ~[spring-data-commons-3.2.5.jar!/:3.2.5]
	at org.springframework.data.repository.core.support.RepositoryMethodInvoker.doInvoke(RepositoryMethodInvoker.java:170) ~[spring-data-commons-3.2.5.jar!/:3.2.5]
	at org.springframework.data.repository.core.support.RepositoryMethodInvoker.invoke(RepositoryMethodInvoker.java:158) ~[spring-data-commons-3.2.5.jar!/:3.2.5]
	at org.springframework.data.repository.core.support.RepositoryComposition$RepositoryFragments.invoke(RepositoryComposition.java:516) ~[spring-data-commons-3.2.5.jar!/:3.2.5]
	at org.springframework.data.repository.core.support.RepositoryComposition.invoke(RepositoryComposition.java:285) ~[spring-data-commons-3.2.5.jar!/:3.2.5]
	at org.springframework.data.repository.core.support.RepositoryFactorySupport$ImplementationMethodExecutionInterceptor.invoke(RepositoryFactorySupport.java:628) ~[spring-data-commons-3.2.5.jar!/:3.2.5]
	at org.springframework.aop.framework.ReflectiveMethodInvocation.proceed(ReflectiveMethodInvocation.java:184) ~[spring-aop-6.1.6.jar!/:6.1.6]
	at org.springframework.data.repository.core.support.QueryExecutorMethodInterceptor.doInvoke(QueryExecutorMethodInterceptor.java:168) ~[spring-data-commons-3.2.5.jar!/:3.2.5]
	at org.springframework.data.repository.core.support.QueryExecutorMethodInterceptor.invoke(QueryExecutorMethodInterceptor.java:143) ~[spring-data-commons-3.2.5.jar!/:3.2.5]
	at org.springframework.aop.framework.ReflectiveMethodInvocation.proceed(ReflectiveMethodInvocation.java:184) ~[spring-aop-6.1.6.jar!/:6.1.6]
	at org.springframework.data.projection.DefaultMethodInvokingMethodInterceptor.invoke(DefaultMethodInvokingMethodInterceptor.java:70) ~[spring-data-commons-3.2.5.jar!/:3.2.5]
	at org.springframework.aop.framework.ReflectiveMethodInvocation.proceed(ReflectiveMethodInvocation.java:184) ~[spring-aop-6.1.6.jar!/:6.1.6]
	at org.springframework.transaction.interceptor.TransactionInterceptor$1.proceedWithInvocation(TransactionInterceptor.java:123) ~[spring-tx-6.1.6.jar!/:6.1.6]
	at org.springframework.transaction.interceptor.TransactionAspectSupport.invokeWithinTransaction(TransactionAspectSupport.java:392) ~[spring-tx-6.1.6.jar!/:6.1.6]
	at org.springframework.transaction.interceptor.TransactionInterceptor.invoke(TransactionInterceptor.java:119) ~[spring-tx-6.1.6.jar!/:6.1.6]
	at org.springframework.aop.framework.ReflectiveMethodInvocation.proceed(ReflectiveMethodInvocation.java:184) ~[spring-aop-6.1.6.jar!/:6.1.6]
	at org.springframework.dao.support.PersistenceExceptionTranslationInterceptor.invoke(PersistenceExceptionTranslationInterceptor.java:137) ~[spring-tx-6.1.6.jar!/:6.1.6]
	... 123 common frames omitted
Caused by: org.postgresql.util.PSQLException: An I/O error occurred while sending to the backend.
	at org.postgresql.core.v3.QueryExecutorImpl.execute(QueryExecutorImpl.java:395) ~[postgresql-42.6.2.jar!/:42.6.2]
	at org.postgresql.jdbc.PgStatement.executeInternal(PgStatement.java:498) ~[postgresql-42.6.2.jar!/:42.6.2]
	at org.postgresql.jdbc.PgStatement.execute(PgStatement.java:415) ~[postgresql-42.6.2.jar!/:42.6.2]
	at org.postgresql.jdbc.PgPreparedStatement.executeWithFlags(PgPreparedStatement.java:190) ~[postgresql-42.6.2.jar!/:42.6.2]
	at org.postgresql.jdbc.PgPreparedStatement.executeUpdate(PgPreparedStatement.java:152) ~[postgresql-42.6.2.jar!/:42.6.2]
	at com.zaxxer.hikari.pool.ProxyPreparedStatement.executeUpdate(ProxyPreparedStatement.java:61) ~[HikariCP-5.0.1.jar!/:na]
	at com.zaxxer.hikari.pool.HikariProxyPreparedStatement.executeUpdate(HikariProxyPreparedStatement.java) ~[HikariCP-5.0.1.jar!/:na]
	at org.hibernate.engine.jdbc.internal.ResultSetReturnImpl.executeUpdate(ResultSetReturnImpl.java:194) ~[hibernate-core-6.4.4.Final.jar!/:6.4.4.Final]
	... 162 common frames omitted
Caused by: java.net.SocketException: Connection reset
	at java.base/sun.nio.ch.NioSocketImpl.implRead(NioSocketImpl.java:318) ~[na:na]
	at java.base/sun.nio.ch.NioSocketImpl.read(NioSocketImpl.java:346) ~[na:na]
	at java.base/sun.nio.ch.NioSocketImpl$1.read(NioSocketImpl.java:796) ~[na:na]
	at java.base/java.net.Socket$SocketInputStream.read(Socket.java:1099) ~[na:na]
	at java.base/sun.security.ssl.SSLSocketInputRecord.read(SSLSocketInputRecord.java:489) ~[na:na]
	at java.base/sun.security.ssl.SSLSocketInputRecord.readHeader(SSLSocketInputRecord.java:483) ~[na:na]
	at java.base/sun.security.ssl.SSLSocketInputRecord.bytesInCompletePacket(SSLSocketInputRecord.java:70) ~[na:na]
	at java.base/sun.security.ssl.SSLSocketImpl.readApplicationRecord(SSLSocketImpl.java:1460) ~[na:na]
	at java.base/sun.security.ssl.SSLSocketImpl$AppInputStream.read(SSLSocketImpl.java:1066) ~[na:na]
	at org.postgresql.core.VisibleBufferedInputStream.readMore(VisibleBufferedInputStream.java:161) ~[postgresql-42.6.2.jar!/:42.6.2]
	at org.postgresql.core.VisibleBufferedInputStream.ensureBytes(VisibleBufferedInputStream.java:128) ~[postgresql-42.6.2.jar!/:42.6.2]
	at org.postgresql.core.VisibleBufferedInputStream.ensureBytes(VisibleBufferedInputStream.java:113) ~[postgresql-42.6.2.jar!/:42.6.2]
	at org.postgresql.core.VisibleBufferedInputStream.read(VisibleBufferedInputStream.java:73) ~[postgresql-42.6.2.jar!/:42.6.2]
	at org.postgresql.core.PGStream.receiveChar(PGStream.java:465) ~[postgresql-42.6.2.jar!/:42.6.2]
	at org.postgresql.core.v3.QueryExecutorImpl.processResults(QueryExecutorImpl.java:2155) ~[postgresql-42.6.2.jar!/:42.6.2]
	at org.postgresql.core.v3.QueryExecutorImpl.execute(QueryExecutorImpl.java:368) ~[postgresql-42.6.2.jar!/:42.6.2]
	... 169 common frames omitted

2026-08-31T19:17:36.026+06:30  WARN 8652 --- [nio-8090-exec-1] c.u.exception.GlobalExceptionHandler     : Data access failure on /api/generations/2fbbcd0e-02b7-473f-a687-d6e29a5e0ad3: Unable to rollback against JDBC Connection
2026-08-31T19:17:36.028+06:30  WARN 8652 --- [nio-8090-exec-2] c.u.exception.GlobalExceptionHandler     : Data access failure on /api/generations/d8ed8796-8623-4e5c-9bb3-ffdbdaf09867: Unable to rollback against JDBC Connection
2026-08-31T19:17:36.183+06:30  WARN 8652 --- [l-1 housekeeper] com.zaxxer.hikari.pool.HikariPool        : HikariPool-1 - Thread starvation or clock leap detected (housekeeper delta=3m37s7ms137µs300ns).
2026-08-31T19:17:36.235+06:30 DEBUG 8652 --- [nio-8090-exec-5] o.s.security.web.FilterChainProxy        : Securing DELETE /api/generations/4d6360d1-2dc0-4ed0-88ce-38fd3a47ee60
2026-08-31T19:17:36.241+06:30 DEBUG 8652 --- [nio-8090-exec-5] o.s.security.web.FilterChainProxy        : Secured DELETE /api/generations/4d6360d1-2dc0-4ed0-88ce-38fd3a47ee60
2026-08-31T19:17:36.265+06:30  WARN 8652 --- [nio-8090-exec-5] com.zaxxer.hikari.pool.PoolBase          : HikariPool-1 - Failed to validate connection org.postgresql.jdbc.PgConnection@3446bf9d (This connection has been closed.). Possibly consider using a shorter maxLifetime value.
2026-08-31T19:17:36.274+06:30  WARN 8652 --- [nio-8090-exec-5] com.zaxxer.hikari.pool.PoolBase          : HikariPool-1 - Failed to validate connection org.postgresql.jdbc.PgConnection@3367ee6a (This connection has been closed.). Possibly consider using a shorter maxLifetime value.
2026-08-31T19:17:38.993+06:30 DEBUG 8652 --- [nio-8090-exec-4] o.s.security.web.FilterChainProxy        : Securing GET /api/generations/d8ed8796-8623-4e5c-9bb3-ffdbdaf09867/lock
2026-08-31T19:17:38.993+06:30 DEBUG 8652 --- [nio-8090-exec-8] o.s.security.web.FilterChainProxy        : Securing GET /api/students
2026-08-31T19:17:38.999+06:30 DEBUG 8652 --- [nio-8090-exec-4] o.s.security.web.FilterChainProxy        : Secured GET /api/generations/d8ed8796-8623-4e5c-9bb3-ffdbdaf09867/lock
2026-08-31T19:17:38.999+06:30 DEBUG 8652 --- [nio-8090-exec-8] o.s.security.web.FilterChainProxy        : Secured GET /api/students
2026-08-31T19:17:39.130+06:30 DEBUG 8652 --- [io-8090-exec-10] o.s.security.web.FilterChainProxy        : Securing GET /api/staff
2026-08-31T19:17:39.134+06:30 DEBUG 8652 --- [io-8090-exec-10] o.s.security.web.FilterChainProxy        : Secured GET /api/staff
2026-08-31T19:17:39.226+06:30 DEBUG 8652 --- [nio-8090-exec-3] o.s.security.web.FilterChainProxy        : Securing GET /api/users
2026-08-31T19:17:39.229+06:30 DEBUG 8652 --- [nio-8090-exec-3] o.s.security.web.FilterChainProxy        : Secured GET /api/users
2026-08-31T19:17:41.212+06:30 DEBUG 8652 --- [nio-8090-exec-7] o.s.security.web.FilterChainProxy        : Securing DELETE /api/generations/3560ef4e-8280-446a-a673-d9001d9cf254
2026-08-31T19:17:41.212+06:30 DEBUG 8652 --- [nio-8090-exec-7] o.s.security.web.FilterChainProxy        : Secured DELETE /api/generations/3560ef4e-8280-446a-a673-d9001d9cf254
2026-08-31T19:17:43.882+06:30 DEBUG 8652 --- [nio-8090-exec-6] o.s.security.web.FilterChainProxy        : Securing POST /api/generations/d8ed8796-8623-4e5c-9bb3-ffdbdaf09867/lock
2026-08-31T19:17:43.886+06:30 DEBUG 8652 --- [nio-8090-exec-6] o.s.security.web.FilterChainProxy        : Secured POST /api/generations/d8ed8796-8623-4e5c-9bb3-ffdbdaf09867/lock
2026-08-31T19:17:46.222+06:30 DEBUG 8652 --- [nio-8090-exec-9] o.s.security.web.FilterChainProxy        : Securing DELETE /api/generations/a1266587-305f-41e6-bb09-f12643274478
2026-08-31T19:17:46.222+06:30 DEBUG 8652 --- [nio-8090-exec-9] o.s.security.web.FilterChainProxy        : Secured DELETE /api/generations/a1266587-305f-41e6-bb09-f12643274478
2026-08-31T19:17:51.230+06:30 DEBUG 8652 --- [nio-8090-exec-1] o.s.security.web.FilterChainProxy        : Securing DELETE /api/generations/35d793ce-b868-46d9-b62f-8534d4b3a088
2026-08-31T19:17:51.230+06:30 DEBUG 8652 --- [nio-8090-exec-1] o.s.security.web.FilterChainProxy        : Secured DELETE /api/generations/35d793ce-b868-46d9-b62f-8534d4b3a088
2026-08-31T19:17:56.234+06:30 DEBUG 8652 --- [nio-8090-exec-2] o.s.security.web.FilterChainProxy        : Securing DELETE /api/generations/847d903f-5101-4f33-b517-353b3cbe939a
2026-08-31T19:17:56.242+06:30 DEBUG 8652 --- [nio-8090-exec-2] o.s.security.web.FilterChainProxy        : Secured DELETE /api/generations/847d903f-5101-4f33-b517-353b3cbe939a
2026-08-31T19:18:01.243+06:30 DEBUG 8652 --- [nio-8090-exec-8] o.s.security.web.FilterChainProxy        : Securing DELETE /api/generations/9ef0dbb7-5207-489a-86f6-4f0fa8407e46
2026-08-31T19:18:01.243+06:30 DEBUG 8652 --- [nio-8090-exec-8] o.s.security.web.FilterChainProxy        : Secured DELETE /api/generations/9ef0dbb7-5207-489a-86f6-4f0fa8407e46
2026-08-31T19:18:06.252+06:30 DEBUG 8652 --- [nio-8090-exec-4] o.s.security.web.FilterChainProxy        : Securing DELETE /api/generations/374c20a0-f916-4e6c-8df5-40317e463027
2026-08-31T19:18:06.252+06:30 DEBUG 8652 --- [nio-8090-exec-4] o.s.security.web.FilterChainProxy        : Secured DELETE /api/generations/374c20a0-f916-4e6c-8df5-40317e463027
2026-08-31T19:18:11.263+06:30 DEBUG 8652 --- [io-8090-exec-10] o.s.security.web.FilterChainProxy        : Securing DELETE /api/generations/6761beb7-c59e-42d3-a12e-bab6361b98aa
2026-08-31T19:18:11.269+06:30 DEBUG 8652 --- [io-8090-exec-10] o.s.security.web.FilterChainProxy        : Secured DELETE /api/generations/6761beb7-c59e-42d3-a12e-bab6361b98aa
2026-08-31T19:18:12.584+06:30 DEBUG 8652 --- [nio-8090-exec-3] o.s.security.web.FilterChainProxy        : Securing GET /api/generations/d8ed8796-8623-4e5c-9bb3-ffdbdaf09867/lock
2026-08-31T19:18:12.591+06:30 DEBUG 8652 --- [nio-8090-exec-3] o.s.security.web.FilterChainProxy        : Secured GET /api/generations/d8ed8796-8623-4e5c-9bb3-ffdbdaf09867/lock
2026-08-31T19:18:13.896+06:30 DEBUG 8652 --- [nio-8090-exec-6] o.s.security.web.FilterChainProxy        : Securing POST /api/generations/d8ed8796-8623-4e5c-9bb3-ffdbdaf09867/lock/heartbeat
2026-08-31T19:18:13.903+06:30 DEBUG 8652 --- [nio-8090-exec-6] o.s.security.web.FilterChainProxy        : Secured POST /api/generations/d8ed8796-8623-4e5c-9bb3-ffdbdaf09867/lock/heartbeat
2026-08-31T19:18:16.270+06:30 DEBUG 8652 --- [nio-8090-exec-3] o.s.security.web.FilterChainProxy        : Securing DELETE /api/generations/1a043892-32d6-4002-bc5d-68564700d4ef
2026-08-31T19:18:16.276+06:30 DEBUG 8652 --- [nio-8090-exec-3] o.s.security.web.FilterChainProxy        : Secured DELETE /api/generations/1a043892-32d6-4002-bc5d-68564700d4ef
2026-08-31T19:18:23.348+06:30 DEBUG 8652 --- [nio-8090-exec-5] o.s.security.web.FilterChainProxy        : Securing POST /api/generations
2026-08-31T19:18:23.352+06:30 DEBUG 8652 --- [nio-8090-exec-5] o.s.security.web.FilterChainProxy        : Secured POST /api/generations
2026-08-31T19:18:26.088+06:30 DEBUG 8652 --- [nio-8090-exec-6] o.s.security.web.FilterChainProxy        : Securing POST /api/generations/38b92407-18ad-4866-96f3-799d939ded8d/generate
2026-08-31T19:18:26.088+06:30 DEBUG 8652 --- [nio-8090-exec-6] o.s.security.web.FilterChainProxy        : Secured POST /api/generations/38b92407-18ad-4866-96f3-799d939ded8d/generate
2026-08-31T19:18:42.202+06:30 DEBUG 8652 --- [nio-8090-exec-1] o.s.security.web.FilterChainProxy        : Securing GET /api/generations/38b92407-18ad-4866-96f3-799d939ded8d
2026-08-31T19:18:42.211+06:30 DEBUG 8652 --- [nio-8090-exec-1] o.s.security.web.FilterChainProxy        : Secured GET /api/generations/38b92407-18ad-4866-96f3-799d939ded8d
2026-08-31T19:18:51.397+06:30 DEBUG 8652 --- [nio-8090-exec-2] o.s.security.web.FilterChainProxy        : Securing GET /api/generations/38b92407-18ad-4866-96f3-799d939ded8d
2026-08-31T19:18:51.397+06:30 DEBUG 8652 --- [nio-8090-exec-2] o.s.security.web.FilterChainProxy        : Secured GET /api/generations/38b92407-18ad-4866-96f3-799d939ded8d
2026-08-31T19:18:57.060+06:30  INFO 8652 --- [pool-2-thread-2] c.u.service.TimetableGenerationService   : ElectiveGroupCombinations: depth=0 group=3890917f-e9c5-4ddc-8622-c981820a589f committing pattern 1/250: [D1 P1-P2, D2 P1-P2]
2026-08-31T19:18:57.060+06:30  INFO 8652 --- [pool-2-thread-2] c.u.service.TimetableGenerationService   : ElectiveGroupCombinations: depth=1 group=3890917f-e9c5-4ddc-8622-c981820a589f committing pattern 1/250: [D1 P1-P2, D2 P1-P2]
2026-08-31T19:18:57.060+06:30  INFO 8652 --- [pool-2-thread-2] c.u.service.TimetableGenerationService   : ElectiveGroupCombinations: depth=1 pattern 1/250 skipped (cross-section staff conflict)
2026-08-31T19:18:57.066+06:30  INFO 8652 --- [pool-2-thread-2] c.u.service.TimetableGenerationService   : ElectiveGroupCombinations: depth=1 group=3890917f-e9c5-4ddc-8622-c981820a589f committing pattern 2/250: [D1 P1-P2, D2 P2-P3]
2026-08-31T19:18:57.066+06:30  INFO 8652 --- [pool-2-thread-2] c.u.service.TimetableGenerationService   : ElectiveGroupCombinations: depth=1 pattern 2/250 skipped (cross-section staff conflict)
2026-08-31T19:18:57.066+06:30  INFO 8652 --- [pool-2-thread-2] c.u.service.TimetableGenerationService   : ElectiveGroupCombinations: depth=1 group=3890917f-e9c5-4ddc-8622-c981820a589f committing pattern 3/250: [D1 P1-P2, D2 P3-P4]
2026-08-31T19:18:57.066+06:30  INFO 8652 --- [pool-2-thread-2] c.u.service.TimetableGenerationService   : ElectiveGroupCombinations: depth=1 pattern 3/250 skipped (cross-section staff conflict)
2026-08-31T19:18:57.069+06:30  INFO 8652 --- [pool-2-thread-2] c.u.service.TimetableGenerationService   : ElectiveGroupCombinations: depth=1 group=3890917f-e9c5-4ddc-8622-c981820a589f committing pattern 4/250: [D1 P1-P2, D2 P4-P5]
2026-08-31T19:18:57.070+06:30  INFO 8652 --- [pool-2-thread-2] c.u.service.TimetableGenerationService   : ElectiveGroupCombinations: depth=1 pattern 4/250 skipped (cross-section staff conflict)
2026-08-31T19:18:57.071+06:30  INFO 8652 --- [pool-2-thread-2] c.u.service.TimetableGenerationService   : ElectiveGroupCombinations: depth=1 group=3890917f-e9c5-4ddc-8622-c981820a589f committing pattern 5/250: [D1 P1-P2, D2 P5-P6]
2026-08-31T19:18:57.071+06:30  INFO 8652 --- [pool-2-thread-2] c.u.service.TimetableGenerationService   : ElectiveGroupCombinations: depth=1 pattern 5/250 skipped (cross-section staff conflict)
2026-08-31T19:18:57.073+06:30  INFO 8652 --- [pool-2-thread-2] c.u.service.TimetableGenerationService   : ElectiveGroupCombinations: depth=1 group=3890917f-e9c5-4ddc-8622-c981820a589f committing pattern 6/250: [D1 P1-P2, D3 P1-P2]
2026-08-31T19:18:57.074+06:30  INFO 8652 --- [pool-2-thread-2] c.u.service.TimetableGenerationService   : ElectiveGroupCombinations: depth=1 pattern 6/250 skipped (cross-section staff conflict)
2026-08-31T19:18:57.074+06:30  INFO 8652 --- [pool-2-thread-2] c.u.service.TimetableGenerationService   : ElectiveGroupCombinations: depth=1 group=3890917f-e9c5-4ddc-8622-c981820a589f committing pattern 7/250: [D1 P1-P2, D3 P2-P3]
2026-08-31T19:18:57.074+06:30  INFO 8652 --- [pool-2-thread-2] c.u.service.TimetableGenerationService   : ElectiveGroupCombinations: depth=1 pattern 7/250 skipped (cross-section staff conflict)
2026-08-31T19:18:57.076+06:30  INFO 8652 --- [pool-2-thread-2] c.u.service.TimetableGenerationService   : ElectiveGroupCombinations: depth=1 group=3890917f-e9c5-4ddc-8622-c981820a589f committing pattern 8/250: [D1 P1-P2, D3 P3-P4]
2026-08-31T19:18:57.076+06:30  INFO 8652 --- [pool-2-thread-2] c.u.service.TimetableGenerationService   : ElectiveGroupCombinations: depth=1 pattern 8/250 skipped (cross-section staff conflict)
2026-08-31T19:18:57.076+06:30  INFO 8652 --- [pool-2-thread-2] c.u.service.TimetableGenerationService   : ElectiveGroupCombinations: depth=1 group=3890917f-e9c5-4ddc-8622-c981820a589f committing pattern 9/250: [D1 P1-P2, D3 P4-P5]
2026-08-31T19:18:57.076+06:30  INFO 8652 --- [pool-2-thread-2] c.u.service.TimetableGenerationService   : ElectiveGroupCombinations: depth=1 pattern 9/250 skipped (cross-section staff conflict)
2026-08-31T19:18:57.076+06:30  INFO 8652 --- [pool-2-thread-2] c.u.service.TimetableGenerationService   : ElectiveGroupCombinations: depth=1 group=3890917f-e9c5-4ddc-8622-c981820a589f committing pattern 10/250: [D1 P1-P2, D3 P5-P6]
2026-08-31T19:18:57.076+06:30  INFO 8652 --- [pool-2-thread-2] c.u.service.TimetableGenerationService   : ElectiveGroupCombinations: depth=1 pattern 10/250 skipped (cross-section staff conflict)
2026-08-31T19:18:57.076+06:30  INFO 8652 --- [pool-2-thread-2] c.u.service.TimetableGenerationService   : ElectiveGroupCombinations: depth=1 group=3890917f-e9c5-4ddc-8622-c981820a589f committing pattern 11/250: [D1 P1-P2, D4 P1-P2]
2026-08-31T19:18:57.076+06:30  INFO 8652 --- [pool-2-thread-2] c.u.service.TimetableGenerationService   : ElectiveGroupCombinations: depth=1 pattern 11/250 skipped (cross-section staff conflict)
2026-08-31T19:18:57.081+06:30  INFO 8652 --- [pool-2-thread-2] c.u.service.TimetableGenerationService   : ElectiveGroupCombinations: depth=1 group=3890917f-e9c5-4ddc-8622-c981820a589f committing pattern 12/250: [D1 P1-P2, D4 P2-P3]
2026-08-31T19:18:57.082+06:30  INFO 8652 --- [pool-2-thread-2] c.u.service.TimetableGenerationService   : ElectiveGroupCombinations: depth=1 pattern 12/250 skipped (cross-section staff conflict)
2026-08-31T19:18:57.082+06:30  INFO 8652 --- [pool-2-thread-2] c.u.service.TimetableGenerationService   : ElectiveGroupCombinations: depth=1 group=3890917f-e9c5-4ddc-8622-c981820a589f committing pattern 13/250: [D1 P1-P2, D4 P3-P4]
2026-08-31T19:18:57.082+06:30  INFO 8652 --- [pool-2-thread-2] c.u.service.TimetableGenerationService   : ElectiveGroupCombinations: depth=1 pattern 13/250 skipped (cross-section staff conflict)
2026-08-31T19:18:57.082+06:30  INFO 8652 --- [pool-2-thread-2] c.u.service.TimetableGenerationService   : ElectiveGroupCombinations: depth=1 group=3890917f-e9c5-4ddc-8622-c981820a589f committing pattern 14/250: [D1 P1-P2, D4 P4-P5]
2026-08-31T19:18:57.082+06:30  INFO 8652 --- [pool-2-thread-2] c.u.service.TimetableGenerationService   : ElectiveGroupCombinations: depth=1 pattern 14/250 skipped (cross-section staff conflict)
2026-08-31T19:18:57.085+06:30  INFO 8652 --- [pool-2-thread-2] c.u.service.TimetableGenerationService   : ElectiveGroupCombinations: depth=1 group=3890917f-e9c5-4ddc-8622-c981820a589f committing pattern 15/250: [D1 P1-P2, D4 P5-P6]
2026-08-31T19:18:57.087+06:30  INFO 8652 --- [pool-2-thread-2] c.u.service.TimetableGenerationService   : ElectiveGroupCombinations: depth=1 pattern 15/250 skipped (cross-section staff conflict)
2026-08-31T19:18:57.088+06:30  INFO 8652 --- [pool-2-thread-2] c.u.service.TimetableGenerationService   : ElectiveGroupCombinations: depth=1 group=3890917f-e9c5-4ddc-8622-c981820a589f committing pattern 16/250: [D1 P1-P2, D5 P1-P2]
2026-08-31T19:18:57.090+06:30  INFO 8652 --- [pool-2-thread-2] c.u.service.TimetableGenerationService   : ElectiveGroupCombinations: depth=1 pattern 16/250 skipped (cross-section staff conflict)
2026-08-31T19:18:57.091+06:30  INFO 8652 --- [pool-2-thread-2] c.u.service.TimetableGenerationService   : ElectiveGroupCombinations: depth=1 group=3890917f-e9c5-4ddc-8622-c981820a589f committing pattern 17/250: [D1 P1-P2, D5 P2-P3]
2026-08-31T19:18:57.091+06:30  INFO 8652 --- [pool-2-thread-2] c.u.service.TimetableGenerationService   : ElectiveGroupCombinations: depth=1 pattern 17/250 skipped (cross-section staff conflict)
2026-08-31T19:18:57.091+06:30  INFO 8652 --- [pool-2-thread-2] c.u.service.TimetableGenerationService   : ElectiveGroupCombinations: depth=1 group=3890917f-e9c5-4ddc-8622-c981820a589f committing pattern 18/250: [D1 P1-P2, D5 P3-P4]
2026-08-31T19:18:57.091+06:30  INFO 8652 --- [pool-2-thread-2] c.u.service.TimetableGenerationService   : ElectiveGroupCombinations: depth=1 pattern 18/250 skipped (cross-section staff conflict)
2026-08-31T19:18:57.091+06:30  INFO 8652 --- [pool-2-thread-2] c.u.service.TimetableGenerationService   : ElectiveGroupCombinations: depth=1 group=3890917f-e9c5-4ddc-8622-c981820a589f committing pattern 19/250: [D1 P1-P2, D5 P4-P5]
2026-08-31T19:18:57.091+06:30  INFO 8652 --- [pool-2-thread-2] c.u.service.TimetableGenerationService   : ElectiveGroupCombinations: depth=1 pattern 19/250 skipped (cross-section staff conflict)
2026-08-31T19:18:57.091+06:30  INFO 8652 --- [pool-2-thread-2] c.u.service.TimetableGenerationService   : ElectiveGroupCombinations: depth=1 group=3890917f-e9c5-4ddc-8622-c981820a589f committing pattern 20/250: [D1 P1-P2, D5 P5-P6]
2026-08-31T19:18:57.091+06:30  INFO 8652 --- [pool-2-thread-2] c.u.service.TimetableGenerationService   : ElectiveGroupCombinations: depth=1 pattern 20/250 skipped (cross-section staff conflict)
2026-08-31T19:18:57.091+06:30  INFO 8652 --- [pool-2-thread-2] c.u.service.TimetableGenerationService   : ElectiveGroupCombinations: depth=1 group=3890917f-e9c5-4ddc-8622-c981820a589f committing pattern 21/250: [D1 P2-P3, D2 P1-P2]
2026-08-31T19:18:57.091+06:30  INFO 8652 --- [pool-2-thread-2] c.u.service.TimetableGenerationService   : ElectiveGroupCombinations: depth=1 pattern 21/250 skipped (cross-section staff conflict)
2026-08-31T19:18:57.091+06:30  INFO 8652 --- [pool-2-thread-2] c.u.service.TimetableGenerationService   : ElectiveGroupCombinations: depth=1 group=3890917f-e9c5-4ddc-8622-c981820a589f committing pattern 22/250: [D1 P2-P3, D2 P2-P3]
2026-08-31T19:18:57.091+06:30  INFO 8652 --- [pool-2-thread-2] c.u.service.TimetableGenerationService   : ElectiveGroupCombinations: depth=1 pattern 22/250 skipped (cross-section staff conflict)
2026-08-31T19:18:57.091+06:30  INFO 8652 --- [pool-2-thread-2] c.u.service.TimetableGenerationService   : ElectiveGroupCombinations: depth=1 group=3890917f-e9c5-4ddc-8622-c981820a589f committing pattern 23/250: [D1 P2-P3, D2 P3-P4]
2026-08-31T19:18:57.091+06:30  INFO 8652 --- [pool-2-thread-2] c.u.service.TimetableGenerationService   : ElectiveGroupCombinations: depth=1 pattern 23/250 skipped (cross-section staff conflict)
2026-08-31T19:18:57.091+06:30  INFO 8652 --- [pool-2-thread-2] c.u.service.TimetableGenerationService   : ElectiveGroupCombinations: depth=1 group=3890917f-e9c5-4ddc-8622-c981820a589f committing pattern 24/250: [D1 P2-P3, D2 P4-P5]
2026-08-31T19:18:57.099+06:30  INFO 8652 --- [pool-2-thread-2] c.u.service.TimetableGenerationService   : ElectiveGroupCombinations: depth=1 pattern 24/250 skipped (cross-section staff conflict)
2026-08-31T19:18:57.099+06:30  INFO 8652 --- [pool-2-thread-2] c.u.service.TimetableGenerationService   : ElectiveGroupCombinations: depth=1 group=3890917f-e9c5-4ddc-8622-c981820a589f committing pattern 25/250: [D1 P2-P3, D2 P5-P6]
2026-08-31T19:18:57.099+06:30  INFO 8652 --- [pool-2-thread-2] c.u.service.TimetableGenerationService   : ElectiveGroupCombinations: depth=1 pattern 25/250 skipped (cross-section staff conflict)
2026-08-31T19:18:57.099+06:30  INFO 8652 --- [pool-2-thread-2] c.u.service.TimetableGenerationService   : ElectiveGroupCombinations: depth=1 group=3890917f-e9c5-4ddc-8622-c981820a589f committing pattern 26/250: [D1 P2-P3, D3 P1-P2]
2026-08-31T19:18:57.099+06:30  INFO 8652 --- [pool-2-thread-2] c.u.service.TimetableGenerationService   : ElectiveGroupCombinations: depth=1 pattern 26/250 skipped (cross-section staff conflict)
2026-08-31T19:18:57.099+06:30  INFO 8652 --- [pool-2-thread-2] c.u.service.TimetableGenerationService   : ElectiveGroupCombinations: depth=1 group=3890917f-e9c5-4ddc-8622-c981820a589f committing pattern 27/250: [D1 P2-P3, D3 P2-P3]
2026-08-31T19:18:57.099+06:30  INFO 8652 --- [pool-2-thread-2] c.u.service.TimetableGenerationService   : ElectiveGroupCombinations: depth=1 pattern 27/250 skipped (cross-section staff conflict)
2026-08-31T19:18:57.101+06:30  INFO 8652 --- [pool-2-thread-2] c.u.service.TimetableGenerationService   : ElectiveGroupCombinations: depth=1 group=3890917f-e9c5-4ddc-8622-c981820a589f committing pattern 28/250: [D1 P2-P3, D3 P3-P4]
2026-08-31T19:18:57.102+06:30  INFO 8652 --- [pool-2-thread-2] c.u.service.TimetableGenerationService   : ElectiveGroupCombinations: depth=1 pattern 28/250 skipped (cross-section staff conflict)
2026-08-31T19:18:57.104+06:30  INFO 8652 --- [pool-2-thread-2] c.u.service.TimetableGenerationService   : ElectiveGroupCombinations: depth=1 group=3890917f-e9c5-4ddc-8622-c981820a589f committing pattern 29/250: [D1 P2-P3, D3 P4-P5]
2026-08-31T19:18:57.104+06:30  INFO 8652 --- [pool-2-thread-2] c.u.service.TimetableGenerationService   : ElectiveGroupCombinations: depth=1 pattern 29/250 skipped (cross-section staff conflict)
2026-08-31T19:18:57.104+06:30  INFO 8652 --- [pool-2-thread-2] c.u.service.TimetableGenerationService   : ElectiveGroupCombinations: depth=1 group=3890917f-e9c5-4ddc-8622-c981820a589f committing pattern 30/250: [D1 P2-P3, D3 P5-P6]
2026-08-31T19:18:57.107+06:30  INFO 8652 --- [pool-2-thread-2] c.u.service.TimetableGenerationService   : ElectiveGroupCombinations: depth=1 pattern 30/250 skipped (cross-section staff conflict)
2026-08-31T19:18:57.109+06:30  INFO 8652 --- [pool-2-thread-2] c.u.service.TimetableGenerationService   : ElectiveGroupCombinations: depth=1 group=3890917f-e9c5-4ddc-8622-c981820a589f committing pattern 31/250: [D1 P2-P3, D4 P1-P2]
2026-08-31T19:18:57.109+06:30  INFO 8652 --- [pool-2-thread-2] c.u.service.TimetableGenerationService   : ElectiveGroupCombinations: depth=1 pattern 31/250 skipped (cross-section staff conflict)
2026-08-31T19:18:57.109+06:30  INFO 8652 --- [pool-2-thread-2] c.u.service.TimetableGenerationService   : ElectiveGroupCombinations: depth=1 group=3890917f-e9c5-4ddc-8622-c981820a589f committing pattern 32/250: [D1 P2-P3, D4 P2-P3]
2026-08-31T19:18:57.111+06:30  INFO 8652 --- [pool-2-thread-2] c.u.service.TimetableGenerationService   : ElectiveGroupCombinations: depth=1 pattern 32/250 skipped (cross-section staff conflict)
2026-08-31T19:18:57.111+06:30  INFO 8652 --- [pool-2-thread-2] c.u.service.TimetableGenerationService   : ElectiveGroupCombinations: depth=1 group=3890917f-e9c5-4ddc-8622-c981820a589f committing pattern 33/250: [D1 P2-P3, D4 P3-P4]
2026-08-31T19:18:57.112+06:30  INFO 8652 --- [pool-2-thread-2] c.u.service.TimetableGenerationService   : ElectiveGroupCombinations: depth=1 pattern 33/250 skipped (cross-section staff conflict)
2026-08-31T19:18:57.112+06:30  INFO 8652 --- [pool-2-thread-2] c.u.service.TimetableGenerationService   : ElectiveGroupCombinations: depth=1 group=3890917f-e9c5-4ddc-8622-c981820a589f committing pattern 34/250: [D1 P2-P3, D4 P4-P5]
2026-08-31T19:18:57.112+06:30  INFO 8652 --- [pool-2-thread-2] c.u.service.TimetableGenerationService   : ElectiveGroupCombinations: depth=1 pattern 34/250 skipped (cross-section staff conflict)
2026-08-31T19:18:57.112+06:30  INFO 8652 --- [pool-2-thread-2] c.u.service.TimetableGenerationService   : ElectiveGroupCombinations: depth=1 group=3890917f-e9c5-4ddc-8622-c981820a589f committing pattern 35/250: [D1 P2-P3, D4 P5-P6]
2026-08-31T19:18:57.112+06:30  INFO 8652 --- [pool-2-thread-2] c.u.service.TimetableGenerationService   : ElectiveGroupCombinations: depth=1 pattern 35/250 skipped (cross-section staff conflict)
2026-08-31T19:18:57.112+06:30  INFO 8652 --- [pool-2-thread-2] c.u.service.TimetableGenerationService   : ElectiveGroupCombinations: depth=1 group=3890917f-e9c5-4ddc-8622-c981820a589f committing pattern 36/250: [D1 P2-P3, D5 P1-P2]
2026-08-31T19:18:57.112+06:30  INFO 8652 --- [pool-2-thread-2] c.u.service.TimetableGenerationService   : ElectiveGroupCombinations: depth=1 pattern 36/250 skipped (cross-section staff conflict)
2026-08-31T19:18:57.115+06:30  INFO 8652 --- [pool-2-thread-2] c.u.service.TimetableGenerationService   : ElectiveGroupCombinations: depth=1 group=3890917f-e9c5-4ddc-8622-c981820a589f committing pattern 37/250: [D1 P2-P3, D5 P2-P3]
2026-08-31T19:18:57.115+06:30  INFO 8652 --- [pool-2-thread-2] c.u.service.TimetableGenerationService   : ElectiveGroupCombinations: depth=1 pattern 37/250 skipped (cross-section staff conflict)
2026-08-31T19:18:57.115+06:30  INFO 8652 --- [pool-2-thread-2] c.u.service.TimetableGenerationService   : ElectiveGroupCombinations: depth=1 group=3890917f-e9c5-4ddc-8622-c981820a589f committing pattern 38/250: [D1 P2-P3, D5 P3-P4]
2026-08-31T19:18:57.115+06:30  INFO 8652 --- [pool-2-thread-2] c.u.service.TimetableGenerationService   : ElectiveGroupCombinations: depth=1 pattern 38/250 skipped (cross-section staff conflict)
2026-08-31T19:18:57.115+06:30  INFO 8652 --- [pool-2-thread-2] c.u.service.TimetableGenerationService   : ElectiveGroupCombinations: depth=1 group=3890917f-e9c5-4ddc-8622-c981820a589f committing pattern 39/250: [D1 P2-P3, D5 P4-P5]
2026-08-31T19:18:57.115+06:30  INFO 8652 --- [pool-2-thread-2] c.u.service.TimetableGenerationService   : ElectiveGroupCombinations: depth=1 pattern 39/250 skipped (cross-section staff conflict)
2026-08-31T19:18:57.115+06:30  INFO 8652 --- [pool-2-thread-2] c.u.service.TimetableGenerationService   : ElectiveGroupCombinations: depth=1 group=3890917f-e9c5-4ddc-8622-c981820a589f committing pattern 40/250: [D1 P2-P3, D5 P5-P6]
2026-08-31T19:18:57.115+06:30  INFO 8652 --- [pool-2-thread-2] c.u.service.TimetableGenerationService   : ElectiveGroupCombinations: depth=1 pattern 40/250 skipped (cross-section staff conflict)
2026-08-31T19:18:57.115+06:30  INFO 8652 --- [pool-2-thread-2] c.u.service.TimetableGenerationService   : ElectiveGroupCombinations: depth=1 group=3890917f-e9c5-4ddc-8622-c981820a589f committing pattern 41/250: [D1 P3-P4, D2 P1-P2]
2026-08-31T19:18:57.118+06:30  INFO 8652 --- [pool-2-thread-2] c.u.service.TimetableGenerationService   : ElectiveGroupCombinations: depth=1 pattern 41/250 skipped (cross-section staff conflict)
2026-08-31T19:18:57.119+06:30  INFO 8652 --- [pool-2-thread-2] c.u.service.TimetableGenerationService   : ElectiveGroupCombinations: depth=1 group=3890917f-e9c5-4ddc-8622-c981820a589f committing pattern 42/250: [D1 P3-P4, D2 P2-P3]
2026-08-31T19:18:57.119+06:30  INFO 8652 --- [pool-2-thread-2] c.u.service.TimetableGenerationService   : ElectiveGroupCombinations: depth=1 pattern 42/250 skipped (cross-section staff conflict)
2026-08-31T19:18:57.120+06:30  INFO 8652 --- [pool-2-thread-2] c.u.service.TimetableGenerationService   : ElectiveGroupCombinations: depth=1 group=3890917f-e9c5-4ddc-8622-c981820a589f committing pattern 43/250: [D1 P3-P4, D2 P3-P4]
2026-08-31T19:18:57.122+06:30  INFO 8652 --- [pool-2-thread-2] c.u.service.TimetableGenerationService   : ElectiveGroupCombinations: depth=2 group=3890917f-e9c5-4ddc-8622-c981820a589f committing pattern 1/250: [D1 P1-P2, D2 P1-P2]
2026-08-31T19:18:57.122+06:30  INFO 8652 --- [pool-2-thread-2] c.u.service.TimetableGenerationService   : ElectiveGroupCombinations: depth=2 pattern 1/250 skipped (cross-section staff conflict)
2026-08-31T19:18:57.122+06:30  INFO 8652 --- [pool-2-thread-2] c.u.service.TimetableGenerationService   : ElectiveGroupCombinations: depth=2 group=3890917f-e9c5-4ddc-8622-c981820a589f committing pattern 2/250: [D1 P1-P2, D2 P2-P3]
2026-08-31T19:18:57.123+06:30  INFO 8652 --- [pool-2-thread-2] c.u.service.TimetableGenerationService   : ElectiveGroupCombinations: depth=2 pattern 2/250 skipped (cross-section staff conflict)
2026-08-31T19:18:57.123+06:30  INFO 8652 --- [pool-2-thread-2] c.u.service.TimetableGenerationService   : ElectiveGroupCombinations: depth=2 group=3890917f-e9c5-4ddc-8622-c981820a589f committing pattern 3/250: [D1 P1-P2, D2 P3-P4]
2026-08-31T19:18:57.123+06:30  INFO 8652 --- [pool-2-thread-2] c.u.service.TimetableGenerationService   : ElectiveGroupCombinations: depth=2 pattern 3/250 skipped (cross-section staff conflict)
2026-08-31T19:18:57.126+06:30  INFO 8652 --- [pool-2-thread-2] c.u.service.TimetableGenerationService   : ElectiveGroupCombinations: depth=2 group=3890917f-e9c5-4ddc-8622-c981820a589f committing pattern 4/250: [D1 P1-P2, D2 P4-P5]
2026-08-31T19:18:57.126+06:30  INFO 8652 --- [pool-2-thread-2] c.u.service.TimetableGenerationService   : ElectiveGroupCombinations: depth=2 pattern 4/250 skipped (cross-section staff conflict)
2026-08-31T19:18:57.126+06:30  INFO 8652 --- [pool-2-thread-2] c.u.service.TimetableGenerationService   : ElectiveGroupCombinations: depth=2 group=3890917f-e9c5-4ddc-8622-c981820a589f committing pattern 5/250: [D1 P1-P2, D2 P5-P6]
2026-08-31T19:18:57.126+06:30  INFO 8652 --- [pool-2-thread-2] c.u.service.TimetableGenerationService   : ElectiveGroupCombinations: depth=2 pattern 5/250 skipped (cross-section staff conflict)
2026-08-31T19:18:57.126+06:30  INFO 8652 --- [pool-2-thread-2] c.u.service.TimetableGenerationService   : ElectiveGroupCombinations: depth=2 group=3890917f-e9c5-4ddc-8622-c981820a589f committing pattern 6/250: [D1 P1-P2, D3 P1-P2]
2026-08-31T19:18:57.126+06:30  INFO 8652 --- [pool-2-thread-2] c.u.service.TimetableGenerationService   : ElectiveGroupCombinations: depth=2 pattern 6/250 skipped (cross-section staff conflict)
2026-08-31T19:18:57.126+06:30  INFO 8652 --- [pool-2-thread-2] c.u.service.TimetableGenerationService   : ElectiveGroupCombinations: depth=2 group=3890917f-e9c5-4ddc-8622-c981820a589f committing pattern 7/250: [D1 P1-P2, D3 P2-P3]
2026-08-31T19:18:57.126+06:30  INFO 8652 --- [pool-2-thread-2] c.u.service.TimetableGenerationService   : ElectiveGroupCombinations: depth=2 pattern 7/250 skipped (cross-section staff conflict)
2026-08-31T19:18:57.126+06:30  INFO 8652 --- [pool-2-thread-2] c.u.service.TimetableGenerationService   : ElectiveGroupCombinations: depth=2 group=3890917f-e9c5-4ddc-8622-c981820a589f committing pattern 8/250: [D1 P1-P2, D3 P3-P4]
2026-08-31T19:18:57.132+06:30  INFO 8652 --- [pool-2-thread-2] c.u.service.TimetableGenerationService   : ElectiveGroupCombinations: depth=2 pattern 8/250 skipped (cross-section staff conflict)
2026-08-31T19:18:57.133+06:30  INFO 8652 --- [pool-2-thread-2] c.u.service.TimetableGenerationService   : ElectiveGroupCombinations: depth=2 group=3890917f-e9c5-4ddc-8622-c981820a589f committing pattern 9/250: [D1 P1-P2, D3 P4-P5]
2026-08-31T19:18:57.133+06:30  INFO 8652 --- [pool-2-thread-2] c.u.service.TimetableGenerationService   : ElectiveGroupCombinations: depth=2 pattern 9/250 skipped (cross-section staff conflict)
2026-08-31T19:18:57.133+06:30  INFO 8652 --- [pool-2-thread-2] c.u.service.TimetableGenerationService   : ElectiveGroupCombinations: depth=2 group=3890917f-e9c5-4ddc-8622-c981820a589f committing pattern 10/250: [D1 P1-P2, D3 P5-P6]
2026-08-31T19:18:57.133+06:30  INFO 8652 --- [pool-2-thread-2] c.u.service.TimetableGenerationService   : ElectiveGroupCombinations: depth=2 pattern 10/250 skipped (cross-section staff conflict)
2026-08-31T19:18:57.133+06:30  INFO 8652 --- [pool-2-thread-2] c.u.service.TimetableGenerationService   : ElectiveGroupCombinations: depth=2 group=3890917f-e9c5-4ddc-8622-c981820a589f committing pattern 11/250: [D1 P1-P2, D4 P1-P2]
2026-08-31T19:18:57.133+06:30  INFO 8652 --- [pool-2-thread-2] c.u.service.TimetableGenerationService   : ElectiveGroupCombinations: depth=2 pattern 11/250 skipped (cross-section staff conflict)
2026-08-31T19:18:57.133+06:30  INFO 8652 --- [pool-2-thread-2] c.u.service.TimetableGenerationService   : ElectiveGroupCombinations: depth=2 group=3890917f-e9c5-4ddc-8622-c981820a589f committing pattern 12/250: [D1 P1-P2, D4 P2-P3]
2026-08-31T19:18:57.138+06:30  INFO 8652 --- [pool-2-thread-2] c.u.service.TimetableGenerationService   : ElectiveGroupCombinations: depth=2 pattern 12/250 skipped (cross-section staff conflict)
2026-08-31T19:18:57.138+06:30  INFO 8652 --- [pool-2-thread-2] c.u.service.TimetableGenerationService   : ElectiveGroupCombinations: depth=2 group=3890917f-e9c5-4ddc-8622-c981820a589f committing pattern 13/250: [D1 P1-P2, D4 P3-P4]
2026-08-31T19:18:57.138+06:30  INFO 8652 --- [pool-2-thread-2] c.u.service.TimetableGenerationService   : ElectiveGroupCombinations: depth=2 pattern 13/250 skipped (cross-section staff conflict)
2026-08-31T19:18:57.140+06:30  INFO 8652 --- [pool-2-thread-2] c.u.service.TimetableGenerationService   : ElectiveGroupCombinations: depth=2 group=3890917f-e9c5-4ddc-8622-c981820a589f committing pattern 14/250: [D1 P1-P2, D4 P4-P5]
2026-08-31T19:18:57.140+06:30  INFO 8652 --- [pool-2-thread-2] c.u.service.TimetableGenerationService   : ElectiveGroupCombinations: depth=2 pattern 14/250 skipped (cross-section staff conflict)
2026-08-31T19:18:57.140+06:30  INFO 8652 --- [pool-2-thread-2] c.u.service.TimetableGenerationService   : ElectiveGroupCombinations: depth=2 group=3890917f-e9c5-4ddc-8622-c981820a589f committing pattern 15/250: [D1 P1-P2, D4 P5-P6]
2026-08-31T19:18:57.140+06:30  INFO 8652 --- [pool-2-thread-2] c.u.service.TimetableGenerationService   : ElectiveGroupCombinations: depth=2 pattern 15/250 skipped (cross-section staff conflict)
2026-08-31T19:18:57.140+06:30  INFO 8652 --- [pool-2-thread-2] c.u.service.TimetableGenerationService   : ElectiveGroupCombinations: depth=2 group=3890917f-e9c5-4ddc-8622-c981820a589f committing pattern 16/250: [D1 P1-P2, D5 P1-P2]
2026-08-31T19:18:57.140+06:30  INFO 8652 --- [pool-2-thread-2] c.u.service.TimetableGenerationService   : ElectiveGroupCombinations: depth=2 pattern 16/250 skipped (cross-section staff conflict)
2026-08-31T19:18:57.143+06:30  INFO 8652 --- [pool-2-thread-2] c.u.service.TimetableGenerationService   : ElectiveGroupCombinations: depth=2 group=3890917f-e9c5-4ddc-8622-c981820a589f committing pattern 17/250: [D1 P1-P2, D5 P2-P3]
2026-08-31T19:18:57.143+06:30  INFO 8652 --- [pool-2-thread-2] c.u.service.TimetableGenerationService   : ElectiveGroupCombinations: depth=2 pattern 17/250 skipped (cross-section staff conflict)
2026-08-31T19:18:57.143+06:30  INFO 8652 --- [pool-2-thread-2] c.u.service.TimetableGenerationService   : ElectiveGroupCombinations: depth=2 group=3890917f-e9c5-4ddc-8622-c981820a589f committing pattern 18/250: [D1 P1-P2, D5 P3-P4]
2026-08-31T19:18:57.143+06:30  INFO 8652 --- [pool-2-thread-2] c.u.service.TimetableGenerationService   : ElectiveGroupCombinations: depth=2 pattern 18/250 skipped (cross-section staff conflict)
2026-08-31T19:18:57.145+06:30  INFO 8652 --- [pool-2-thread-2] c.u.service.TimetableGenerationService   : ElectiveGroupCombinations: depth=2 group=3890917f-e9c5-4ddc-8622-c981820a589f committing pattern 19/250: [D1 P1-P2, D5 P4-P5]
2026-08-31T19:18:57.145+06:30  INFO 8652 --- [pool-2-thread-2] c.u.service.TimetableGenerationService   : ElectiveGroupCombinations: depth=2 pattern 19/250 skipped (cross-section staff conflict)
2026-08-31T19:18:57.145+06:30  INFO 8652 --- [pool-2-thread-2] c.u.service.TimetableGenerationService   : ElectiveGroupCombinations: depth=2 group=3890917f-e9c5-4ddc-8622-c981820a589f committing pattern 20/250: [D1 P1-P2, D5 P5-P6]
2026-08-31T19:18:57.145+06:30  INFO 8652 --- [pool-2-thread-2] c.u.service.TimetableGenerationService   : ElectiveGroupCombinations: depth=2 pattern 20/250 skipped (cross-section staff conflict)
2026-08-31T19:18:57.145+06:30  INFO 8652 --- [pool-2-thread-2] c.u.service.TimetableGenerationService   : ElectiveGroupCombinations: depth=2 group=3890917f-e9c5-4ddc-8622-c981820a589f committing pattern 21/250: [D1 P2-P3, D2 P1-P2]
2026-08-31T19:18:57.145+06:30  INFO 8652 --- [pool-2-thread-2] c.u.service.TimetableGenerationService   : ElectiveGroupCombinations: depth=2 pattern 21/250 skipped (cross-section staff conflict)
2026-08-31T19:18:57.148+06:30  INFO 8652 --- [pool-2-thread-2] c.u.service.TimetableGenerationService   : ElectiveGroupCombinations: depth=2 group=3890917f-e9c5-4ddc-8622-c981820a589f committing pattern 22/250: [D1 P2-P3, D2 P2-P3]
2026-08-31T19:18:57.148+06:30  INFO 8652 --- [pool-2-thread-2] c.u.service.TimetableGenerationService   : ElectiveGroupCombinations: depth=2 pattern 22/250 skipped (cross-section staff conflict)
2026-08-31T19:18:57.148+06:30  INFO 8652 --- [pool-2-thread-2] c.u.service.TimetableGenerationService   : ElectiveGroupCombinations: depth=2 group=3890917f-e9c5-4ddc-8622-c981820a589f committing pattern 23/250: [D1 P2-P3, D2 P3-P4]
2026-08-31T19:18:57.148+06:30  INFO 8652 --- [pool-2-thread-2] c.u.service.TimetableGenerationService   : ElectiveGroupCombinations: depth=2 pattern 23/250 skipped (cross-section staff conflict)
2026-08-31T19:18:57.151+06:30  INFO 8652 --- [pool-2-thread-2] c.u.service.TimetableGenerationService   : ElectiveGroupCombinations: depth=2 group=3890917f-e9c5-4ddc-8622-c981820a589f committing pattern 24/250: [D1 P2-P3, D2 P4-P5]
2026-08-31T19:18:57.153+06:30  INFO 8652 --- [pool-2-thread-2] c.u.service.TimetableGenerationService   : ElectiveGroupCombinations: depth=2 pattern 24/250 skipped (cross-section staff conflict)
2026-08-31T19:18:57.153+06:30  INFO 8652 --- [pool-2-thread-2] c.u.service.TimetableGenerationService   : ElectiveGroupCombinations: depth=2 group=3890917f-e9c5-4ddc-8622-c981820a589f committing pattern 25/250: [D1 P2-P3, D2 P5-P6]
2026-08-31T19:18:57.153+06:30  INFO 8652 --- [pool-2-thread-2] c.u.service.TimetableGenerationService   : ElectiveGroupCombinations: depth=2 pattern 25/250 skipped (cross-section staff conflict)
2026-08-31T19:18:57.153+06:30  INFO 8652 --- [pool-2-thread-2] c.u.service.TimetableGenerationService   : ElectiveGroupCombinations: depth=2 group=3890917f-e9c5-4ddc-8622-c981820a589f committing pattern 26/250: [D1 P2-P3, D3 P1-P2]
2026-08-31T19:18:57.158+06:30  INFO 8652 --- [pool-2-thread-2] c.u.service.TimetableGenerationService   : ElectiveGroupCombinations: depth=2 pattern 26/250 skipped (cross-section staff conflict)
2026-08-31T19:18:57.158+06:30  INFO 8652 --- [pool-2-thread-2] c.u.service.TimetableGenerationService   : ElectiveGroupCombinations: depth=2 group=3890917f-e9c5-4ddc-8622-c981820a589f committing pattern 27/250: [D1 P2-P3, D3 P2-P3]
2026-08-31T19:18:57.160+06:30  INFO 8652 --- [pool-2-thread-2] c.u.service.TimetableGenerationService   : ElectiveGroupCombinations: depth=2 pattern 27/250 skipped (cross-section staff conflict)
2026-08-31T19:18:57.160+06:30  INFO 8652 --- [pool-2-thread-2] c.u.service.TimetableGenerationService   : ElectiveGroupCombinations: depth=2 group=3890917f-e9c5-4ddc-8622-c981820a589f committing pattern 28/250: [D1 P2-P3, D3 P3-P4]
2026-08-31T19:18:57.160+06:30  INFO 8652 --- [pool-2-thread-2] c.u.service.TimetableGenerationService   : ElectiveGroupCombinations: depth=2 pattern 28/250 skipped (cross-section staff conflict)
2026-08-31T19:18:57.160+06:30  INFO 8652 --- [pool-2-thread-2] c.u.service.TimetableGenerationService   : ElectiveGroupCombinations: depth=2 group=3890917f-e9c5-4ddc-8622-c981820a589f committing pattern 29/250: [D1 P2-P3, D3 P4-P5]
2026-08-31T19:18:57.164+06:30  INFO 8652 --- [pool-2-thread-2] c.u.service.TimetableGenerationService   : ElectiveGroupCombinations: depth=2 pattern 29/250 skipped (cross-section staff conflict)
2026-08-31T19:18:57.164+06:30  INFO 8652 --- [pool-2-thread-2] c.u.service.TimetableGenerationService   : ElectiveGroupCombinations: depth=2 group=3890917f-e9c5-4ddc-8622-c981820a589f committing pattern 30/250: [D1 P2-P3, D3 P5-P6]
2026-08-31T19:18:57.164+06:30  INFO 8652 --- [pool-2-thread-2] c.u.service.TimetableGenerationService   : ElectiveGroupCombinations: depth=2 pattern 30/250 skipped (cross-section staff conflict)
2026-08-31T19:18:57.166+06:30  INFO 8652 --- [pool-2-thread-2] c.u.service.TimetableGenerationService   : ElectiveGroupCombinations: depth=2 group=3890917f-e9c5-4ddc-8622-c981820a589f committing pattern 31/250: [D1 P2-P3, D4 P1-P2]
2026-08-31T19:18:57.166+06:30  INFO 8652 --- [pool-2-thread-2] c.u.service.TimetableGenerationService   : ElectiveGroupCombinations: depth=2 pattern 31/250 skipped (cross-section staff conflict)
2026-08-31T19:18:57.166+06:30  INFO 8652 --- [pool-2-thread-2] c.u.service.TimetableGenerationService   : ElectiveGroupCombinations: depth=2 group=3890917f-e9c5-4ddc-8622-c981820a589f committing pattern 32/250: [D1 P2-P3, D4 P2-P3]
2026-08-31T19:18:57.166+06:30  INFO 8652 --- [pool-2-thread-2] c.u.service.TimetableGenerationService   : ElectiveGroupCombinations: depth=2 pattern 32/250 skipped (cross-section staff conflict)
2026-08-31T19:18:57.169+06:30  INFO 8652 --- [pool-2-thread-2] c.u.service.TimetableGenerationService   : ElectiveGroupCombinations: depth=2 group=3890917f-e9c5-4ddc-8622-c981820a589f committing pattern 33/250: [D1 P2-P3, D4 P3-P4]
2026-08-31T19:18:57.169+06:30  INFO 8652 --- [pool-2-thread-2] c.u.service.TimetableGenerationService   : ElectiveGroupCombinations: depth=2 pattern 33/250 skipped (cross-section staff conflict)
2026-08-31T19:18:57.169+06:30  INFO 8652 --- [pool-2-thread-2] c.u.service.TimetableGenerationService   : ElectiveGroupCombinations: depth=2 group=3890917f-e9c5-4ddc-8622-c981820a589f committing pattern 34/250: [D1 P2-P3, D4 P4-P5]
2026-08-31T19:18:57.169+06:30  INFO 8652 --- [pool-2-thread-2] c.u.service.TimetableGenerationService   : ElectiveGroupCombinations: depth=2 pattern 34/250 skipped (cross-section staff conflict)
2026-08-31T19:18:57.169+06:30  INFO 8652 --- [pool-2-thread-2] c.u.service.TimetableGenerationService   : ElectiveGroupCombinations: depth=2 group=3890917f-e9c5-4ddc-8622-c981820a589f committing pattern 35/250: [D1 P2-P3, D4 P5-P6]
2026-08-31T19:18:57.174+06:30  INFO 8652 --- [pool-2-thread-2] c.u.service.TimetableGenerationService   : ElectiveGroupCombinations: depth=2 pattern 35/250 skipped (cross-section staff conflict)
2026-08-31T19:18:57.174+06:30  INFO 8652 --- [pool-2-thread-2] c.u.service.TimetableGenerationService   : ElectiveGroupCombinations: depth=2 group=3890917f-e9c5-4ddc-8622-c981820a589f committing pattern 36/250: [D1 P2-P3, D5 P1-P2]
2026-08-31T19:18:57.175+06:30  INFO 8652 --- [pool-2-thread-2] c.u.service.TimetableGenerationService   : ElectiveGroupCombinations: depth=2 pattern 36/250 skipped (cross-section staff conflict)
2026-08-31T19:18:57.175+06:30  INFO 8652 --- [pool-2-thread-2] c.u.service.TimetableGenerationService   : ElectiveGroupCombinations: depth=2 group=3890917f-e9c5-4ddc-8622-c981820a589f committing pattern 37/250: [D1 P2-P3, D5 P2-P3]
2026-08-31T19:18:57.175+06:30  INFO 8652 --- [pool-2-thread-2] c.u.service.TimetableGenerationService   : ElectiveGroupCombinations: depth=2 pattern 37/250 skipped (cross-section staff conflict)
2026-08-31T19:18:57.175+06:30  INFO 8652 --- [pool-2-thread-2] c.u.service.TimetableGenerationService   : ElectiveGroupCombinations: depth=2 group=3890917f-e9c5-4ddc-8622-c981820a589f committing pattern 38/250: [D1 P2-P3, D5 P3-P4]
2026-08-31T19:18:57.175+06:30  INFO 8652 --- [pool-2-thread-2] c.u.service.TimetableGenerationService   : ElectiveGroupCombinations: depth=2 pattern 38/250 skipped (cross-section staff conflict)
2026-08-31T19:18:57.175+06:30  INFO 8652 --- [pool-2-thread-2] c.u.service.TimetableGenerationService   : ElectiveGroupCombinations: depth=2 group=3890917f-e9c5-4ddc-8622-c981820a589f committing pattern 39/250: [D1 P2-P3, D5 P4-P5]
2026-08-31T19:18:57.175+06:30  INFO 8652 --- [pool-2-thread-2] c.u.service.TimetableGenerationService   : ElectiveGroupCombinations: depth=2 pattern 39/250 skipped (cross-section staff conflict)
2026-08-31T19:18:57.175+06:30  INFO 8652 --- [pool-2-thread-2] c.u.service.TimetableGenerationService   : ElectiveGroupCombinations: depth=2 group=3890917f-e9c5-4ddc-8622-c981820a589f committing pattern 40/250: [D1 P2-P3, D5 P5-P6]
2026-08-31T19:18:57.175+06:30  INFO 8652 --- [pool-2-thread-2] c.u.service.TimetableGenerationService   : ElectiveGroupCombinations: depth=2 pattern 40/250 skipped (cross-section staff conflict)
2026-08-31T19:18:57.183+06:30  INFO 8652 --- [pool-2-thread-2] c.u.service.TimetableGenerationService   : ElectiveGroupCombinations: depth=2 group=3890917f-e9c5-4ddc-8622-c981820a589f committing pattern 41/250: [D1 P3-P4, D2 P1-P2]
2026-08-31T19:18:57.185+06:30  INFO 8652 --- [pool-2-thread-2] c.u.service.TimetableGenerationService   : ElectiveGroupCombinations: depth=2 pattern 41/250 skipped (cross-section staff conflict)
2026-08-31T19:18:57.186+06:30  INFO 8652 --- [pool-2-thread-2] c.u.service.TimetableGenerationService   : ElectiveGroupCombinations: depth=2 group=3890917f-e9c5-4ddc-8622-c981820a589f committing pattern 42/250: [D1 P3-P4, D2 P2-P3]
2026-08-31T19:18:57.186+06:30  INFO 8652 --- [pool-2-thread-2] c.u.service.TimetableGenerationService   : ElectiveGroupCombinations: depth=2 pattern 42/250 skipped (cross-section staff conflict)
2026-08-31T19:18:57.188+06:30  INFO 8652 --- [pool-2-thread-2] c.u.service.TimetableGenerationService   : ElectiveGroupCombinations: depth=2 group=3890917f-e9c5-4ddc-8622-c981820a589f committing pattern 43/250: [D1 P3-P4, D2 P3-P4]
2026-08-31T19:18:57.188+06:30  INFO 8652 --- [pool-2-thread-2] c.u.service.TimetableGenerationService   : ElectiveGroupCombinations: depth=2 pattern 43/250 skipped (cross-section staff conflict)
2026-08-31T19:18:57.188+06:30  INFO 8652 --- [pool-2-thread-2] c.u.service.TimetableGenerationService   : ElectiveGroupCombinations: depth=2 group=3890917f-e9c5-4ddc-8622-c981820a589f committing pattern 44/250: [D1 P3-P4, D2 P4-P5]
2026-08-31T19:18:57.188+06:30  INFO 8652 --- [pool-2-thread-2] c.u.service.TimetableGenerationService   : ElectiveGroupCombinations: depth=2 pattern 44/250 skipped (cross-section staff conflict)
2026-08-31T19:18:57.188+06:30  INFO 8652 --- [pool-2-thread-2] c.u.service.TimetableGenerationService   : ElectiveGroupCombinations: depth=2 group=3890917f-e9c5-4ddc-8622-c981820a589f committing pattern 45/250: [D1 P3-P4, D2 P5-P6]
2026-08-31T19:18:57.188+06:30  INFO 8652 --- [pool-2-thread-2] c.u.service.TimetableGenerationService   : ElectiveGroupCombinations: depth=2 pattern 45/250 skipped (cross-section staff conflict)
2026-08-31T19:18:57.188+06:30  INFO 8652 --- [pool-2-thread-2] c.u.service.TimetableGenerationService   : ElectiveGroupCombinations: depth=2 group=3890917f-e9c5-4ddc-8622-c981820a589f committing pattern 46/250: [D1 P3-P4, D3 P1-P2]
2026-08-31T19:18:57.188+06:30  INFO 8652 --- [pool-2-thread-2] c.u.service.TimetableGenerationService   : ElectiveGroupCombinations: depth=2 pattern 46/250 skipped (cross-section staff conflict)
2026-08-31T19:18:57.192+06:30  INFO 8652 --- [pool-2-thread-2] c.u.service.TimetableGenerationService   : ElectiveGroupCombinations: depth=2 group=3890917f-e9c5-4ddc-8622-c981820a589f committing pattern 47/250: [D1 P3-P4, D3 P2-P3]
2026-08-31T19:18:57.192+06:30  INFO 8652 --- [pool-2-thread-2] c.u.service.TimetableGenerationService   : ElectiveGroupCombinations: depth=2 pattern 47/250 skipped (cross-section staff conflict)
2026-08-31T19:18:57.192+06:30  INFO 8652 --- [pool-2-thread-2] c.u.service.TimetableGenerationService   : ElectiveGroupCombinations: depth=2 group=3890917f-e9c5-4ddc-8622-c981820a589f committing pattern 48/250: [D1 P3-P4, D3 P3-P4]
2026-08-31T19:18:57.192+06:30  INFO 8652 --- [pool-2-thread-2] c.u.service.TimetableGenerationService   : ElectiveGroupCombinations: depth=2 pattern 48/250 skipped (cross-section staff conflict)
2026-08-31T19:18:57.192+06:30  INFO 8652 --- [pool-2-thread-2] c.u.service.TimetableGenerationService   : ElectiveGroupCombinations: depth=2 group=3890917f-e9c5-4ddc-8622-c981820a589f committing pattern 49/250: [D1 P3-P4, D3 P4-P5]
2026-08-31T19:18:57.195+06:30  INFO 8652 --- [pool-2-thread-2] c.u.service.TimetableGenerationService   : ElectiveGroupCombinations: depth=2 pattern 49/250 skipped (cross-section staff conflict)
2026-08-31T19:18:57.195+06:30  INFO 8652 --- [pool-2-thread-2] c.u.service.TimetableGenerationService   : ElectiveGroupCombinations: depth=2 group=3890917f-e9c5-4ddc-8622-c981820a589f committing pattern 50/250: [D1 P3-P4, D3 P5-P6]
2026-08-31T19:18:57.195+06:30  INFO 8652 --- [pool-2-thread-2] c.u.service.TimetableGenerationService   : ElectiveGroupCombinations: depth=2 pattern 50/250 skipped (cross-section staff conflict)
2026-08-31T19:18:57.195+06:30  INFO 8652 --- [pool-2-thread-2] c.u.service.TimetableGenerationService   : ElectiveGroupCombinations: depth=2 group=3890917f-e9c5-4ddc-8622-c981820a589f committing pattern 51/250: [D1 P3-P4, D4 P1-P2]
2026-08-31T19:18:57.195+06:30  INFO 8652 --- [pool-2-thread-2] c.u.service.TimetableGenerationService   : ElectiveGroupCombinations: depth=2 pattern 51/250 skipped (cross-section staff conflict)
2026-08-31T19:18:57.195+06:30  INFO 8652 --- [pool-2-thread-2] c.u.service.TimetableGenerationService   : ElectiveGroupCombinations: depth=2 group=3890917f-e9c5-4ddc-8622-c981820a589f committing pattern 52/250: [D1 P3-P4, D4 P2-P3]
2026-08-31T19:18:57.195+06:30  INFO 8652 --- [pool-2-thread-2] c.u.service.TimetableGenerationService   : ElectiveGroupCombinations: depth=2 pattern 52/250 skipped (cross-section staff conflict)
2026-08-31T19:18:57.195+06:30  INFO 8652 --- [pool-2-thread-2] c.u.service.TimetableGenerationService   : ElectiveGroupCombinations: depth=2 group=3890917f-e9c5-4ddc-8622-c981820a589f committing pattern 53/250: [D1 P3-P4, D4 P3-P4]
2026-08-31T19:18:57.195+06:30  INFO 8652 --- [pool-2-thread-2] c.u.service.TimetableGenerationService   : ElectiveGroupCombinations: depth=2 pattern 53/250 skipped (cross-section staff conflict)
2026-08-31T19:18:57.199+06:30  INFO 8652 --- [pool-2-thread-2] c.u.service.TimetableGenerationService   : ElectiveGroupCombinations: depth=2 group=3890917f-e9c5-4ddc-8622-c981820a589f committing pattern 54/250: [D1 P3-P4, D4 P4-P5]
2026-08-31T19:18:57.199+06:30  INFO 8652 --- [pool-2-thread-2] c.u.service.TimetableGenerationService   : ElectiveGroupCombinations: depth=2 pattern 54/250 skipped (cross-section staff conflict)
2026-08-31T19:18:57.200+06:30  INFO 8652 --- [pool-2-thread-2] c.u.service.TimetableGenerationService   : ElectiveGroupCombinations: depth=2 group=3890917f-e9c5-4ddc-8622-c981820a589f committing pattern 55/250: [D1 P3-P4, D4 P5-P6]
2026-08-31T19:18:57.202+06:30  INFO 8652 --- [pool-2-thread-2] c.u.service.TimetableGenerationService   : ElectiveGroupCombinations: depth=2 pattern 55/250 skipped (cross-section staff conflict)
2026-08-31T19:18:57.202+06:30  INFO 8652 --- [pool-2-thread-2] c.u.service.TimetableGenerationService   : ElectiveGroupCombinations: depth=2 group=3890917f-e9c5-4ddc-8622-c981820a589f committing pattern 56/250: [D1 P3-P4, D5 P1-P2]
2026-08-31T19:18:57.202+06:30  INFO 8652 --- [pool-2-thread-2] c.u.service.TimetableGenerationService   : ElectiveGroupCombinations: depth=2 pattern 56/250 skipped (cross-section staff conflict)
2026-08-31T19:18:57.202+06:30  INFO 8652 --- [pool-2-thread-2] c.u.service.TimetableGenerationService   : ElectiveGroupCombinations: depth=2 group=3890917f-e9c5-4ddc-8622-c981820a589f committing pattern 57/250: [D1 P3-P4, D5 P2-P3]
2026-08-31T19:18:57.205+06:30  INFO 8652 --- [pool-2-thread-2] c.u.service.TimetableGenerationService   : ElectiveGroupCombinations: depth=2 pattern 57/250 skipped (cross-section staff conflict)
2026-08-31T19:18:57.205+06:30  INFO 8652 --- [pool-2-thread-2] c.u.service.TimetableGenerationService   : ElectiveGroupCombinations: depth=2 group=3890917f-e9c5-4ddc-8622-c981820a589f committing pattern 58/250: [D1 P3-P4, D5 P3-P4]
2026-08-31T19:18:57.205+06:30  INFO 8652 --- [pool-2-thread-2] c.u.service.TimetableGenerationService   : ElectiveGroupCombinations: depth=2 pattern 58/250 skipped (cross-section staff conflict)
2026-08-31T19:18:57.205+06:30  INFO 8652 --- [pool-2-thread-2] c.u.service.TimetableGenerationService   : ElectiveGroupCombinations: depth=2 group=3890917f-e9c5-4ddc-8622-c981820a589f committing pattern 59/250: [D1 P3-P4, D5 P4-P5]
2026-08-31T19:18:57.205+06:30  INFO 8652 --- [pool-2-thread-2] c.u.service.TimetableGenerationService   : ElectiveGroupCombinations: depth=2 pattern 59/250 skipped (cross-section staff conflict)
2026-08-31T19:18:57.205+06:30  INFO 8652 --- [pool-2-thread-2] c.u.service.TimetableGenerationService   : ElectiveGroupCombinations: depth=2 group=3890917f-e9c5-4ddc-8622-c981820a589f committing pattern 60/250: [D1 P3-P4, D5 P5-P6]
2026-08-31T19:18:57.209+06:30  INFO 8652 --- [pool-2-thread-2] c.u.service.TimetableGenerationService   : ElectiveGroupCombinations: depth=2 pattern 60/250 skipped (cross-section staff conflict)
2026-08-31T19:18:57.209+06:30  INFO 8652 --- [pool-2-thread-2] c.u.service.TimetableGenerationService   : ElectiveGroupCombinations: depth=2 group=3890917f-e9c5-4ddc-8622-c981820a589f committing pattern 61/250: [D1 P4-P5, D2 P1-P2]
2026-08-31T19:18:57.209+06:30  INFO 8652 --- [pool-2-thread-2] c.u.service.TimetableGenerationService   : ElectiveGroupCombinations: depth=2 pattern 61/250 skipped (cross-section staff conflict)
2026-08-31T19:18:57.209+06:30  INFO 8652 --- [pool-2-thread-2] c.u.service.TimetableGenerationService   : ElectiveGroupCombinations: depth=2 group=3890917f-e9c5-4ddc-8622-c981820a589f committing pattern 62/250: [D1 P4-P5, D2 P2-P3]
2026-08-31T19:18:57.209+06:30  INFO 8652 --- [pool-2-thread-2] c.u.service.TimetableGenerationService   : ElectiveGroupCombinations: depth=2 pattern 62/250 skipped (cross-section staff conflict)
2026-08-31T19:18:57.209+06:30  INFO 8652 --- [pool-2-thread-2] c.u.service.TimetableGenerationService   : ElectiveGroupCombinations: depth=2 group=3890917f-e9c5-4ddc-8622-c981820a589f committing pattern 63/250: [D1 P4-P5, D2 P3-P4]
2026-08-31T19:18:57.212+06:30  INFO 8652 --- [pool-2-thread-2] c.u.service.TimetableGenerationService   : ElectiveGroupCombinations: depth=2 pattern 63/250 skipped (cross-section staff conflict)
2026-08-31T19:18:57.212+06:30  INFO 8652 --- [pool-2-thread-2] c.u.service.TimetableGenerationService   : ElectiveGroupCombinations: depth=2 group=3890917f-e9c5-4ddc-8622-c981820a589f committing pattern 64/250: [D1 P4-P5, D2 P4-P5]
2026-08-31T19:18:57.212+06:30  INFO 8652 --- [pool-2-thread-2] c.u.service.TimetableGenerationService   : ElectiveGroupCombinations: depth=2 pattern 64/250 skipped (cross-section staff conflict)
2026-08-31T19:18:57.212+06:30  INFO 8652 --- [pool-2-thread-2] c.u.service.TimetableGenerationService   : ElectiveGroupCombinations: depth=2 group=3890917f-e9c5-4ddc-8622-c981820a589f committing pattern 65/250: [D1 P4-P5, D2 P5-P6]
2026-08-31T19:18:57.212+06:30  INFO 8652 --- [pool-2-thread-2] c.u.service.TimetableGenerationService   : ElectiveGroupCombinations: depth=2 pattern 65/250 skipped (cross-section staff conflict)
2026-08-31T19:18:57.212+06:30  INFO 8652 --- [pool-2-thread-2] c.u.service.TimetableGenerationService   : ElectiveGroupCombinations: depth=2 group=3890917f-e9c5-4ddc-8622-c981820a589f committing pattern 66/250: [D1 P4-P5, D3 P1-P2]
2026-08-31T19:18:57.215+06:30  INFO 8652 --- [pool-2-thread-2] c.u.service.TimetableGenerationService   : ElectiveGroupCombinations: depth=2 pattern 66/250 skipped (cross-section staff conflict)
2026-08-31T19:18:57.215+06:30  INFO 8652 --- [pool-2-thread-2] c.u.service.TimetableGenerationService   : ElectiveGroupCombinations: depth=2 group=3890917f-e9c5-4ddc-8622-c981820a589f committing pattern 67/250: [D1 P4-P5, D3 P2-P3]
2026-08-31T19:18:57.217+06:30  INFO 8652 --- [pool-2-thread-2] c.u.service.TimetableGenerationService   : ElectiveGroupCombinations: depth=2 pattern 67/250 skipped (cross-section staff conflict)
2026-08-31T19:18:57.217+06:30  INFO 8652 --- [pool-2-thread-2] c.u.service.TimetableGenerationService   : ElectiveGroupCombinations: depth=2 group=3890917f-e9c5-4ddc-8622-c981820a589f committing pattern 68/250: [D1 P4-P5, D3 P3-P4]
2026-08-31T19:18:57.219+06:30  INFO 8652 --- [pool-2-thread-2] c.u.service.TimetableGenerationService   : ElectiveGroupCombinations: depth=2 pattern 68/250 skipped (cross-section staff conflict)
2026-08-31T19:18:57.219+06:30  INFO 8652 --- [pool-2-thread-2] c.u.service.TimetableGenerationService   : ElectiveGroupCombinations: depth=2 group=3890917f-e9c5-4ddc-8622-c981820a589f committing pattern 69/250: [D1 P4-P5, D3 P4-P5]
2026-08-31T19:18:57.221+06:30  INFO 8652 --- [pool-2-thread-2] c.u.service.TimetableGenerationService   : ElectiveGroupCombinations: depth=2 pattern 69/250 skipped (cross-section staff conflict)
2026-08-31T19:18:57.222+06:30  INFO 8652 --- [pool-2-thread-2] c.u.service.TimetableGenerationService   : ElectiveGroupCombinations: depth=2 group=3890917f-e9c5-4ddc-8622-c981820a589f committing pattern 70/250: [D1 P4-P5, D3 P5-P6]
2026-08-31T19:18:57.222+06:30  INFO 8652 --- [pool-2-thread-2] c.u.service.TimetableGenerationService   : ElectiveGroupCombinations: depth=2 pattern 70/250 skipped (cross-section staff conflict)
2026-08-31T19:18:57.222+06:30  INFO 8652 --- [pool-2-thread-2] c.u.service.TimetableGenerationService   : ElectiveGroupCombinations: depth=2 group=3890917f-e9c5-4ddc-8622-c981820a589f committing pattern 71/250: [D1 P4-P5, D4 P1-P2]
2026-08-31T19:18:57.222+06:30  INFO 8652 --- [pool-2-thread-2] c.u.service.TimetableGenerationService   : ElectiveGroupCombinations: depth=2 pattern 71/250 skipped (cross-section staff conflict)
2026-08-31T19:18:57.222+06:30  INFO 8652 --- [pool-2-thread-2] c.u.service.TimetableGenerationService   : ElectiveGroupCombinations: depth=2 group=3890917f-e9c5-4ddc-8622-c981820a589f committing pattern 72/250: [D1 P4-P5, D4 P2-P3]
2026-08-31T19:18:57.222+06:30  INFO 8652 --- [pool-2-thread-2] c.u.service.TimetableGenerationService   : ElectiveGroupCombinations: depth=2 pattern 72/250 skipped (cross-section staff conflict)
2026-08-31T19:18:57.222+06:30  INFO 8652 --- [pool-2-thread-2] c.u.service.TimetableGenerationService   : ElectiveGroupCombinations: depth=2 group=3890917f-e9c5-4ddc-8622-c981820a589f committing pattern 73/250: [D1 P4-P5, D4 P3-P4]
2026-08-31T19:18:57.222+06:30  INFO 8652 --- [pool-2-thread-2] c.u.service.TimetableGenerationService   : ElectiveGroupCombinations: depth=2 pattern 73/250 skipped (cross-section staff conflict)
2026-08-31T19:18:57.222+06:30  INFO 8652 --- [pool-2-thread-2] c.u.service.TimetableGenerationService   : ElectiveGroupCombinations: depth=2 group=3890917f-e9c5-4ddc-8622-c981820a589f committing pattern 74/250: [D1 P4-P5, D4 P4-P5]
2026-08-31T19:18:57.226+06:30  INFO 8652 --- [pool-2-thread-2] c.u.service.TimetableGenerationService   : ElectiveGroupCombinations: depth=2 pattern 74/250 skipped (cross-section staff conflict)
2026-08-31T19:18:57.226+06:30  INFO 8652 --- [pool-2-thread-2] c.u.service.TimetableGenerationService   : ElectiveGroupCombinations: depth=2 group=3890917f-e9c5-4ddc-8622-c981820a589f committing pattern 75/250: [D1 P4-P5, D4 P5-P6]
2026-08-31T19:18:57.226+06:30  INFO 8652 --- [pool-2-thread-2] c.u.service.TimetableGenerationService   : ElectiveGroupCombinations: depth=2 pattern 75/250 skipped (cross-section staff conflict)
2026-08-31T19:18:57.226+06:30  INFO 8652 --- [pool-2-thread-2] c.u.service.TimetableGenerationService   : ElectiveGroupCombinations: depth=2 group=3890917f-e9c5-4ddc-8622-c981820a589f committing pattern 76/250: [D1 P4-P5, D5 P1-P2]
2026-08-31T19:18:57.226+06:30  INFO 8652 --- [pool-2-thread-2] c.u.service.TimetableGenerationService   : ElectiveGroupCombinations: depth=2 pattern 76/250 skipped (cross-section staff conflict)
2026-08-31T19:18:57.226+06:30  INFO 8652 --- [pool-2-thread-2] c.u.service.TimetableGenerationService   : ElectiveGroupCombinations: depth=2 group=3890917f-e9c5-4ddc-8622-c981820a589f committing pattern 77/250: [D1 P4-P5, D5 P2-P3]
2026-08-31T19:18:57.226+06:30  INFO 8652 --- [pool-2-thread-2] c.u.service.TimetableGenerationService   : ElectiveGroupCombinations: depth=2 pattern 77/250 skipped (cross-section staff conflict)
2026-08-31T19:18:57.226+06:30  INFO 8652 --- [pool-2-thread-2] c.u.service.TimetableGenerationService   : ElectiveGroupCombinations: depth=2 group=3890917f-e9c5-4ddc-8622-c981820a589f committing pattern 78/250: [D1 P4-P5, D5 P3-P4]
2026-08-31T19:18:57.226+06:30  INFO 8652 --- [pool-2-thread-2] c.u.service.TimetableGenerationService   : ElectiveGroupCombinations: depth=2 pattern 78/250 skipped (cross-section staff conflict)
2026-08-31T19:18:57.226+06:30  INFO 8652 --- [pool-2-thread-2] c.u.service.TimetableGenerationService   : ElectiveGroupCombinations: depth=2 group=3890917f-e9c5-4ddc-8622-c981820a589f committing pattern 79/250: [D1 P4-P5, D5 P4-P5]
2026-08-31T19:18:57.226+06:30  INFO 8652 --- [pool-2-thread-2] c.u.service.TimetableGenerationService   : ElectiveGroupCombinations: depth=2 pattern 79/250 skipped (cross-section staff conflict)
2026-08-31T19:18:57.226+06:30  INFO 8652 --- [pool-2-thread-2] c.u.service.TimetableGenerationService   : ElectiveGroupCombinations: depth=2 group=3890917f-e9c5-4ddc-8622-c981820a589f committing pattern 80/250: [D1 P4-P5, D5 P5-P6]
2026-08-31T19:18:57.226+06:30  INFO 8652 --- [pool-2-thread-2] c.u.service.TimetableGenerationService   : ElectiveGroupCombinations: depth=2 pattern 80/250 skipped (cross-section staff conflict)
2026-08-31T19:18:57.226+06:30  INFO 8652 --- [pool-2-thread-2] c.u.service.TimetableGenerationService   : ElectiveGroupCombinations: depth=2 group=3890917f-e9c5-4ddc-8622-c981820a589f committing pattern 81/250: [D1 P5-P6, D2 P1-P2]
2026-08-31T19:18:57.226+06:30  INFO 8652 --- [pool-2-thread-2] c.u.service.TimetableGenerationService   : ElectiveGroupCombinations: depth=2 pattern 81/250 skipped (cross-section staff conflict)
2026-08-31T19:18:57.226+06:30  INFO 8652 --- [pool-2-thread-2] c.u.service.TimetableGenerationService   : ElectiveGroupCombinations: depth=2 group=3890917f-e9c5-4ddc-8622-c981820a589f committing pattern 82/250: [D1 P5-P6, D2 P2-P3]
2026-08-31T19:18:57.226+06:30  INFO 8652 --- [pool-2-thread-2] c.u.service.TimetableGenerationService   : ElectiveGroupCombinations: depth=2 pattern 82/250 skipped (cross-section staff conflict)
2026-08-31T19:18:57.226+06:30  INFO 8652 --- [pool-2-thread-2] c.u.service.TimetableGenerationService   : ElectiveGroupCombinations: depth=2 group=3890917f-e9c5-4ddc-8622-c981820a589f committing pattern 83/250: [D1 P5-P6, D2 P3-P4]
2026-08-31T19:18:57.226+06:30  INFO 8652 --- [pool-2-thread-2] c.u.service.TimetableGenerationService   : ElectiveGroupCombinations: depth=2 pattern 83/250 skipped (cross-section staff conflict)
2026-08-31T19:18:57.226+06:30  INFO 8652 --- [pool-2-thread-2] c.u.service.TimetableGenerationService   : ElectiveGroupCombinations: depth=2 group=3890917f-e9c5-4ddc-8622-c981820a589f committing pattern 84/250: [D1 P5-P6, D2 P4-P5]
2026-08-31T19:18:57.226+06:30  INFO 8652 --- [pool-2-thread-2] c.u.service.TimetableGenerationService   : ElectiveGroupCombinations: depth=2 pattern 84/250 skipped (cross-section staff conflict)
2026-08-31T19:18:57.226+06:30  INFO 8652 --- [pool-2-thread-2] c.u.service.TimetableGenerationService   : ElectiveGroupCombinations: depth=2 group=3890917f-e9c5-4ddc-8622-c981820a589f committing pattern 85/250: [D1 P5-P6, D2 P5-P6]
2026-08-31T19:18:58.634+06:30 DEBUG 8652 --- [nio-8090-exec-8] o.s.security.web.FilterChainProxy        : Securing GET /api/generations/38b92407-18ad-4866-96f3-799d939ded8d
2026-08-31T19:18:58.636+06:30 DEBUG 8652 --- [nio-8090-exec-8] o.s.security.web.FilterChainProxy        : Secured GET /api/generations/38b92407-18ad-4866-96f3-799d939ded8d
2026-08-31T19:19:07.029+06:30 DEBUG 8652 --- [nio-8090-exec-4] o.s.security.web.FilterChainProxy        : Securing GET /api/generations/38b92407-18ad-4866-96f3-799d939ded8d
2026-08-31T19:19:07.032+06:30 DEBUG 8652 --- [nio-8090-exec-4] o.s.security.web.FilterChainProxy        : Secured GET /api/generations/38b92407-18ad-4866-96f3-799d939ded8d
2026-08-31T19:19:12.695+06:30 DEBUG 8652 --- [io-8090-exec-10] o.s.security.web.FilterChainProxy        : Securing GET /api/users
2026-08-31T19:19:12.699+06:30 DEBUG 8652 --- [io-8090-exec-10] o.s.security.web.FilterChainProxy        : Secured GET /api/users
2026-08-31T19:19:12.699+06:30 DEBUG 8652 --- [nio-8090-exec-3] o.s.security.web.FilterChainProxy        : Securing GET /api/students
2026-08-31T19:19:12.699+06:30 DEBUG 8652 --- [nio-8090-exec-6] o.s.security.web.FilterChainProxy        : Securing GET /api/staff
2026-08-31T19:19:12.699+06:30 DEBUG 8652 --- [nio-8090-exec-7] o.s.security.web.FilterChainProxy        : Securing GET /api/generations/d8ed8796-8623-4e5c-9bb3-ffdbdaf09867/lock
2026-08-31T19:19:12.699+06:30 DEBUG 8652 --- [nio-8090-exec-3] o.s.security.web.FilterChainProxy        : Secured GET /api/students
2026-08-31T19:19:12.699+06:30 DEBUG 8652 --- [nio-8090-exec-6] o.s.security.web.FilterChainProxy        : Secured GET /api/staff
2026-08-31T19:19:12.699+06:30 DEBUG 8652 --- [nio-8090-exec-7] o.s.security.web.FilterChainProxy        : Secured GET /api/generations/d8ed8796-8623-4e5c-9bb3-ffdbdaf09867/lock
2026-08-31T19:19:13.105+06:30 DEBUG 8652 --- [nio-8090-exec-9] o.s.security.web.FilterChainProxy        : Securing GET /api/generations/38b92407-18ad-4866-96f3-799d939ded8d
2026-08-31T19:19:13.105+06:30 DEBUG 8652 --- [nio-8090-exec-9] o.s.security.web.FilterChainProxy        : Secured GET /api/generations/38b92407-18ad-4866-96f3-799d939ded8d
2026-08-31T19:19:13.183+06:30 DEBUG 8652 --- [nio-8090-exec-5] o.s.security.web.FilterChainProxy        : Securing POST /api/generations/d8ed8796-8623-4e5c-9bb3-ffdbdaf09867/lock
2026-08-31T19:19:13.183+06:30 DEBUG 8652 --- [nio-8090-exec-5] o.s.security.web.FilterChainProxy        : Secured POST /api/generations/d8ed8796-8623-4e5c-9bb3-ffdbdaf09867/lock
2026-08-31T19:19:19.266+06:30 DEBUG 8652 --- [nio-8090-exec-1] o.s.security.web.FilterChainProxy        : Securing GET /api/generations/38b92407-18ad-4866-96f3-799d939ded8d
2026-08-31T19:19:19.270+06:30 DEBUG 8652 --- [nio-8090-exec-1] o.s.security.web.FilterChainProxy        : Secured GET /api/generations/38b92407-18ad-4866-96f3-799d939ded8d
2026-08-31T19:19:24.935+06:30 DEBUG 8652 --- [nio-8090-exec-2] o.s.security.web.FilterChainProxy        : Securing GET /api/generations/38b92407-18ad-4866-96f3-799d939ded8d
2026-08-31T19:19:24.935+06:30 DEBUG 8652 --- [nio-8090-exec-2] o.s.security.web.FilterChainProxy        : Secured GET /api/generations/38b92407-18ad-4866-96f3-799d939ded8d
2026-08-31T19:19:32.319+06:30 DEBUG 8652 --- [nio-8090-exec-8] o.s.security.web.FilterChainProxy        : Securing GET /api/generations/38b92407-18ad-4866-96f3-799d939ded8d
2026-08-31T19:19:32.322+06:30 DEBUG 8652 --- [nio-8090-exec-8] o.s.security.web.FilterChainProxy        : Secured GET /api/generations/38b92407-18ad-4866-96f3-799d939ded8d
2026-08-31T19:19:38.777+06:30 DEBUG 8652 --- [nio-8090-exec-4] o.s.security.web.FilterChainProxy        : Securing GET /api/generations/38b92407-18ad-4866-96f3-799d939ded8d
2026-08-31T19:19:38.779+06:30 DEBUG 8652 --- [nio-8090-exec-4] o.s.security.web.FilterChainProxy        : Secured GET /api/generations/38b92407-18ad-4866-96f3-799d939ded8d
2026-08-31T19:19:44.475+06:30 DEBUG 8652 --- [nio-8090-exec-7] o.s.security.web.FilterChainProxy        : Securing GET /api/generations/38b92407-18ad-4866-96f3-799d939ded8d
2026-08-31T19:19:44.478+06:30 DEBUG 8652 --- [nio-8090-exec-7] o.s.security.web.FilterChainProxy        : Secured GET /api/generations/38b92407-18ad-4866-96f3-799d939ded8d
2026-08-31T19:19:51.659+06:30 DEBUG 8652 --- [nio-8090-exec-6] o.s.security.web.FilterChainProxy        : Securing GET /api/generations/38b92407-18ad-4866-96f3-799d939ded8d
2026-08-31T19:19:51.661+06:30 DEBUG 8652 --- [nio-8090-exec-6] o.s.security.web.FilterChainProxy        : Secured GET /api/generations/38b92407-18ad-4866-96f3-799d939ded8d
2026-08-31T19:20:00.825+06:30 DEBUG 8652 --- [nio-8090-exec-9] o.s.security.web.FilterChainProxy        : Securing GET /api/generations/38b92407-18ad-4866-96f3-799d939ded8d
2026-08-31T19:20:00.827+06:30 DEBUG 8652 --- [nio-8090-exec-9] o.s.security.web.FilterChainProxy        : Secured GET /api/generations/38b92407-18ad-4866-96f3-799d939ded8d
2026-08-31T19:20:03.390+06:30  INFO 8652 --- [pool-2-thread-2] c.u.service.TimetableGenerationService   : ElectiveGroupCombinations: Main solver SOLVED (depth=3)
2026-08-31T19:20:03.390+06:30  INFO 8652 --- [pool-2-thread-2] c.u.service.TimetableGenerationService   : ElectiveGroupCombinations: depth=2 pattern 85/250 SUCCEEDED
2026-08-31T19:20:03.390+06:30  INFO 8652 --- [pool-2-thread-2] c.u.service.TimetableGenerationService   : ElectiveGroupCombinations: depth=1 pattern 43/250 SUCCEEDED
2026-08-31T19:20:03.390+06:30  INFO 8652 --- [pool-2-thread-2] c.u.service.TimetableGenerationService   : ElectiveGroupCombinations: depth=0 pattern 1/250 SUCCEEDED
2026-08-31T19:20:03.416+06:30  INFO 8652 --- [pool-2-thread-2] c.u.service.TimetableGenerationService   : Timetable generated: 77 schedules for generation 38b92407-18ad-4866-96f3-799d939ded8d (examType=null)
2026-08-31T19:20:06.681+06:30 DEBUG 8652 --- [io-8090-exec-10] o.s.security.web.FilterChainProxy        : Securing GET /api/generations/38b92407-18ad-4866-96f3-799d939ded8d
2026-08-31T19:20:06.683+06:30 DEBUG 8652 --- [io-8090-exec-10] o.s.security.web.FilterChainProxy        : Secured GET /api/generations/38b92407-18ad-4866-96f3-799d939ded8d
2026-08-31T19:20:12.556+06:30 DEBUG 8652 --- [nio-8090-exec-1] o.s.security.web.FilterChainProxy        : Securing GET /api/generations/d8ed8796-8623-4e5c-9bb3-ffdbdaf09867/lock
2026-08-31T19:20:12.559+06:30 DEBUG 8652 --- [nio-8090-exec-1] o.s.security.web.FilterChainProxy        : Secured GET /api/generations/d8ed8796-8623-4e5c-9bb3-ffdbdaf09867/lock
2026-08-31T19:20:13.202+06:30 DEBUG 8652 --- [nio-8090-exec-8] o.s.security.web.FilterChainProxy        : Securing POST /api/generations/d8ed8796-8623-4e5c-9bb3-ffdbdaf09867/lock
2026-08-31T19:20:13.204+06:30 DEBUG 8652 --- [nio-8090-exec-8] o.s.security.web.FilterChainProxy        : Secured POST /api/generations/d8ed8796-8623-4e5c-9bb3-ffdbdaf09867/lock
2026-08-31T19:20:13.409+06:30 DEBUG 8652 --- [nio-8090-exec-4] o.s.security.web.FilterChainProxy        : Securing GET /api/generations/38b92407-18ad-4866-96f3-799d939ded8d
2026-08-31T19:20:13.409+06:30 DEBUG 8652 --- [nio-8090-exec-4] o.s.security.web.FilterChainProxy        : Secured GET /api/generations/38b92407-18ad-4866-96f3-799d939ded8d
2026-08-31T19:20:19.652+06:30 DEBUG 8652 --- [nio-8090-exec-6] o.s.security.web.FilterChainProxy        : Securing GET /api/generations/38b92407-18ad-4866-96f3-799d939ded8d
2026-08-31T19:20:19.652+06:30 DEBUG 8652 --- [nio-8090-exec-6] o.s.security.web.FilterChainProxy        : Secured GET /api/generations/38b92407-18ad-4866-96f3-799d939ded8d
2026-08-31T19:20:25.546+06:30 DEBUG 8652 --- [nio-8090-exec-9] o.s.security.web.FilterChainProxy        : Securing GET /api/generations/38b92407-18ad-4866-96f3-799d939ded8d
2026-08-31T19:20:25.549+06:30 DEBUG 8652 --- [nio-8090-exec-9] o.s.security.web.FilterChainProxy        : Secured GET /api/generations/38b92407-18ad-4866-96f3-799d939ded8d
2026-08-31T19:20:26.846+06:30 DEBUG 8652 --- [io-8090-exec-10] o.s.security.web.FilterChainProxy        : Securing GET /api/generations/38b92407-18ad-4866-96f3-799d939ded8d/schedules
2026-08-31T19:20:26.848+06:30 DEBUG 8652 --- [io-8090-exec-10] o.s.security.web.FilterChainProxy        : Secured GET /api/generations/38b92407-18ad-4866-96f3-799d939ded8d/schedules
2026-08-31T19:20:30.993+06:30 DEBUG 8652 --- [nio-8090-exec-5] o.s.security.web.FilterChainProxy        : Securing POST /api/generations/38b92407-18ad-4866-96f3-799d939ded8d/publish
2026-08-31T19:20:30.995+06:30 DEBUG 8652 --- [nio-8090-exec-5] o.s.security.web.FilterChainProxy        : Secured POST /api/generations/38b92407-18ad-4866-96f3-799d939ded8d/publish
2026-08-31T19:20:55.027+06:30 DEBUG 8652 --- [nio-8090-exec-3] o.s.security.web.FilterChainProxy        : Securing POST /api/generations
2026-08-31T19:20:55.027+06:30 DEBUG 8652 --- [nio-8090-exec-3] o.s.security.web.FilterChainProxy        : Secured POST /api/generations
2026-08-31T19:20:55.868+06:30 DEBUG 8652 --- [nio-8090-exec-2] o.s.security.web.FilterChainProxy        : Securing POST /api/generations/dc71b521-06a1-4a63-8eaa-99eab3d4720e/generate
2026-08-31T19:20:55.868+06:30 DEBUG 8652 --- [nio-8090-exec-2] o.s.security.web.FilterChainProxy        : Secured POST /api/generations/dc71b521-06a1-4a63-8eaa-99eab3d4720e/generate
2026-08-31T19:21:12.586+06:30 DEBUG 8652 --- [nio-8090-exec-1] o.s.security.web.FilterChainProxy        : Securing GET /api/users
2026-08-31T19:21:12.588+06:30 DEBUG 8652 --- [nio-8090-exec-1] o.s.security.web.FilterChainProxy        : Secured GET /api/users
2026-08-31T19:21:12.654+06:30 DEBUG 8652 --- [nio-8090-exec-4] o.s.security.web.FilterChainProxy        : Securing GET /api/generations/d8ed8796-8623-4e5c-9bb3-ffdbdaf09867/lock
2026-08-31T19:21:12.654+06:30 DEBUG 8652 --- [nio-8090-exec-7] o.s.security.web.FilterChainProxy        : Securing GET /api/staff
2026-08-31T19:21:12.660+06:30 DEBUG 8652 --- [nio-8090-exec-8] o.s.security.web.FilterChainProxy        : Securing GET /api/students
2026-08-31T19:21:12.660+06:30 DEBUG 8652 --- [nio-8090-exec-7] o.s.security.web.FilterChainProxy        : Secured GET /api/staff
2026-08-31T19:21:12.660+06:30 DEBUG 8652 --- [nio-8090-exec-4] o.s.security.web.FilterChainProxy        : Secured GET /api/generations/d8ed8796-8623-4e5c-9bb3-ffdbdaf09867/lock
2026-08-31T19:21:12.660+06:30 DEBUG 8652 --- [nio-8090-exec-8] o.s.security.web.FilterChainProxy        : Secured GET /api/students
2026-08-31T19:21:13.103+06:30 DEBUG 8652 --- [nio-8090-exec-6] o.s.security.web.FilterChainProxy        : Securing POST /api/generations/d8ed8796-8623-4e5c-9bb3-ffdbdaf09867/lock
2026-08-31T19:21:13.105+06:30 DEBUG 8652 --- [nio-8090-exec-6] o.s.security.web.FilterChainProxy        : Secured POST /api/generations/d8ed8796-8623-4e5c-9bb3-ffdbdaf09867/lock
2026-08-31T19:21:17.198+06:30 DEBUG 8652 --- [nio-8090-exec-9] o.s.security.web.FilterChainProxy        : Securing GET /api/generations/dc71b521-06a1-4a63-8eaa-99eab3d4720e
2026-08-31T19:21:17.198+06:30 DEBUG 8652 --- [nio-8090-exec-9] o.s.security.web.FilterChainProxy        : Secured GET /api/generations/dc71b521-06a1-4a63-8eaa-99eab3d4720e
2026-08-31T19:21:21.150+06:30  INFO 8652 --- [pool-2-thread-1] c.u.service.TimetableGenerationService   : ElectiveGroupCombinations: depth=0 group=45088805-eefe-47b3-a7d4-eed0c8ec7f0c committing pattern 1/250: [D1 P1-P2, D2 P1-P2]
2026-08-31T19:21:21.150+06:30  INFO 8652 --- [pool-2-thread-1] c.u.service.TimetableGenerationService   : ElectiveGroupCombinations: depth=1 group=45088805-eefe-47b3-a7d4-eed0c8ec7f0c committing pattern 1/250: [D1 P1-P2, D2 P1-P2]
2026-08-31T19:21:21.150+06:30  INFO 8652 --- [pool-2-thread-1] c.u.service.TimetableGenerationService   : ElectiveGroupCombinations: depth=1 pattern 1/250 skipped (cross-section staff conflict)
2026-08-31T19:21:21.150+06:30  INFO 8652 --- [pool-2-thread-1] c.u.service.TimetableGenerationService   : ElectiveGroupCombinations: depth=1 group=45088805-eefe-47b3-a7d4-eed0c8ec7f0c committing pattern 2/250: [D1 P1-P2, D2 P2-P3]
2026-08-31T19:21:21.150+06:30  INFO 8652 --- [pool-2-thread-1] c.u.service.TimetableGenerationService   : ElectiveGroupCombinations: depth=1 pattern 2/250 skipped (cross-section staff conflict)
2026-08-31T19:21:21.150+06:30  INFO 8652 --- [pool-2-thread-1] c.u.service.TimetableGenerationService   : ElectiveGroupCombinations: depth=1 group=45088805-eefe-47b3-a7d4-eed0c8ec7f0c committing pattern 3/250: [D1 P1-P2, D2 P3-P4]
2026-08-31T19:21:21.150+06:30  INFO 8652 --- [pool-2-thread-1] c.u.service.TimetableGenerationService   : ElectiveGroupCombinations: depth=1 pattern 3/250 skipped (cross-section staff conflict)
2026-08-31T19:21:21.150+06:30  INFO 8652 --- [pool-2-thread-1] c.u.service.TimetableGenerationService   : ElectiveGroupCombinations: depth=1 group=45088805-eefe-47b3-a7d4-eed0c8ec7f0c committing pattern 4/250: [D1 P1-P2, D2 P4-P5]
2026-08-31T19:21:21.150+06:30  INFO 8652 --- [pool-2-thread-1] c.u.service.TimetableGenerationService   : ElectiveGroupCombinations: depth=1 pattern 4/250 skipped (cross-section staff conflict)
2026-08-31T19:21:21.150+06:30  INFO 8652 --- [pool-2-thread-1] c.u.service.TimetableGenerationService   : ElectiveGroupCombinations: depth=1 group=45088805-eefe-47b3-a7d4-eed0c8ec7f0c committing pattern 5/250: [D1 P1-P2, D2 P5-P6]
2026-08-31T19:21:21.150+06:30  INFO 8652 --- [pool-2-thread-1] c.u.service.TimetableGenerationService   : ElectiveGroupCombinations: depth=1 pattern 5/250 skipped (cross-section staff conflict)
2026-08-31T19:21:21.158+06:30  INFO 8652 --- [pool-2-thread-1] c.u.service.TimetableGenerationService   : ElectiveGroupCombinations: depth=1 group=45088805-eefe-47b3-a7d4-eed0c8ec7f0c committing pattern 6/250: [D1 P1-P2, D3 P1-P2]
2026-08-31T19:21:21.159+06:30  INFO 8652 --- [pool-2-thread-1] c.u.service.TimetableGenerationService   : ElectiveGroupCombinations: depth=1 pattern 6/250 skipped (cross-section staff conflict)
2026-08-31T19:21:21.160+06:30  INFO 8652 --- [pool-2-thread-1] c.u.service.TimetableGenerationService   : ElectiveGroupCombinations: depth=1 group=45088805-eefe-47b3-a7d4-eed0c8ec7f0c committing pattern 7/250: [D1 P1-P2, D3 P2-P3]
2026-08-31T19:21:21.160+06:30  INFO 8652 --- [pool-2-thread-1] c.u.service.TimetableGenerationService   : ElectiveGroupCombinations: depth=1 pattern 7/250 skipped (cross-section staff conflict)
2026-08-31T19:21:21.162+06:30  INFO 8652 --- [pool-2-thread-1] c.u.service.TimetableGenerationService   : ElectiveGroupCombinations: depth=1 group=45088805-eefe-47b3-a7d4-eed0c8ec7f0c committing pattern 8/250: [D1 P1-P2, D3 P3-P4]
2026-08-31T19:21:21.162+06:30  INFO 8652 --- [pool-2-thread-1] c.u.service.TimetableGenerationService   : ElectiveGroupCombinations: depth=1 pattern 8/250 skipped (cross-section staff conflict)
2026-08-31T19:21:21.162+06:30  INFO 8652 --- [pool-2-thread-1] c.u.service.TimetableGenerationService   : ElectiveGroupCombinations: depth=1 group=45088805-eefe-47b3-a7d4-eed0c8ec7f0c committing pattern 9/250: [D1 P1-P2, D3 P4-P5]
2026-08-31T19:21:21.162+06:30  INFO 8652 --- [pool-2-thread-1] c.u.service.TimetableGenerationService   : ElectiveGroupCombinations: depth=1 pattern 9/250 skipped (cross-section staff conflict)
2026-08-31T19:21:21.167+06:30  INFO 8652 --- [pool-2-thread-1] c.u.service.TimetableGenerationService   : ElectiveGroupCombinations: depth=1 group=45088805-eefe-47b3-a7d4-eed0c8ec7f0c committing pattern 10/250: [D1 P1-P2, D3 P5-P6]
2026-08-31T19:21:21.167+06:30  INFO 8652 --- [pool-2-thread-1] c.u.service.TimetableGenerationService   : ElectiveGroupCombinations: depth=1 pattern 10/250 skipped (cross-section staff conflict)
2026-08-31T19:21:21.167+06:30  INFO 8652 --- [pool-2-thread-1] c.u.service.TimetableGenerationService   : ElectiveGroupCombinations: depth=1 group=45088805-eefe-47b3-a7d4-eed0c8ec7f0c committing pattern 11/250: [D1 P1-P2, D4 P1-P2]
2026-08-31T19:21:21.167+06:30  INFO 8652 --- [pool-2-thread-1] c.u.service.TimetableGenerationService   : ElectiveGroupCombinations: depth=1 pattern 11/250 skipped (cross-section staff conflict)
2026-08-31T19:21:21.167+06:30  INFO 8652 --- [pool-2-thread-1] c.u.service.TimetableGenerationService   : ElectiveGroupCombinations: depth=1 group=45088805-eefe-47b3-a7d4-eed0c8ec7f0c committing pattern 12/250: [D1 P1-P2, D4 P2-P3]
2026-08-31T19:21:21.167+06:30  INFO 8652 --- [pool-2-thread-1] c.u.service.TimetableGenerationService   : ElectiveGroupCombinations: depth=1 pattern 12/250 skipped (cross-section staff conflict)
2026-08-31T19:21:21.167+06:30  INFO 8652 --- [pool-2-thread-1] c.u.service.TimetableGenerationService   : ElectiveGroupCombinations: depth=1 group=45088805-eefe-47b3-a7d4-eed0c8ec7f0c committing pattern 13/250: [D1 P1-P2, D4 P3-P4]
2026-08-31T19:21:21.167+06:30  INFO 8652 --- [pool-2-thread-1] c.u.service.TimetableGenerationService   : ElectiveGroupCombinations: depth=1 pattern 13/250 skipped (cross-section staff conflict)
2026-08-31T19:21:21.167+06:30  INFO 8652 --- [pool-2-thread-1] c.u.service.TimetableGenerationService   : ElectiveGroupCombinations: depth=1 group=45088805-eefe-47b3-a7d4-eed0c8ec7f0c committing pattern 14/250: [D1 P1-P2, D4 P4-P5]
2026-08-31T19:21:21.167+06:30  INFO 8652 --- [pool-2-thread-1] c.u.service.TimetableGenerationService   : ElectiveGroupCombinations: depth=1 pattern 14/250 skipped (cross-section staff conflict)
2026-08-31T19:21:21.167+06:30  INFO 8652 --- [pool-2-thread-1] c.u.service.TimetableGenerationService   : ElectiveGroupCombinations: depth=1 group=45088805-eefe-47b3-a7d4-eed0c8ec7f0c committing pattern 15/250: [D1 P1-P2, D4 P5-P6]
2026-08-31T19:21:21.173+06:30  INFO 8652 --- [pool-2-thread-1] c.u.service.TimetableGenerationService   : ElectiveGroupCombinations: depth=1 pattern 15/250 skipped (cross-section staff conflict)
2026-08-31T19:21:21.175+06:30  INFO 8652 --- [pool-2-thread-1] c.u.service.TimetableGenerationService   : ElectiveGroupCombinations: depth=1 group=45088805-eefe-47b3-a7d4-eed0c8ec7f0c committing pattern 16/250: [D1 P1-P2, D5 P1-P2]
2026-08-31T19:21:21.175+06:30  INFO 8652 --- [pool-2-thread-1] c.u.service.TimetableGenerationService   : ElectiveGroupCombinations: depth=1 pattern 16/250 skipped (cross-section staff conflict)
2026-08-31T19:21:21.176+06:30  INFO 8652 --- [pool-2-thread-1] c.u.service.TimetableGenerationService   : ElectiveGroupCombinations: depth=1 group=45088805-eefe-47b3-a7d4-eed0c8ec7f0c committing pattern 17/250: [D1 P1-P2, D5 P2-P3]
2026-08-31T19:21:21.176+06:30  INFO 8652 --- [pool-2-thread-1] c.u.service.TimetableGenerationService   : ElectiveGroupCombinations: depth=1 pattern 17/250 skipped (cross-section staff conflict)
2026-08-31T19:21:21.176+06:30  INFO 8652 --- [pool-2-thread-1] c.u.service.TimetableGenerationService   : ElectiveGroupCombinations: depth=1 group=45088805-eefe-47b3-a7d4-eed0c8ec7f0c committing pattern 18/250: [D1 P1-P2, D5 P3-P4]
2026-08-31T19:21:21.176+06:30  INFO 8652 --- [pool-2-thread-1] c.u.service.TimetableGenerationService   : ElectiveGroupCombinations: depth=1 pattern 18/250 skipped (cross-section staff conflict)
2026-08-31T19:21:21.176+06:30  INFO 8652 --- [pool-2-thread-1] c.u.service.TimetableGenerationService   : ElectiveGroupCombinations: depth=1 group=45088805-eefe-47b3-a7d4-eed0c8ec7f0c committing pattern 19/250: [D1 P1-P2, D5 P4-P5]
2026-08-31T19:21:21.176+06:30  INFO 8652 --- [pool-2-thread-1] c.u.service.TimetableGenerationService   : ElectiveGroupCombinations: depth=1 pattern 19/250 skipped (cross-section staff conflict)
2026-08-31T19:21:21.176+06:30  INFO 8652 --- [pool-2-thread-1] c.u.service.TimetableGenerationService   : ElectiveGroupCombinations: depth=1 group=45088805-eefe-47b3-a7d4-eed0c8ec7f0c committing pattern 20/250: [D1 P1-P2, D5 P5-P6]
2026-08-31T19:21:21.176+06:30  INFO 8652 --- [pool-2-thread-1] c.u.service.TimetableGenerationService   : ElectiveGroupCombinations: depth=1 pattern 20/250 skipped (cross-section staff conflict)
2026-08-31T19:21:21.176+06:30  INFO 8652 --- [pool-2-thread-1] c.u.service.TimetableGenerationService   : ElectiveGroupCombinations: depth=1 group=45088805-eefe-47b3-a7d4-eed0c8ec7f0c committing pattern 21/250: [D1 P2-P3, D2 P1-P2]
2026-08-31T19:21:21.176+06:30  INFO 8652 --- [pool-2-thread-1] c.u.service.TimetableGenerationService   : ElectiveGroupCombinations: depth=1 pattern 21/250 skipped (cross-section staff conflict)
2026-08-31T19:21:21.176+06:30  INFO 8652 --- [pool-2-thread-1] c.u.service.TimetableGenerationService   : ElectiveGroupCombinations: depth=1 group=45088805-eefe-47b3-a7d4-eed0c8ec7f0c committing pattern 22/250: [D1 P2-P3, D2 P2-P3]
2026-08-31T19:21:21.182+06:30  INFO 8652 --- [pool-2-thread-1] c.u.service.TimetableGenerationService   : ElectiveGroupCombinations: depth=1 pattern 22/250 skipped (cross-section staff conflict)
2026-08-31T19:21:21.182+06:30  INFO 8652 --- [pool-2-thread-1] c.u.service.TimetableGenerationService   : ElectiveGroupCombinations: depth=1 group=45088805-eefe-47b3-a7d4-eed0c8ec7f0c committing pattern 23/250: [D1 P2-P3, D2 P3-P4]
2026-08-31T19:21:21.182+06:30  INFO 8652 --- [pool-2-thread-1] c.u.service.TimetableGenerationService   : ElectiveGroupCombinations: depth=1 pattern 23/250 skipped (cross-section staff conflict)
2026-08-31T19:21:21.184+06:30  INFO 8652 --- [pool-2-thread-1] c.u.service.TimetableGenerationService   : ElectiveGroupCombinations: depth=1 group=45088805-eefe-47b3-a7d4-eed0c8ec7f0c committing pattern 24/250: [D1 P2-P3, D2 P4-P5]
2026-08-31T19:21:21.184+06:30  INFO 8652 --- [pool-2-thread-1] c.u.service.TimetableGenerationService   : ElectiveGroupCombinations: depth=1 pattern 24/250 skipped (cross-section staff conflict)
2026-08-31T19:21:21.184+06:30  INFO 8652 --- [pool-2-thread-1] c.u.service.TimetableGenerationService   : ElectiveGroupCombinations: depth=1 group=45088805-eefe-47b3-a7d4-eed0c8ec7f0c committing pattern 25/250: [D1 P2-P3, D2 P5-P6]
2026-08-31T19:21:21.184+06:30  INFO 8652 --- [pool-2-thread-1] c.u.service.TimetableGenerationService   : ElectiveGroupCombinations: depth=1 pattern 25/250 skipped (cross-section staff conflict)
2026-08-31T19:21:21.184+06:30  INFO 8652 --- [pool-2-thread-1] c.u.service.TimetableGenerationService   : ElectiveGroupCombinations: depth=1 group=45088805-eefe-47b3-a7d4-eed0c8ec7f0c committing pattern 26/250: [D1 P2-P3, D3 P1-P2]
2026-08-31T19:21:21.184+06:30  INFO 8652 --- [pool-2-thread-1] c.u.service.TimetableGenerationService   : ElectiveGroupCombinations: depth=1 pattern 26/250 skipped (cross-section staff conflict)
2026-08-31T19:21:21.184+06:30  INFO 8652 --- [pool-2-thread-1] c.u.service.TimetableGenerationService   : ElectiveGroupCombinations: depth=1 group=45088805-eefe-47b3-a7d4-eed0c8ec7f0c committing pattern 27/250: [D1 P2-P3, D3 P2-P3]
2026-08-31T19:21:21.184+06:30  INFO 8652 --- [pool-2-thread-1] c.u.service.TimetableGenerationService   : ElectiveGroupCombinations: depth=1 pattern 27/250 skipped (cross-section staff conflict)
2026-08-31T19:21:21.184+06:30  INFO 8652 --- [pool-2-thread-1] c.u.service.TimetableGenerationService   : ElectiveGroupCombinations: depth=1 group=45088805-eefe-47b3-a7d4-eed0c8ec7f0c committing pattern 28/250: [D1 P2-P3, D3 P3-P4]
2026-08-31T19:21:21.184+06:30  INFO 8652 --- [pool-2-thread-1] c.u.service.TimetableGenerationService   : ElectiveGroupCombinations: depth=1 pattern 28/250 skipped (cross-section staff conflict)
2026-08-31T19:21:21.191+06:30  INFO 8652 --- [pool-2-thread-1] c.u.service.TimetableGenerationService   : ElectiveGroupCombinations: depth=1 group=45088805-eefe-47b3-a7d4-eed0c8ec7f0c committing pattern 29/250: [D1 P2-P3, D3 P4-P5]
2026-08-31T19:21:21.191+06:30  INFO 8652 --- [pool-2-thread-1] c.u.service.TimetableGenerationService   : ElectiveGroupCombinations: depth=1 pattern 29/250 skipped (cross-section staff conflict)
2026-08-31T19:21:21.191+06:30  INFO 8652 --- [pool-2-thread-1] c.u.service.TimetableGenerationService   : ElectiveGroupCombinations: depth=1 group=45088805-eefe-47b3-a7d4-eed0c8ec7f0c committing pattern 30/250: [D1 P2-P3, D3 P5-P6]
2026-08-31T19:21:21.191+06:30  INFO 8652 --- [pool-2-thread-1] c.u.service.TimetableGenerationService   : ElectiveGroupCombinations: depth=1 pattern 30/250 skipped (cross-section staff conflict)
2026-08-31T19:21:21.191+06:30  INFO 8652 --- [pool-2-thread-1] c.u.service.TimetableGenerationService   : ElectiveGroupCombinations: depth=1 group=45088805-eefe-47b3-a7d4-eed0c8ec7f0c committing pattern 31/250: [D1 P2-P3, D4 P1-P2]
2026-08-31T19:21:21.191+06:30  INFO 8652 --- [pool-2-thread-1] c.u.service.TimetableGenerationService   : ElectiveGroupCombinations: depth=1 pattern 31/250 skipped (cross-section staff conflict)
2026-08-31T19:21:21.191+06:30  INFO 8652 --- [pool-2-thread-1] c.u.service.TimetableGenerationService   : ElectiveGroupCombinations: depth=1 group=45088805-eefe-47b3-a7d4-eed0c8ec7f0c committing pattern 32/250: [D1 P2-P3, D4 P2-P3]
2026-08-31T19:21:21.191+06:30  INFO 8652 --- [pool-2-thread-1] c.u.service.TimetableGenerationService   : ElectiveGroupCombinations: depth=1 pattern 32/250 skipped (cross-section staff conflict)
2026-08-31T19:21:21.197+06:30  INFO 8652 --- [pool-2-thread-1] c.u.service.TimetableGenerationService   : ElectiveGroupCombinations: depth=1 group=45088805-eefe-47b3-a7d4-eed0c8ec7f0c committing pattern 33/250: [D1 P2-P3, D4 P3-P4]
2026-08-31T19:21:21.197+06:30  INFO 8652 --- [pool-2-thread-1] c.u.service.TimetableGenerationService   : ElectiveGroupCombinations: depth=1 pattern 33/250 skipped (cross-section staff conflict)
2026-08-31T19:21:21.197+06:30  INFO 8652 --- [pool-2-thread-1] c.u.service.TimetableGenerationService   : ElectiveGroupCombinations: depth=1 group=45088805-eefe-47b3-a7d4-eed0c8ec7f0c committing pattern 34/250: [D1 P2-P3, D4 P4-P5]
2026-08-31T19:21:21.200+06:30  INFO 8652 --- [pool-2-thread-1] c.u.service.TimetableGenerationService   : ElectiveGroupCombinations: depth=1 pattern 34/250 skipped (cross-section staff conflict)
2026-08-31T19:21:21.200+06:30  INFO 8652 --- [pool-2-thread-1] c.u.service.TimetableGenerationService   : ElectiveGroupCombinations: depth=1 group=45088805-eefe-47b3-a7d4-eed0c8ec7f0c committing pattern 35/250: [D1 P2-P3, D4 P5-P6]
2026-08-31T19:21:21.200+06:30  INFO 8652 --- [pool-2-thread-1] c.u.service.TimetableGenerationService   : ElectiveGroupCombinations: depth=1 pattern 35/250 skipped (cross-section staff conflict)
2026-08-31T19:21:21.200+06:30  INFO 8652 --- [pool-2-thread-1] c.u.service.TimetableGenerationService   : ElectiveGroupCombinations: depth=1 group=45088805-eefe-47b3-a7d4-eed0c8ec7f0c committing pattern 36/250: [D1 P2-P3, D5 P1-P2]
2026-08-31T19:21:21.200+06:30  INFO 8652 --- [pool-2-thread-1] c.u.service.TimetableGenerationService   : ElectiveGroupCombinations: depth=1 pattern 36/250 skipped (cross-section staff conflict)
2026-08-31T19:21:21.200+06:30  INFO 8652 --- [pool-2-thread-1] c.u.service.TimetableGenerationService   : ElectiveGroupCombinations: depth=1 group=45088805-eefe-47b3-a7d4-eed0c8ec7f0c committing pattern 37/250: [D1 P2-P3, D5 P2-P3]
2026-08-31T19:21:21.200+06:30  INFO 8652 --- [pool-2-thread-1] c.u.service.TimetableGenerationService   : ElectiveGroupCombinations: depth=1 pattern 37/250 skipped (cross-section staff conflict)
2026-08-31T19:21:21.200+06:30  INFO 8652 --- [pool-2-thread-1] c.u.service.TimetableGenerationService   : ElectiveGroupCombinations: depth=1 group=45088805-eefe-47b3-a7d4-eed0c8ec7f0c committing pattern 38/250: [D1 P2-P3, D5 P3-P4]
2026-08-31T19:21:21.200+06:30  INFO 8652 --- [pool-2-thread-1] c.u.service.TimetableGenerationService   : ElectiveGroupCombinations: depth=1 pattern 38/250 skipped (cross-section staff conflict)
2026-08-31T19:21:21.205+06:30  INFO 8652 --- [pool-2-thread-1] c.u.service.TimetableGenerationService   : ElectiveGroupCombinations: depth=1 group=45088805-eefe-47b3-a7d4-eed0c8ec7f0c committing pattern 39/250: [D1 P2-P3, D5 P4-P5]
2026-08-31T19:21:21.205+06:30  INFO 8652 --- [pool-2-thread-1] c.u.service.TimetableGenerationService   : ElectiveGroupCombinations: depth=1 pattern 39/250 skipped (cross-section staff conflict)
2026-08-31T19:21:21.207+06:30  INFO 8652 --- [pool-2-thread-1] c.u.service.TimetableGenerationService   : ElectiveGroupCombinations: depth=1 group=45088805-eefe-47b3-a7d4-eed0c8ec7f0c committing pattern 40/250: [D1 P2-P3, D5 P5-P6]
2026-08-31T19:21:21.207+06:30  INFO 8652 --- [pool-2-thread-1] c.u.service.TimetableGenerationService   : ElectiveGroupCombinations: depth=1 pattern 40/250 skipped (cross-section staff conflict)
2026-08-31T19:21:21.207+06:30  INFO 8652 --- [pool-2-thread-1] c.u.service.TimetableGenerationService   : ElectiveGroupCombinations: depth=1 group=45088805-eefe-47b3-a7d4-eed0c8ec7f0c committing pattern 41/250: [D1 P3-P4, D2 P1-P2]
2026-08-31T19:21:21.207+06:30  INFO 8652 --- [pool-2-thread-1] c.u.service.TimetableGenerationService   : ElectiveGroupCombinations: depth=1 pattern 41/250 skipped (cross-section staff conflict)
2026-08-31T19:21:21.207+06:30  INFO 8652 --- [pool-2-thread-1] c.u.service.TimetableGenerationService   : ElectiveGroupCombinations: depth=1 group=45088805-eefe-47b3-a7d4-eed0c8ec7f0c committing pattern 42/250: [D1 P3-P4, D2 P2-P3]
2026-08-31T19:21:21.207+06:30  INFO 8652 --- [pool-2-thread-1] c.u.service.TimetableGenerationService   : ElectiveGroupCombinations: depth=1 pattern 42/250 skipped (cross-section staff conflict)
2026-08-31T19:21:21.207+06:30  INFO 8652 --- [pool-2-thread-1] c.u.service.TimetableGenerationService   : ElectiveGroupCombinations: depth=1 group=45088805-eefe-47b3-a7d4-eed0c8ec7f0c committing pattern 43/250: [D1 P3-P4, D2 P3-P4]
2026-08-31T19:21:21.207+06:30  INFO 8652 --- [pool-2-thread-1] c.u.service.TimetableGenerationService   : ElectiveGroupCombinations: depth=2 group=45088805-eefe-47b3-a7d4-eed0c8ec7f0c committing pattern 1/250: [D1 P1-P2, D2 P1-P2]
2026-08-31T19:21:21.207+06:30  INFO 8652 --- [pool-2-thread-1] c.u.service.TimetableGenerationService   : ElectiveGroupCombinations: depth=2 pattern 1/250 skipped (cross-section staff conflict)
2026-08-31T19:21:21.207+06:30  INFO 8652 --- [pool-2-thread-1] c.u.service.TimetableGenerationService   : ElectiveGroupCombinations: depth=2 group=45088805-eefe-47b3-a7d4-eed0c8ec7f0c committing pattern 2/250: [D1 P1-P2, D2 P2-P3]
2026-08-31T19:21:21.207+06:30  INFO 8652 --- [pool-2-thread-1] c.u.service.TimetableGenerationService   : ElectiveGroupCombinations: depth=2 pattern 2/250 skipped (cross-section staff conflict)
2026-08-31T19:21:21.207+06:30  INFO 8652 --- [pool-2-thread-1] c.u.service.TimetableGenerationService   : ElectiveGroupCombinations: depth=2 group=45088805-eefe-47b3-a7d4-eed0c8ec7f0c committing pattern 3/250: [D1 P1-P2, D2 P3-P4]
2026-08-31T19:21:21.207+06:30  INFO 8652 --- [pool-2-thread-1] c.u.service.TimetableGenerationService   : ElectiveGroupCombinations: depth=2 pattern 3/250 skipped (cross-section staff conflict)
2026-08-31T19:21:21.207+06:30  INFO 8652 --- [pool-2-thread-1] c.u.service.TimetableGenerationService   : ElectiveGroupCombinations: depth=2 group=45088805-eefe-47b3-a7d4-eed0c8ec7f0c committing pattern 4/250: [D1 P1-P2, D2 P4-P5]
2026-08-31T19:21:21.207+06:30  INFO 8652 --- [pool-2-thread-1] c.u.service.TimetableGenerationService   : ElectiveGroupCombinations: depth=2 pattern 4/250 skipped (cross-section staff conflict)
2026-08-31T19:21:21.207+06:30  INFO 8652 --- [pool-2-thread-1] c.u.service.TimetableGenerationService   : ElectiveGroupCombinations: depth=2 group=45088805-eefe-47b3-a7d4-eed0c8ec7f0c committing pattern 5/250: [D1 P1-P2, D2 P5-P6]
2026-08-31T19:21:21.207+06:30  INFO 8652 --- [pool-2-thread-1] c.u.service.TimetableGenerationService   : ElectiveGroupCombinations: depth=2 pattern 5/250 skipped (cross-section staff conflict)
2026-08-31T19:21:21.207+06:30  INFO 8652 --- [pool-2-thread-1] c.u.service.TimetableGenerationService   : ElectiveGroupCombinations: depth=2 group=45088805-eefe-47b3-a7d4-eed0c8ec7f0c committing pattern 6/250: [D1 P1-P2, D3 P1-P2]
2026-08-31T19:21:21.207+06:30  INFO 8652 --- [pool-2-thread-1] c.u.service.TimetableGenerationService   : ElectiveGroupCombinations: depth=2 pattern 6/250 skipped (cross-section staff conflict)
2026-08-31T19:21:21.207+06:30  INFO 8652 --- [pool-2-thread-1] c.u.service.TimetableGenerationService   : ElectiveGroupCombinations: depth=2 group=45088805-eefe-47b3-a7d4-eed0c8ec7f0c committing pattern 7/250: [D1 P1-P2, D3 P2-P3]
2026-08-31T19:21:21.207+06:30  INFO 8652 --- [pool-2-thread-1] c.u.service.TimetableGenerationService   : ElectiveGroupCombinations: depth=2 pattern 7/250 skipped (cross-section staff conflict)
2026-08-31T19:21:21.207+06:30  INFO 8652 --- [pool-2-thread-1] c.u.service.TimetableGenerationService   : ElectiveGroupCombinations: depth=2 group=45088805-eefe-47b3-a7d4-eed0c8ec7f0c committing pattern 8/250: [D1 P1-P2, D3 P3-P4]
2026-08-31T19:21:21.207+06:30  INFO 8652 --- [pool-2-thread-1] c.u.service.TimetableGenerationService   : ElectiveGroupCombinations: depth=2 pattern 8/250 skipped (cross-section staff conflict)
2026-08-31T19:21:21.207+06:30  INFO 8652 --- [pool-2-thread-1] c.u.service.TimetableGenerationService   : ElectiveGroupCombinations: depth=2 group=45088805-eefe-47b3-a7d4-eed0c8ec7f0c committing pattern 9/250: [D1 P1-P2, D3 P4-P5]
2026-08-31T19:21:21.207+06:30  INFO 8652 --- [pool-2-thread-1] c.u.service.TimetableGenerationService   : ElectiveGroupCombinations: depth=2 pattern 9/250 skipped (cross-section staff conflict)
2026-08-31T19:21:21.207+06:30  INFO 8652 --- [pool-2-thread-1] c.u.service.TimetableGenerationService   : ElectiveGroupCombinations: depth=2 group=45088805-eefe-47b3-a7d4-eed0c8ec7f0c committing pattern 10/250: [D1 P1-P2, D3 P5-P6]
2026-08-31T19:21:21.207+06:30  INFO 8652 --- [pool-2-thread-1] c.u.service.TimetableGenerationService   : ElectiveGroupCombinations: depth=2 pattern 10/250 skipped (cross-section staff conflict)
2026-08-31T19:21:21.207+06:30  INFO 8652 --- [pool-2-thread-1] c.u.service.TimetableGenerationService   : ElectiveGroupCombinations: depth=2 group=45088805-eefe-47b3-a7d4-eed0c8ec7f0c committing pattern 11/250: [D1 P1-P2, D4 P1-P2]
2026-08-31T19:21:21.207+06:30  INFO 8652 --- [pool-2-thread-1] c.u.service.TimetableGenerationService   : ElectiveGroupCombinations: depth=2 pattern 11/250 skipped (cross-section staff conflict)
2026-08-31T19:21:21.207+06:30  INFO 8652 --- [pool-2-thread-1] c.u.service.TimetableGenerationService   : ElectiveGroupCombinations: depth=2 group=45088805-eefe-47b3-a7d4-eed0c8ec7f0c committing pattern 12/250: [D1 P1-P2, D4 P2-P3]
2026-08-31T19:21:21.207+06:30  INFO 8652 --- [pool-2-thread-1] c.u.service.TimetableGenerationService   : ElectiveGroupCombinations: depth=2 pattern 12/250 skipped (cross-section staff conflict)
2026-08-31T19:21:21.207+06:30  INFO 8652 --- [pool-2-thread-1] c.u.service.TimetableGenerationService   : ElectiveGroupCombinations: depth=2 group=45088805-eefe-47b3-a7d4-eed0c8ec7f0c committing pattern 13/250: [D1 P1-P2, D4 P3-P4]
2026-08-31T19:21:21.207+06:30  INFO 8652 --- [pool-2-thread-1] c.u.service.TimetableGenerationService   : ElectiveGroupCombinations: depth=2 pattern 13/250 skipped (cross-section staff conflict)
2026-08-31T19:21:21.207+06:30  INFO 8652 --- [pool-2-thread-1] c.u.service.TimetableGenerationService   : ElectiveGroupCombinations: depth=2 group=45088805-eefe-47b3-a7d4-eed0c8ec7f0c committing pattern 14/250: [D1 P1-P2, D4 P4-P5]
2026-08-31T19:21:21.207+06:30  INFO 8652 --- [pool-2-thread-1] c.u.service.TimetableGenerationService   : ElectiveGroupCombinations: depth=2 pattern 14/250 skipped (cross-section staff conflict)
2026-08-31T19:21:21.207+06:30  INFO 8652 --- [pool-2-thread-1] c.u.service.TimetableGenerationService   : ElectiveGroupCombinations: depth=2 group=45088805-eefe-47b3-a7d4-eed0c8ec7f0c committing pattern 15/250: [D1 P1-P2, D4 P5-P6]
2026-08-31T19:21:21.222+06:30  INFO 8652 --- [pool-2-thread-1] c.u.service.TimetableGenerationService   : ElectiveGroupCombinations: depth=2 pattern 15/250 skipped (cross-section staff conflict)
2026-08-31T19:21:21.222+06:30  INFO 8652 --- [pool-2-thread-1] c.u.service.TimetableGenerationService   : ElectiveGroupCombinations: depth=2 group=45088805-eefe-47b3-a7d4-eed0c8ec7f0c committing pattern 16/250: [D1 P1-P2, D5 P1-P2]
2026-08-31T19:21:21.222+06:30  INFO 8652 --- [pool-2-thread-1] c.u.service.TimetableGenerationService   : ElectiveGroupCombinations: depth=2 pattern 16/250 skipped (cross-section staff conflict)
2026-08-31T19:21:21.222+06:30  INFO 8652 --- [pool-2-thread-1] c.u.service.TimetableGenerationService   : ElectiveGroupCombinations: depth=2 group=45088805-eefe-47b3-a7d4-eed0c8ec7f0c committing pattern 17/250: [D1 P1-P2, D5 P2-P3]
2026-08-31T19:21:21.222+06:30  INFO 8652 --- [pool-2-thread-1] c.u.service.TimetableGenerationService   : ElectiveGroupCombinations: depth=2 pattern 17/250 skipped (cross-section staff conflict)
2026-08-31T19:21:21.222+06:30  INFO 8652 --- [pool-2-thread-1] c.u.service.TimetableGenerationService   : ElectiveGroupCombinations: depth=2 group=45088805-eefe-47b3-a7d4-eed0c8ec7f0c committing pattern 18/250: [D1 P1-P2, D5 P3-P4]
2026-08-31T19:21:21.222+06:30  INFO 8652 --- [pool-2-thread-1] c.u.service.TimetableGenerationService   : ElectiveGroupCombinations: depth=2 pattern 18/250 skipped (cross-section staff conflict)
2026-08-31T19:21:21.222+06:30  INFO 8652 --- [pool-2-thread-1] c.u.service.TimetableGenerationService   : ElectiveGroupCombinations: depth=2 group=45088805-eefe-47b3-a7d4-eed0c8ec7f0c committing pattern 19/250: [D1 P1-P2, D5 P4-P5]
2026-08-31T19:21:21.222+06:30  INFO 8652 --- [pool-2-thread-1] c.u.service.TimetableGenerationService   : ElectiveGroupCombinations: depth=2 pattern 19/250 skipped (cross-section staff conflict)
2026-08-31T19:21:21.222+06:30  INFO 8652 --- [pool-2-thread-1] c.u.service.TimetableGenerationService   : ElectiveGroupCombinations: depth=2 group=45088805-eefe-47b3-a7d4-eed0c8ec7f0c committing pattern 20/250: [D1 P1-P2, D5 P5-P6]
2026-08-31T19:21:21.222+06:30  INFO 8652 --- [pool-2-thread-1] c.u.service.TimetableGenerationService   : ElectiveGroupCombinations: depth=2 pattern 20/250 skipped (cross-section staff conflict)
2026-08-31T19:21:21.222+06:30  INFO 8652 --- [pool-2-thread-1] c.u.service.TimetableGenerationService   : ElectiveGroupCombinations: depth=2 group=45088805-eefe-47b3-a7d4-eed0c8ec7f0c committing pattern 21/250: [D1 P2-P3, D2 P1-P2]
2026-08-31T19:21:21.227+06:30  INFO 8652 --- [pool-2-thread-1] c.u.service.TimetableGenerationService   : ElectiveGroupCombinations: depth=2 pattern 21/250 skipped (cross-section staff conflict)
2026-08-31T19:21:21.227+06:30  INFO 8652 --- [pool-2-thread-1] c.u.service.TimetableGenerationService   : ElectiveGroupCombinations: depth=2 group=45088805-eefe-47b3-a7d4-eed0c8ec7f0c committing pattern 22/250: [D1 P2-P3, D2 P2-P3]
2026-08-31T19:21:21.227+06:30  INFO 8652 --- [pool-2-thread-1] c.u.service.TimetableGenerationService   : ElectiveGroupCombinations: depth=2 pattern 22/250 skipped (cross-section staff conflict)
2026-08-31T19:21:21.227+06:30  INFO 8652 --- [pool-2-thread-1] c.u.service.TimetableGenerationService   : ElectiveGroupCombinations: depth=2 group=45088805-eefe-47b3-a7d4-eed0c8ec7f0c committing pattern 23/250: [D1 P2-P3, D2 P3-P4]
2026-08-31T19:21:21.227+06:30  INFO 8652 --- [pool-2-thread-1] c.u.service.TimetableGenerationService   : ElectiveGroupCombinations: depth=2 pattern 23/250 skipped (cross-section staff conflict)
2026-08-31T19:21:21.227+06:30  INFO 8652 --- [pool-2-thread-1] c.u.service.TimetableGenerationService   : ElectiveGroupCombinations: depth=2 group=45088805-eefe-47b3-a7d4-eed0c8ec7f0c committing pattern 24/250: [D1 P2-P3, D2 P4-P5]
2026-08-31T19:21:21.227+06:30  INFO 8652 --- [pool-2-thread-1] c.u.service.TimetableGenerationService   : ElectiveGroupCombinations: depth=2 pattern 24/250 skipped (cross-section staff conflict)
2026-08-31T19:21:21.227+06:30  INFO 8652 --- [pool-2-thread-1] c.u.service.TimetableGenerationService   : ElectiveGroupCombinations: depth=2 group=45088805-eefe-47b3-a7d4-eed0c8ec7f0c committing pattern 25/250: [D1 P2-P3, D2 P5-P6]
2026-08-31T19:21:21.227+06:30  INFO 8652 --- [pool-2-thread-1] c.u.service.TimetableGenerationService   : ElectiveGroupCombinations: depth=2 pattern 25/250 skipped (cross-section staff conflict)
2026-08-31T19:21:21.227+06:30  INFO 8652 --- [pool-2-thread-1] c.u.service.TimetableGenerationService   : ElectiveGroupCombinations: depth=2 group=45088805-eefe-47b3-a7d4-eed0c8ec7f0c committing pattern 26/250: [D1 P2-P3, D3 P1-P2]
2026-08-31T19:21:21.227+06:30  INFO 8652 --- [pool-2-thread-1] c.u.service.TimetableGenerationService   : ElectiveGroupCombinations: depth=2 pattern 26/250 skipped (cross-section staff conflict)
2026-08-31T19:21:21.227+06:30  INFO 8652 --- [pool-2-thread-1] c.u.service.TimetableGenerationService   : ElectiveGroupCombinations: depth=2 group=45088805-eefe-47b3-a7d4-eed0c8ec7f0c committing pattern 27/250: [D1 P2-P3, D3 P2-P3]
2026-08-31T19:21:21.227+06:30  INFO 8652 --- [pool-2-thread-1] c.u.service.TimetableGenerationService   : ElectiveGroupCombinations: depth=2 pattern 27/250 skipped (cross-section staff conflict)
2026-08-31T19:21:21.227+06:30  INFO 8652 --- [pool-2-thread-1] c.u.service.TimetableGenerationService   : ElectiveGroupCombinations: depth=2 group=45088805-eefe-47b3-a7d4-eed0c8ec7f0c committing pattern 28/250: [D1 P2-P3, D3 P3-P4]
2026-08-31T19:21:21.227+06:30  INFO 8652 --- [pool-2-thread-1] c.u.service.TimetableGenerationService   : ElectiveGroupCombinations: depth=2 pattern 28/250 skipped (cross-section staff conflict)
2026-08-31T19:21:21.227+06:30  INFO 8652 --- [pool-2-thread-1] c.u.service.TimetableGenerationService   : ElectiveGroupCombinations: depth=2 group=45088805-eefe-47b3-a7d4-eed0c8ec7f0c committing pattern 29/250: [D1 P2-P3, D3 P4-P5]
2026-08-31T19:21:21.227+06:30  INFO 8652 --- [pool-2-thread-1] c.u.service.TimetableGenerationService   : ElectiveGroupCombinations: depth=2 pattern 29/250 skipped (cross-section staff conflict)
2026-08-31T19:21:21.227+06:30  INFO 8652 --- [pool-2-thread-1] c.u.service.TimetableGenerationService   : ElectiveGroupCombinations: depth=2 group=45088805-eefe-47b3-a7d4-eed0c8ec7f0c committing pattern 30/250: [D1 P2-P3, D3 P5-P6]
2026-08-31T19:21:21.227+06:30  INFO 8652 --- [pool-2-thread-1] c.u.service.TimetableGenerationService   : ElectiveGroupCombinations: depth=2 pattern 30/250 skipped (cross-section staff conflict)
2026-08-31T19:21:21.227+06:30  INFO 8652 --- [pool-2-thread-1] c.u.service.TimetableGenerationService   : ElectiveGroupCombinations: depth=2 group=45088805-eefe-47b3-a7d4-eed0c8ec7f0c committing pattern 31/250: [D1 P2-P3, D4 P1-P2]
2026-08-31T19:21:21.227+06:30  INFO 8652 --- [pool-2-thread-1] c.u.service.TimetableGenerationService   : ElectiveGroupCombinations: depth=2 pattern 31/250 skipped (cross-section staff conflict)
2026-08-31T19:21:21.227+06:30  INFO 8652 --- [pool-2-thread-1] c.u.service.TimetableGenerationService   : ElectiveGroupCombinations: depth=2 group=45088805-eefe-47b3-a7d4-eed0c8ec7f0c committing pattern 32/250: [D1 P2-P3, D4 P2-P3]
2026-08-31T19:21:21.227+06:30  INFO 8652 --- [pool-2-thread-1] c.u.service.TimetableGenerationService   : ElectiveGroupCombinations: depth=2 pattern 32/250 skipped (cross-section staff conflict)
2026-08-31T19:21:21.227+06:30  INFO 8652 --- [pool-2-thread-1] c.u.service.TimetableGenerationService   : ElectiveGroupCombinations: depth=2 group=45088805-eefe-47b3-a7d4-eed0c8ec7f0c committing pattern 33/250: [D1 P2-P3, D4 P3-P4]
2026-08-31T19:21:21.227+06:30  INFO 8652 --- [pool-2-thread-1] c.u.service.TimetableGenerationService   : ElectiveGroupCombinations: depth=2 pattern 33/250 skipped (cross-section staff conflict)
2026-08-31T19:21:21.227+06:30  INFO 8652 --- [pool-2-thread-1] c.u.service.TimetableGenerationService   : ElectiveGroupCombinations: depth=2 group=45088805-eefe-47b3-a7d4-eed0c8ec7f0c committing pattern 34/250: [D1 P2-P3, D4 P4-P5]
2026-08-31T19:21:21.227+06:30  INFO 8652 --- [pool-2-thread-1] c.u.service.TimetableGenerationService   : ElectiveGroupCombinations: depth=2 pattern 34/250 skipped (cross-section staff conflict)
2026-08-31T19:21:21.227+06:30  INFO 8652 --- [pool-2-thread-1] c.u.service.TimetableGenerationService   : ElectiveGroupCombinations: depth=2 group=45088805-eefe-47b3-a7d4-eed0c8ec7f0c committing pattern 35/250: [D1 P2-P3, D4 P5-P6]
2026-08-31T19:21:21.227+06:30  INFO 8652 --- [pool-2-thread-1] c.u.service.TimetableGenerationService   : ElectiveGroupCombinations: depth=2 pattern 35/250 skipped (cross-section staff conflict)
2026-08-31T19:21:21.227+06:30  INFO 8652 --- [pool-2-thread-1] c.u.service.TimetableGenerationService   : ElectiveGroupCombinations: depth=2 group=45088805-eefe-47b3-a7d4-eed0c8ec7f0c committing pattern 36/250: [D1 P2-P3, D5 P1-P2]
2026-08-31T19:21:21.227+06:30  INFO 8652 --- [pool-2-thread-1] c.u.service.TimetableGenerationService   : ElectiveGroupCombinations: depth=2 pattern 36/250 skipped (cross-section staff conflict)
2026-08-31T19:21:21.227+06:30  INFO 8652 --- [pool-2-thread-1] c.u.service.TimetableGenerationService   : ElectiveGroupCombinations: depth=2 group=45088805-eefe-47b3-a7d4-eed0c8ec7f0c committing pattern 37/250: [D1 P2-P3, D5 P2-P3]
2026-08-31T19:21:21.227+06:30  INFO 8652 --- [pool-2-thread-1] c.u.service.TimetableGenerationService   : ElectiveGroupCombinations: depth=2 pattern 37/250 skipped (cross-section staff conflict)
2026-08-31T19:21:21.227+06:30  INFO 8652 --- [pool-2-thread-1] c.u.service.TimetableGenerationService   : ElectiveGroupCombinations: depth=2 group=45088805-eefe-47b3-a7d4-eed0c8ec7f0c committing pattern 38/250: [D1 P2-P3, D5 P3-P4]
2026-08-31T19:21:21.227+06:30  INFO 8652 --- [pool-2-thread-1] c.u.service.TimetableGenerationService   : ElectiveGroupCombinations: depth=2 pattern 38/250 skipped (cross-section staff conflict)
2026-08-31T19:21:21.227+06:30  INFO 8652 --- [pool-2-thread-1] c.u.service.TimetableGenerationService   : ElectiveGroupCombinations: depth=2 group=45088805-eefe-47b3-a7d4-eed0c8ec7f0c committing pattern 39/250: [D1 P2-P3, D5 P4-P5]
2026-08-31T19:21:21.227+06:30  INFO 8652 --- [pool-2-thread-1] c.u.service.TimetableGenerationService   : ElectiveGroupCombinations: depth=2 pattern 39/250 skipped (cross-section staff conflict)
2026-08-31T19:21:21.227+06:30  INFO 8652 --- [pool-2-thread-1] c.u.service.TimetableGenerationService   : ElectiveGroupCombinations: depth=2 group=45088805-eefe-47b3-a7d4-eed0c8ec7f0c committing pattern 40/250: [D1 P2-P3, D5 P5-P6]
2026-08-31T19:21:21.227+06:30  INFO 8652 --- [pool-2-thread-1] c.u.service.TimetableGenerationService   : ElectiveGroupCombinations: depth=2 pattern 40/250 skipped (cross-section staff conflict)
2026-08-31T19:21:21.227+06:30  INFO 8652 --- [pool-2-thread-1] c.u.service.TimetableGenerationService   : ElectiveGroupCombinations: depth=2 group=45088805-eefe-47b3-a7d4-eed0c8ec7f0c committing pattern 41/250: [D1 P3-P4, D2 P1-P2]
2026-08-31T19:21:21.227+06:30  INFO 8652 --- [pool-2-thread-1] c.u.service.TimetableGenerationService   : ElectiveGroupCombinations: depth=2 pattern 41/250 skipped (cross-section staff conflict)
2026-08-31T19:21:21.227+06:30  INFO 8652 --- [pool-2-thread-1] c.u.service.TimetableGenerationService   : ElectiveGroupCombinations: depth=2 group=45088805-eefe-47b3-a7d4-eed0c8ec7f0c committing pattern 42/250: [D1 P3-P4, D2 P2-P3]
2026-08-31T19:21:21.238+06:30  INFO 8652 --- [pool-2-thread-1] c.u.service.TimetableGenerationService   : ElectiveGroupCombinations: depth=2 pattern 42/250 skipped (cross-section staff conflict)
2026-08-31T19:21:21.238+06:30  INFO 8652 --- [pool-2-thread-1] c.u.service.TimetableGenerationService   : ElectiveGroupCombinations: depth=2 group=45088805-eefe-47b3-a7d4-eed0c8ec7f0c committing pattern 43/250: [D1 P3-P4, D2 P3-P4]
2026-08-31T19:21:21.238+06:30  INFO 8652 --- [pool-2-thread-1] c.u.service.TimetableGenerationService   : ElectiveGroupCombinations: depth=2 pattern 43/250 skipped (cross-section staff conflict)
2026-08-31T19:21:21.238+06:30  INFO 8652 --- [pool-2-thread-1] c.u.service.TimetableGenerationService   : ElectiveGroupCombinations: depth=2 group=45088805-eefe-47b3-a7d4-eed0c8ec7f0c committing pattern 44/250: [D1 P3-P4, D2 P4-P5]
2026-08-31T19:21:21.238+06:30  INFO 8652 --- [pool-2-thread-1] c.u.service.TimetableGenerationService   : ElectiveGroupCombinations: depth=2 pattern 44/250 skipped (cross-section staff conflict)
2026-08-31T19:21:21.238+06:30  INFO 8652 --- [pool-2-thread-1] c.u.service.TimetableGenerationService   : ElectiveGroupCombinations: depth=2 group=45088805-eefe-47b3-a7d4-eed0c8ec7f0c committing pattern 45/250: [D1 P3-P4, D2 P5-P6]
2026-08-31T19:21:21.238+06:30  INFO 8652 --- [pool-2-thread-1] c.u.service.TimetableGenerationService   : ElectiveGroupCombinations: depth=2 pattern 45/250 skipped (cross-section staff conflict)
2026-08-31T19:21:21.238+06:30  INFO 8652 --- [pool-2-thread-1] c.u.service.TimetableGenerationService   : ElectiveGroupCombinations: depth=2 group=45088805-eefe-47b3-a7d4-eed0c8ec7f0c committing pattern 46/250: [D1 P3-P4, D3 P1-P2]
2026-08-31T19:21:21.242+06:30  INFO 8652 --- [pool-2-thread-1] c.u.service.TimetableGenerationService   : ElectiveGroupCombinations: depth=2 pattern 46/250 skipped (cross-section staff conflict)
2026-08-31T19:21:21.242+06:30  INFO 8652 --- [pool-2-thread-1] c.u.service.TimetableGenerationService   : ElectiveGroupCombinations: depth=2 group=45088805-eefe-47b3-a7d4-eed0c8ec7f0c committing pattern 47/250: [D1 P3-P4, D3 P2-P3]
2026-08-31T19:21:21.242+06:30  INFO 8652 --- [pool-2-thread-1] c.u.service.TimetableGenerationService   : ElectiveGroupCombinations: depth=2 pattern 47/250 skipped (cross-section staff conflict)
2026-08-31T19:21:21.242+06:30  INFO 8652 --- [pool-2-thread-1] c.u.service.TimetableGenerationService   : ElectiveGroupCombinations: depth=2 group=45088805-eefe-47b3-a7d4-eed0c8ec7f0c committing pattern 48/250: [D1 P3-P4, D3 P3-P4]
2026-08-31T19:21:21.242+06:30  INFO 8652 --- [pool-2-thread-1] c.u.service.TimetableGenerationService   : ElectiveGroupCombinations: depth=2 pattern 48/250 skipped (cross-section staff conflict)
2026-08-31T19:21:21.242+06:30  INFO 8652 --- [pool-2-thread-1] c.u.service.TimetableGenerationService   : ElectiveGroupCombinations: depth=2 group=45088805-eefe-47b3-a7d4-eed0c8ec7f0c committing pattern 49/250: [D1 P3-P4, D3 P4-P5]
2026-08-31T19:21:21.242+06:30  INFO 8652 --- [pool-2-thread-1] c.u.service.TimetableGenerationService   : ElectiveGroupCombinations: depth=2 pattern 49/250 skipped (cross-section staff conflict)
2026-08-31T19:21:21.242+06:30  INFO 8652 --- [pool-2-thread-1] c.u.service.TimetableGenerationService   : ElectiveGroupCombinations: depth=2 group=45088805-eefe-47b3-a7d4-eed0c8ec7f0c committing pattern 50/250: [D1 P3-P4, D3 P5-P6]
2026-08-31T19:21:21.242+06:30  INFO 8652 --- [pool-2-thread-1] c.u.service.TimetableGenerationService   : ElectiveGroupCombinations: depth=2 pattern 50/250 skipped (cross-section staff conflict)
2026-08-31T19:21:21.242+06:30  INFO 8652 --- [pool-2-thread-1] c.u.service.TimetableGenerationService   : ElectiveGroupCombinations: depth=2 group=45088805-eefe-47b3-a7d4-eed0c8ec7f0c committing pattern 51/250: [D1 P3-P4, D4 P1-P2]
2026-08-31T19:21:21.242+06:30  INFO 8652 --- [pool-2-thread-1] c.u.service.TimetableGenerationService   : ElectiveGroupCombinations: depth=2 pattern 51/250 skipped (cross-section staff conflict)
2026-08-31T19:21:21.242+06:30  INFO 8652 --- [pool-2-thread-1] c.u.service.TimetableGenerationService   : ElectiveGroupCombinations: depth=2 group=45088805-eefe-47b3-a7d4-eed0c8ec7f0c committing pattern 52/250: [D1 P3-P4, D4 P2-P3]
2026-08-31T19:21:21.242+06:30  INFO 8652 --- [pool-2-thread-1] c.u.service.TimetableGenerationService   : ElectiveGroupCombinations: depth=2 pattern 52/250 skipped (cross-section staff conflict)
2026-08-31T19:21:21.242+06:30  INFO 8652 --- [pool-2-thread-1] c.u.service.TimetableGenerationService   : ElectiveGroupCombinations: depth=2 group=45088805-eefe-47b3-a7d4-eed0c8ec7f0c committing pattern 53/250: [D1 P3-P4, D4 P3-P4]
2026-08-31T19:21:21.242+06:30  INFO 8652 --- [pool-2-thread-1] c.u.service.TimetableGenerationService   : ElectiveGroupCombinations: depth=2 pattern 53/250 skipped (cross-section staff conflict)
2026-08-31T19:21:21.242+06:30  INFO 8652 --- [pool-2-thread-1] c.u.service.TimetableGenerationService   : ElectiveGroupCombinations: depth=2 group=45088805-eefe-47b3-a7d4-eed0c8ec7f0c committing pattern 54/250: [D1 P3-P4, D4 P4-P5]
2026-08-31T19:21:21.242+06:30  INFO 8652 --- [pool-2-thread-1] c.u.service.TimetableGenerationService   : ElectiveGroupCombinations: depth=2 pattern 54/250 skipped (cross-section staff conflict)
2026-08-31T19:21:21.242+06:30  INFO 8652 --- [pool-2-thread-1] c.u.service.TimetableGenerationService   : ElectiveGroupCombinations: depth=2 group=45088805-eefe-47b3-a7d4-eed0c8ec7f0c committing pattern 55/250: [D1 P3-P4, D4 P5-P6]
2026-08-31T19:21:21.242+06:30  INFO 8652 --- [pool-2-thread-1] c.u.service.TimetableGenerationService   : ElectiveGroupCombinations: depth=2 pattern 55/250 skipped (cross-section staff conflict)
2026-08-31T19:21:21.242+06:30  INFO 8652 --- [pool-2-thread-1] c.u.service.TimetableGenerationService   : ElectiveGroupCombinations: depth=2 group=45088805-eefe-47b3-a7d4-eed0c8ec7f0c committing pattern 56/250: [D1 P3-P4, D5 P1-P2]
2026-08-31T19:21:21.242+06:30  INFO 8652 --- [pool-2-thread-1] c.u.service.TimetableGenerationService   : ElectiveGroupCombinations: depth=2 pattern 56/250 skipped (cross-section staff conflict)
2026-08-31T19:21:21.242+06:30  INFO 8652 --- [pool-2-thread-1] c.u.service.TimetableGenerationService   : ElectiveGroupCombinations: depth=2 group=45088805-eefe-47b3-a7d4-eed0c8ec7f0c committing pattern 57/250: [D1 P3-P4, D5 P2-P3]
2026-08-31T19:21:21.242+06:30  INFO 8652 --- [pool-2-thread-1] c.u.service.TimetableGenerationService   : ElectiveGroupCombinations: depth=2 pattern 57/250 skipped (cross-section staff conflict)
2026-08-31T19:21:21.242+06:30  INFO 8652 --- [pool-2-thread-1] c.u.service.TimetableGenerationService   : ElectiveGroupCombinations: depth=2 group=45088805-eefe-47b3-a7d4-eed0c8ec7f0c committing pattern 58/250: [D1 P3-P4, D5 P3-P4]
2026-08-31T19:21:21.242+06:30  INFO 8652 --- [pool-2-thread-1] c.u.service.TimetableGenerationService   : ElectiveGroupCombinations: depth=2 pattern 58/250 skipped (cross-section staff conflict)
2026-08-31T19:21:21.242+06:30  INFO 8652 --- [pool-2-thread-1] c.u.service.TimetableGenerationService   : ElectiveGroupCombinations: depth=2 group=45088805-eefe-47b3-a7d4-eed0c8ec7f0c committing pattern 59/250: [D1 P3-P4, D5 P4-P5]
2026-08-31T19:21:21.242+06:30  INFO 8652 --- [pool-2-thread-1] c.u.service.TimetableGenerationService   : ElectiveGroupCombinations: depth=2 pattern 59/250 skipped (cross-section staff conflict)
2026-08-31T19:21:21.242+06:30  INFO 8652 --- [pool-2-thread-1] c.u.service.TimetableGenerationService   : ElectiveGroupCombinations: depth=2 group=45088805-eefe-47b3-a7d4-eed0c8ec7f0c committing pattern 60/250: [D1 P3-P4, D5 P5-P6]
2026-08-31T19:21:21.242+06:30  INFO 8652 --- [pool-2-thread-1] c.u.service.TimetableGenerationService   : ElectiveGroupCombinations: depth=2 pattern 60/250 skipped (cross-section staff conflict)
2026-08-31T19:21:21.242+06:30  INFO 8652 --- [pool-2-thread-1] c.u.service.TimetableGenerationService   : ElectiveGroupCombinations: depth=2 group=45088805-eefe-47b3-a7d4-eed0c8ec7f0c committing pattern 61/250: [D1 P4-P5, D2 P1-P2]
2026-08-31T19:21:21.242+06:30  INFO 8652 --- [pool-2-thread-1] c.u.service.TimetableGenerationService   : ElectiveGroupCombinations: depth=2 pattern 61/250 skipped (cross-section staff conflict)
2026-08-31T19:21:21.242+06:30  INFO 8652 --- [pool-2-thread-1] c.u.service.TimetableGenerationService   : ElectiveGroupCombinations: depth=2 group=45088805-eefe-47b3-a7d4-eed0c8ec7f0c committing pattern 62/250: [D1 P4-P5, D2 P2-P3]
2026-08-31T19:21:21.242+06:30  INFO 8652 --- [pool-2-thread-1] c.u.service.TimetableGenerationService   : ElectiveGroupCombinations: depth=2 pattern 62/250 skipped (cross-section staff conflict)
2026-08-31T19:21:21.242+06:30  INFO 8652 --- [pool-2-thread-1] c.u.service.TimetableGenerationService   : ElectiveGroupCombinations: depth=2 group=45088805-eefe-47b3-a7d4-eed0c8ec7f0c committing pattern 63/250: [D1 P4-P5, D2 P3-P4]
2026-08-31T19:21:21.242+06:30  INFO 8652 --- [pool-2-thread-1] c.u.service.TimetableGenerationService   : ElectiveGroupCombinations: depth=2 pattern 63/250 skipped (cross-section staff conflict)
2026-08-31T19:21:21.242+06:30  INFO 8652 --- [pool-2-thread-1] c.u.service.TimetableGenerationService   : ElectiveGroupCombinations: depth=2 group=45088805-eefe-47b3-a7d4-eed0c8ec7f0c committing pattern 64/250: [D1 P4-P5, D2 P4-P5]
2026-08-31T19:21:21.242+06:30  INFO 8652 --- [pool-2-thread-1] c.u.service.TimetableGenerationService   : ElectiveGroupCombinations: depth=2 pattern 64/250 skipped (cross-section staff conflict)
2026-08-31T19:21:21.242+06:30  INFO 8652 --- [pool-2-thread-1] c.u.service.TimetableGenerationService   : ElectiveGroupCombinations: depth=2 group=45088805-eefe-47b3-a7d4-eed0c8ec7f0c committing pattern 65/250: [D1 P4-P5, D2 P5-P6]
2026-08-31T19:21:21.242+06:30  INFO 8652 --- [pool-2-thread-1] c.u.service.TimetableGenerationService   : ElectiveGroupCombinations: depth=2 pattern 65/250 skipped (cross-section staff conflict)
2026-08-31T19:21:21.242+06:30  INFO 8652 --- [pool-2-thread-1] c.u.service.TimetableGenerationService   : ElectiveGroupCombinations: depth=2 group=45088805-eefe-47b3-a7d4-eed0c8ec7f0c committing pattern 66/250: [D1 P4-P5, D3 P1-P2]
2026-08-31T19:21:21.242+06:30  INFO 8652 --- [pool-2-thread-1] c.u.service.TimetableGenerationService   : ElectiveGroupCombinations: depth=2 pattern 66/250 skipped (cross-section staff conflict)
2026-08-31T19:21:21.242+06:30  INFO 8652 --- [pool-2-thread-1] c.u.service.TimetableGenerationService   : ElectiveGroupCombinations: depth=2 group=45088805-eefe-47b3-a7d4-eed0c8ec7f0c committing pattern 67/250: [D1 P4-P5, D3 P2-P3]
2026-08-31T19:21:21.242+06:30  INFO 8652 --- [pool-2-thread-1] c.u.service.TimetableGenerationService   : ElectiveGroupCombinations: depth=2 pattern 67/250 skipped (cross-section staff conflict)
2026-08-31T19:21:21.242+06:30  INFO 8652 --- [pool-2-thread-1] c.u.service.TimetableGenerationService   : ElectiveGroupCombinations: depth=2 group=45088805-eefe-47b3-a7d4-eed0c8ec7f0c committing pattern 68/250: [D1 P4-P5, D3 P3-P4]
2026-08-31T19:21:21.254+06:30  INFO 8652 --- [pool-2-thread-1] c.u.service.TimetableGenerationService   : ElectiveGroupCombinations: depth=2 pattern 68/250 skipped (cross-section staff conflict)
2026-08-31T19:21:21.254+06:30  INFO 8652 --- [pool-2-thread-1] c.u.service.TimetableGenerationService   : ElectiveGroupCombinations: depth=2 group=45088805-eefe-47b3-a7d4-eed0c8ec7f0c committing pattern 69/250: [D1 P4-P5, D3 P4-P5]
2026-08-31T19:21:21.254+06:30  INFO 8652 --- [pool-2-thread-1] c.u.service.TimetableGenerationService   : ElectiveGroupCombinations: depth=2 pattern 69/250 skipped (cross-section staff conflict)
2026-08-31T19:21:21.254+06:30  INFO 8652 --- [pool-2-thread-1] c.u.service.TimetableGenerationService   : ElectiveGroupCombinations: depth=2 group=45088805-eefe-47b3-a7d4-eed0c8ec7f0c committing pattern 70/250: [D1 P4-P5, D3 P5-P6]
2026-08-31T19:21:21.254+06:30  INFO 8652 --- [pool-2-thread-1] c.u.service.TimetableGenerationService   : ElectiveGroupCombinations: depth=2 pattern 70/250 skipped (cross-section staff conflict)
2026-08-31T19:21:21.254+06:30  INFO 8652 --- [pool-2-thread-1] c.u.service.TimetableGenerationService   : ElectiveGroupCombinations: depth=2 group=45088805-eefe-47b3-a7d4-eed0c8ec7f0c committing pattern 71/250: [D1 P4-P5, D4 P1-P2]
2026-08-31T19:21:21.254+06:30  INFO 8652 --- [pool-2-thread-1] c.u.service.TimetableGenerationService   : ElectiveGroupCombinations: depth=2 pattern 71/250 skipped (cross-section staff conflict)
2026-08-31T19:21:21.254+06:30  INFO 8652 --- [pool-2-thread-1] c.u.service.TimetableGenerationService   : ElectiveGroupCombinations: depth=2 group=45088805-eefe-47b3-a7d4-eed0c8ec7f0c committing pattern 72/250: [D1 P4-P5, D4 P2-P3]
2026-08-31T19:21:21.254+06:30  INFO 8652 --- [pool-2-thread-1] c.u.service.TimetableGenerationService   : ElectiveGroupCombinations: depth=2 pattern 72/250 skipped (cross-section staff conflict)
2026-08-31T19:21:21.254+06:30  INFO 8652 --- [pool-2-thread-1] c.u.service.TimetableGenerationService   : ElectiveGroupCombinations: depth=2 group=45088805-eefe-47b3-a7d4-eed0c8ec7f0c committing pattern 73/250: [D1 P4-P5, D4 P3-P4]
2026-08-31T19:21:21.254+06:30  INFO 8652 --- [pool-2-thread-1] c.u.service.TimetableGenerationService   : ElectiveGroupCombinations: depth=2 pattern 73/250 skipped (cross-section staff conflict)
2026-08-31T19:21:21.254+06:30  INFO 8652 --- [pool-2-thread-1] c.u.service.TimetableGenerationService   : ElectiveGroupCombinations: depth=2 group=45088805-eefe-47b3-a7d4-eed0c8ec7f0c committing pattern 74/250: [D1 P4-P5, D4 P4-P5]
2026-08-31T19:21:21.254+06:30  INFO 8652 --- [pool-2-thread-1] c.u.service.TimetableGenerationService   : ElectiveGroupCombinations: depth=2 pattern 74/250 skipped (cross-section staff conflict)
2026-08-31T19:21:21.254+06:30  INFO 8652 --- [pool-2-thread-1] c.u.service.TimetableGenerationService   : ElectiveGroupCombinations: depth=2 group=45088805-eefe-47b3-a7d4-eed0c8ec7f0c committing pattern 75/250: [D1 P4-P5, D4 P5-P6]
2026-08-31T19:21:21.261+06:30  INFO 8652 --- [pool-2-thread-1] c.u.service.TimetableGenerationService   : ElectiveGroupCombinations: depth=2 pattern 75/250 skipped (cross-section staff conflict)
2026-08-31T19:21:21.261+06:30  INFO 8652 --- [pool-2-thread-1] c.u.service.TimetableGenerationService   : ElectiveGroupCombinations: depth=2 group=45088805-eefe-47b3-a7d4-eed0c8ec7f0c committing pattern 76/250: [D1 P4-P5, D5 P1-P2]
2026-08-31T19:21:21.261+06:30  INFO 8652 --- [pool-2-thread-1] c.u.service.TimetableGenerationService   : ElectiveGroupCombinations: depth=2 pattern 76/250 skipped (cross-section staff conflict)
2026-08-31T19:21:21.261+06:30  INFO 8652 --- [pool-2-thread-1] c.u.service.TimetableGenerationService   : ElectiveGroupCombinations: depth=2 group=45088805-eefe-47b3-a7d4-eed0c8ec7f0c committing pattern 77/250: [D1 P4-P5, D5 P2-P3]
2026-08-31T19:21:21.261+06:30  INFO 8652 --- [pool-2-thread-1] c.u.service.TimetableGenerationService   : ElectiveGroupCombinations: depth=2 pattern 77/250 skipped (cross-section staff conflict)
2026-08-31T19:21:21.261+06:30  INFO 8652 --- [pool-2-thread-1] c.u.service.TimetableGenerationService   : ElectiveGroupCombinations: depth=2 group=45088805-eefe-47b3-a7d4-eed0c8ec7f0c committing pattern 78/250: [D1 P4-P5, D5 P3-P4]
2026-08-31T19:21:21.261+06:30  INFO 8652 --- [pool-2-thread-1] c.u.service.TimetableGenerationService   : ElectiveGroupCombinations: depth=2 pattern 78/250 skipped (cross-section staff conflict)
2026-08-31T19:21:21.261+06:30  INFO 8652 --- [pool-2-thread-1] c.u.service.TimetableGenerationService   : ElectiveGroupCombinations: depth=2 group=45088805-eefe-47b3-a7d4-eed0c8ec7f0c committing pattern 79/250: [D1 P4-P5, D5 P4-P5]
2026-08-31T19:21:21.261+06:30  INFO 8652 --- [pool-2-thread-1] c.u.service.TimetableGenerationService   : ElectiveGroupCombinations: depth=2 pattern 79/250 skipped (cross-section staff conflict)
2026-08-31T19:21:21.261+06:30  INFO 8652 --- [pool-2-thread-1] c.u.service.TimetableGenerationService   : ElectiveGroupCombinations: depth=2 group=45088805-eefe-47b3-a7d4-eed0c8ec7f0c committing pattern 80/250: [D1 P4-P5, D5 P5-P6]
2026-08-31T19:21:21.261+06:30  INFO 8652 --- [pool-2-thread-1] c.u.service.TimetableGenerationService   : ElectiveGroupCombinations: depth=2 pattern 80/250 skipped (cross-section staff conflict)
2026-08-31T19:21:21.261+06:30  INFO 8652 --- [pool-2-thread-1] c.u.service.TimetableGenerationService   : ElectiveGroupCombinations: depth=2 group=45088805-eefe-47b3-a7d4-eed0c8ec7f0c committing pattern 81/250: [D1 P5-P6, D2 P1-P2]
2026-08-31T19:21:21.261+06:30  INFO 8652 --- [pool-2-thread-1] c.u.service.TimetableGenerationService   : ElectiveGroupCombinations: depth=2 pattern 81/250 skipped (cross-section staff conflict)
2026-08-31T19:21:21.261+06:30  INFO 8652 --- [pool-2-thread-1] c.u.service.TimetableGenerationService   : ElectiveGroupCombinations: depth=2 group=45088805-eefe-47b3-a7d4-eed0c8ec7f0c committing pattern 82/250: [D1 P5-P6, D2 P2-P3]
2026-08-31T19:21:21.261+06:30  INFO 8652 --- [pool-2-thread-1] c.u.service.TimetableGenerationService   : ElectiveGroupCombinations: depth=2 pattern 82/250 skipped (cross-section staff conflict)
2026-08-31T19:21:21.261+06:30  INFO 8652 --- [pool-2-thread-1] c.u.service.TimetableGenerationService   : ElectiveGroupCombinations: depth=2 group=45088805-eefe-47b3-a7d4-eed0c8ec7f0c committing pattern 83/250: [D1 P5-P6, D2 P3-P4]
2026-08-31T19:21:21.261+06:30  INFO 8652 --- [pool-2-thread-1] c.u.service.TimetableGenerationService   : ElectiveGroupCombinations: depth=2 pattern 83/250 skipped (cross-section staff conflict)
2026-08-31T19:21:21.261+06:30  INFO 8652 --- [pool-2-thread-1] c.u.service.TimetableGenerationService   : ElectiveGroupCombinations: depth=2 group=45088805-eefe-47b3-a7d4-eed0c8ec7f0c committing pattern 84/250: [D1 P5-P6, D2 P4-P5]
2026-08-31T19:21:21.261+06:30  INFO 8652 --- [pool-2-thread-1] c.u.service.TimetableGenerationService   : ElectiveGroupCombinations: depth=2 pattern 84/250 skipped (cross-section staff conflict)
2026-08-31T19:21:21.261+06:30  INFO 8652 --- [pool-2-thread-1] c.u.service.TimetableGenerationService   : ElectiveGroupCombinations: depth=2 group=45088805-eefe-47b3-a7d4-eed0c8ec7f0c committing pattern 85/250: [D1 P5-P6, D2 P5-P6]
2026-08-31T19:21:23.426+06:30 DEBUG 8652 --- [io-8090-exec-10] o.s.security.web.FilterChainProxy        : Securing GET /api/generations/dc71b521-06a1-4a63-8eaa-99eab3d4720e
2026-08-31T19:21:23.426+06:30 DEBUG 8652 --- [io-8090-exec-10] o.s.security.web.FilterChainProxy        : Secured GET /api/generations/dc71b521-06a1-4a63-8eaa-99eab3d4720e
2026-08-31T19:21:28.980+06:30 DEBUG 8652 --- [nio-8090-exec-5] o.s.security.web.FilterChainProxy        : Securing GET /api/generations/dc71b521-06a1-4a63-8eaa-99eab3d4720e
2026-08-31T19:21:28.982+06:30 DEBUG 8652 --- [nio-8090-exec-5] o.s.security.web.FilterChainProxy        : Secured GET /api/generations/dc71b521-06a1-4a63-8eaa-99eab3d4720e
2026-08-31T19:21:32.180+06:30  INFO 8652 --- [pool-2-thread-1] c.u.service.TimetableGenerationService   : ElectiveGroupCombinations: Main solver SOLVED (depth=3)
2026-08-31T19:21:32.180+06:30  INFO 8652 --- [pool-2-thread-1] c.u.service.TimetableGenerationService   : ElectiveGroupCombinations: depth=2 pattern 85/250 SUCCEEDED
2026-08-31T19:21:32.180+06:30  INFO 8652 --- [pool-2-thread-1] c.u.service.TimetableGenerationService   : ElectiveGroupCombinations: depth=1 pattern 43/250 SUCCEEDED
2026-08-31T19:21:32.180+06:30  INFO 8652 --- [pool-2-thread-1] c.u.service.TimetableGenerationService   : ElectiveGroupCombinations: depth=0 pattern 1/250 SUCCEEDED
2026-08-31T19:21:32.182+06:30  INFO 8652 --- [pool-2-thread-1] c.u.service.TimetableGenerationService   : Timetable generated: 80 schedules for generation dc71b521-06a1-4a63-8eaa-99eab3d4720e (examType=null)
2026-08-31T19:21:34.602+06:30 DEBUG 8652 --- [nio-8090-exec-3] o.s.security.web.FilterChainProxy        : Securing GET /api/generations/dc71b521-06a1-4a63-8eaa-99eab3d4720e
2026-08-31T19:21:34.604+06:30 DEBUG 8652 --- [nio-8090-exec-3] o.s.security.web.FilterChainProxy        : Secured GET /api/generations/dc71b521-06a1-4a63-8eaa-99eab3d4720e
2026-08-31T19:21:40.477+06:30 DEBUG 8652 --- [nio-8090-exec-2] o.s.security.web.FilterChainProxy        : Securing GET /api/generations/dc71b521-06a1-4a63-8eaa-99eab3d4720e
2026-08-31T19:21:40.477+06:30 DEBUG 8652 --- [nio-8090-exec-2] o.s.security.web.FilterChainProxy        : Secured GET /api/generations/dc71b521-06a1-4a63-8eaa-99eab3d4720e
2026-08-31T19:21:46.597+06:30 DEBUG 8652 --- [nio-8090-exec-4] o.s.security.web.FilterChainProxy        : Securing GET /api/generations/dc71b521-06a1-4a63-8eaa-99eab3d4720e
2026-08-31T19:21:46.597+06:30 DEBUG 8652 --- [nio-8090-exec-4] o.s.security.web.FilterChainProxy        : Secured GET /api/generations/dc71b521-06a1-4a63-8eaa-99eab3d4720e
2026-08-31T19:21:49.570+06:30 DEBUG 8652 --- [nio-8090-exec-7] o.s.security.web.FilterChainProxy        : Securing GET /api/generations/dc71b521-06a1-4a63-8eaa-99eab3d4720e/schedules
2026-08-31T19:21:49.570+06:30 DEBUG 8652 --- [nio-8090-exec-7] o.s.security.web.FilterChainProxy        : Secured GET /api/generations/dc71b521-06a1-4a63-8eaa-99eab3d4720e/schedules
2026-08-31T19:21:55.496+06:30 DEBUG 8652 --- [nio-8090-exec-1] o.s.security.web.FilterChainProxy        : Securing POST /api/generations/dc71b521-06a1-4a63-8eaa-99eab3d4720e/publish
2026-08-31T19:21:55.496+06:30 DEBUG 8652 --- [nio-8090-exec-1] o.s.security.web.FilterChainProxy        : Secured POST /api/generations/dc71b521-06a1-4a63-8eaa-99eab3d4720e/publish
2026-08-31T19:22:12.562+06:30 DEBUG 8652 --- [io-8090-exec-10] o.s.security.web.FilterChainProxy        : Securing GET /api/generations/d8ed8796-8623-4e5c-9bb3-ffdbdaf09867/lock
2026-08-31T19:22:12.562+06:30 DEBUG 8652 --- [io-8090-exec-10] o.s.security.web.FilterChainProxy        : Secured GET /api/generations/d8ed8796-8623-4e5c-9bb3-ffdbdaf09867/lock
2026-08-31T19:22:13.026+06:30 DEBUG 8652 --- [nio-8090-exec-5] o.s.security.web.FilterChainProxy        : Securing POST /api/generations/d8ed8796-8623-4e5c-9bb3-ffdbdaf09867/lock
2026-08-31T19:22:13.026+06:30 DEBUG 8652 --- [nio-8090-exec-5] o.s.security.web.FilterChainProxy        : Secured POST /api/generations/d8ed8796-8623-4e5c-9bb3-ffdbdaf09867/lock
2026-08-31T19:23:12.676+06:30 DEBUG 8652 --- [nio-8090-exec-4] o.s.security.web.FilterChainProxy        : Securing GET /api/users
2026-08-31T19:23:12.696+06:30 DEBUG 8652 --- [nio-8090-exec-4] o.s.security.web.FilterChainProxy        : Secured GET /api/users
2026-08-31T19:23:12.868+06:30 DEBUG 8652 --- [nio-8090-exec-7] o.s.security.web.FilterChainProxy        : Securing GET /api/generations/d8ed8796-8623-4e5c-9bb3-ffdbdaf09867/lock
2026-08-31T19:23:12.868+06:30 DEBUG 8652 --- [nio-8090-exec-1] o.s.security.web.FilterChainProxy        : Securing GET /api/students
2026-08-31T19:23:12.871+06:30 DEBUG 8652 --- [nio-8090-exec-6] o.s.security.web.FilterChainProxy        : Securing GET /api/staff
2026-08-31T19:23:12.871+06:30 DEBUG 8652 --- [nio-8090-exec-7] o.s.security.web.FilterChainProxy        : Secured GET /api/generations/d8ed8796-8623-4e5c-9bb3-ffdbdaf09867/lock
2026-08-31T19:23:12.876+06:30 DEBUG 8652 --- [nio-8090-exec-1] o.s.security.web.FilterChainProxy        : Secured GET /api/students
2026-08-31T19:23:12.881+06:30 DEBUG 8652 --- [nio-8090-exec-6] o.s.security.web.FilterChainProxy        : Secured GET /api/staff
2026-08-31T19:23:13.260+06:30 DEBUG 8652 --- [nio-8090-exec-8] o.s.security.web.FilterChainProxy        : Securing POST /api/generations/d8ed8796-8623-4e5c-9bb3-ffdbdaf09867/lock
2026-08-31T19:23:13.267+06:30 DEBUG 8652 --- [nio-8090-exec-8] o.s.security.web.FilterChainProxy        : Secured POST /api/generations/d8ed8796-8623-4e5c-9bb3-ffdbdaf09867/lock
2026-08-31T19:24:12.669+06:30 DEBUG 8652 --- [nio-8090-exec-2] o.s.security.web.FilterChainProxy        : Securing GET /api/generations/d8ed8796-8623-4e5c-9bb3-ffdbdaf09867/lock
2026-08-31T19:24:12.681+06:30 DEBUG 8652 --- [nio-8090-exec-2] o.s.security.web.FilterChainProxy        : Secured GET /api/generations/d8ed8796-8623-4e5c-9bb3-ffdbdaf09867/lock
2026-08-31T19:24:12.942+06:30 DEBUG 8652 --- [nio-8090-exec-5] o.s.security.web.FilterChainProxy        : Securing POST /api/generations/d8ed8796-8623-4e5c-9bb3-ffdbdaf09867/lock
2026-08-31T19:24:12.942+06:30 DEBUG 8652 --- [nio-8090-exec-5] o.s.security.web.FilterChainProxy        : Secured POST /api/generations/d8ed8796-8623-4e5c-9bb3-ffdbdaf09867/lock
